admin_level,code,name
level1,001001001,Taplejung
level1,001001009,Sankhuwasabha
level1,001001011,Solukhumbu
level1,001002002,Panchthar
level1,001002003,Ilam
level1,001002007,Dhankuta
level1,001002008,Terhathum
level1,001002010,Bhojpur
level1,001002012,Okhaldhunga
level1,001002013,Khotang
level1,001002014,Udayapur
level1,001003004,Jhapa
level1,001003005,Morang
level1,001003006,Sunsari
level1,001003015,Saptari
level1,001003016,Siraha
level1,002004022,Dolakha
level1,002004023,Sindhupalchoke
level1,002004029,Rasuwa
level1,002005020,Sindhuli
level1,002005021,Ramechhap
level1,002005024,Kavre
level1,002005025,Lalitpur
level1,002005026,Bhaktapur
level1,002005027,Kathmandu
level1,002005028,Nuwakot
level1,002005030,Dhading
level1,002005031,Makwanpur
level1,002006017,Dhanusa
level1,002006018,Mahotari
level1,002006019,Sarlahi
level1,002006032,Rautahat
level1,002006033,Bara
level1,002006034,Parsa
level1,002006035,Chitawan
level1,003007041,Manang
level1,003007042,Mustang
level1,003008036,Gorkha
level1,003008037,Lamjung
level1,003008038,Tanahu
level1,003008039,Syangja
level1,003008040,Kaski
level1,003008043,Myagdi
level1,003008044,Parbat
level1,003008045,Baglung
level1,003008046,Gulmi
level1,003008047,Palpa
level1,003008051,Arghakanchi
level1,003009048,Nawalparasi
level1,003009049,Rupandehi
level1,003009050,Kapilbastu
level1,004010062,Dolpa
level1,004010063,Jumla
level1,004010064,Kalikot
level1,004010065,Mugu
level1,004010066,Humla
level1,004011052,Pyuthan
level1,004011053,Rolpa
level1,004011054,Rukum
level1,004011055,Salyan
level1,004011059,Surkhet
level1,004011060,Dailekh
level1,004011061,Jajarkot
level1,004012056,Dang
level1,004012057,Banke
level1,004012058,Bardiya
level1,005013067,Bajura
level1,005013068,Bajhang
level1,005013075,Darchula
level1,005014069,Achham
level1,005014070,Doti
level1,005014073,Dadeldhura
level1,005014074,Baitadi
level1,005015071,Kailali
level1,005015072,Kanchanpur
level2_code_but_district_name1,001001001001,Taplejung
level2_code_but_district_name1,001001001002,Taplejung
level2_code_but_district_name1,001001001003,Taplejung
level2_code_but_district_name1,001001001004,Taplejung
level2_code_but_district_name1,001001001005,Taplejung
level2_code_but_district_name1,001001001006,Taplejung
level2_code_but_district_name1,001001001007,Taplejung
level2_code_but_district_name1,001001001009,Taplejung
level2_code_but_district_name1,001001001010,Taplejung
level2_code_but_district_name1,001001001011,Taplejung
level2_code_but_district_name1,001001001012,Taplejung
level2_code_but_district_name1,001001001013,Taplejung
level2_code_but_district_name1,001001001014,Taplejung
level2_code_but_district_name1,001001001015,Taplejung
level2_code_but_district_name1,001001001016,Taplejung
level2_code_but_district_name1,001001001017,Taplejung
level2_code_but_district_name1,001001001018,Taplejung
level2_code_but_district_name1,001001001019,Taplejung
level2_code_but_district_name1,001001001020,Taplejung
level2_code_but_district_name1,001001001022,Taplejung
level2_code_but_district_name1,001001001023,Taplejung
level2_code_but_district_name1,001001001024,Taplejung
level2_code_but_district_name1,001001001025,Taplejung
level2_code_but_district_name1,001001001026,Taplejung
level2_code_but_district_name1,001001001027,Taplejung
level2_code_but_district_name1,001001001028,Taplejung
level2_code_but_district_name1,001001001029,Taplejung
level2_code_but_district_name1,001001001030,Taplejung
level2_code_but_district_name1,001001001031,Taplejung
level2_code_but_district_name1,001001001032,Taplejung
level2_code_but_district_name1,001001001033,Taplejung
level2_code_but_district_name1,001001001034,Taplejung
level2_code_but_district_name1,001001001035,Taplejung
level2_code_but_district_name1,001001001036,Taplejung
level2_code_but_district_name1,001001001037,Taplejung
level2_code_but_district_name1,001001001038,Taplejung
level2_code_but_district_name1,001001001039,Taplejung
level2_code_but_district_name1,001001001040,Taplejung
level2_code_but_district_name1,001001001041,Taplejung
level2_code_but_district_name1,001001001042,Taplejung
level2_code_but_district_name1,001001001043,Taplejung
level2_code_but_district_name1,001001001044,Taplejung
level2_code_but_district_name1,001001001045,Taplejung
level2_code_but_district_name1,001001001046,Taplejung
level2_code_but_district_name1,001001001047,Taplejung
level2_code_but_district_name1,001001001048,Taplejung
level2_code_but_district_name1,001001001049,Taplejung
level2_code_but_district_name1,001001001050,Taplejung
level2_code_but_district_name1,001001009001,Sankhuwasabha
level2_code_but_district_name1,001001009002,Sankhuwasabha
level2_code_but_district_name1,001001009003,Sankhuwasabha
level2_code_but_district_name1,001001009004,Sankhuwasabha
level2_code_but_district_name1,001001009005,Sankhuwasabha
level2_code_but_district_name1,001001009006,Sankhuwasabha
level2_code_but_district_name1,001001009007,Sankhuwasabha
level2_code_but_district_name1,001001009008,Sankhuwasabha
level2_code_but_district_name1,001001009009,Sankhuwasabha
level2_code_but_district_name1,001001009010,Sankhuwasabha
level2_code_but_district_name1,001001009011,Sankhuwasabha
level2_code_but_district_name1,001001009012,Sankhuwasabha
level2_code_but_district_name1,001001009013,Sankhuwasabha
level2_code_but_district_name1,001001009014,Sankhuwasabha
level2_code_but_district_name1,001001009015,Sankhuwasabha
level2_code_but_district_name1,001001009016,Sankhuwasabha
level2_code_but_district_name1,001001009017,Sankhuwasabha
level2_code_but_district_name1,001001009018,Sankhuwasabha
level2_code_but_district_name1,001001009019,Sankhuwasabha
level2_code_but_district_name1,001001009020,Sankhuwasabha
level2_code_but_district_name1,001001009021,Sankhuwasabha
level2_code_but_district_name1,001001009022,Sankhuwasabha
level2_code_but_district_name1,001001009023,Sankhuwasabha
level2_code_but_district_name1,001001009024,Sankhuwasabha
level2_code_but_district_name1,001001009025,Sankhuwasabha
level2_code_but_district_name1,001001009026,Sankhuwasabha
level2_code_but_district_name1,001001009027,Sankhuwasabha
level2_code_but_district_name1,001001009028,Sankhuwasabha
level2_code_but_district_name1,001001009029,Sankhuwasabha
level2_code_but_district_name1,001001009030,Sankhuwasabha
level2_code_but_district_name1,001001009031,Sankhuwasabha
level2_code_but_district_name1,001001009032,Sankhuwasabha
level2_code_but_district_name1,001001009033,Sankhuwasabha
level2_code_but_district_name1,001001009034,Sankhuwasabha
level2_code_but_district_name1,001001011001,Solukhumbu
level2_code_but_district_name1,001001011002,Solukhumbu
level2_code_but_district_name1,001001011003,Solukhumbu
level2_code_but_district_name1,001001011004,Solukhumbu
level2_code_but_district_name1,001001011005,Solukhumbu
level2_code_but_district_name1,001001011006,Solukhumbu
level2_code_but_district_name1,001001011007,Solukhumbu
level2_code_but_district_name1,001001011009,Solukhumbu
level2_code_but_district_name1,001001011010,Solukhumbu
level2_code_but_district_name1,001001011012,Solukhumbu
level2_code_but_district_name1,001001011013,Solukhumbu
level2_code_but_district_name1,001001011014,Solukhumbu
level2_code_but_district_name1,001001011015,Solukhumbu
level2_code_but_district_name1,001001011016,Solukhumbu
level2_code_but_district_name1,001001011017,Solukhumbu
level2_code_but_district_name1,001001011018,Solukhumbu
level2_code_but_district_name1,001001011019,Solukhumbu
level2_code_but_district_name1,001001011020,Solukhumbu
level2_code_but_district_name1,001001011021,Solukhumbu
level2_code_but_district_name1,001001011022,Solukhumbu
level2_code_but_district_name1,001001011023,Solukhumbu
level2_code_but_district_name1,001001011024,Solukhumbu
level2_code_but_district_name1,001001011025,Solukhumbu
level2_code_but_district_name1,001001011027,Solukhumbu
level2_code_but_district_name1,001001011028,Solukhumbu
level2_code_but_district_name1,001001011029,Solukhumbu
level2_code_but_district_name1,001001011030,Solukhumbu
level2_code_but_district_name1,001001011031,Solukhumbu
level2_code_but_district_name1,001001011032,Solukhumbu
level2_code_but_district_name1,001001011033,Solukhumbu
level2_code_but_district_name1,001001011034,Solukhumbu
level2_code_but_district_name1,001002002001,Panchthar
level2_code_but_district_name1,001002002002,Panchthar
level2_code_but_district_name1,001002002003,Panchthar
level2_code_but_district_name1,001002002004,Panchthar
level2_code_but_district_name1,001002002005,Panchthar
level2_code_but_district_name1,001002002006,Panchthar
level2_code_but_district_name1,001002002007,Panchthar
level2_code_but_district_name1,001002002008,Panchthar
level2_code_but_district_name1,001002002009,Panchthar
level2_code_but_district_name1,001002002010,Panchthar
level2_code_but_district_name1,001002002011,Panchthar
level2_code_but_district_name1,001002002012,Panchthar
level2_code_but_district_name1,001002002013,Panchthar
level2_code_but_district_name1,001002002014,Panchthar
level2_code_but_district_name1,001002002015,Panchthar
level2_code_but_district_name1,001002002017,Panchthar
level2_code_but_district_name1,001002002019,Panchthar
level2_code_but_district_name1,001002002020,Panchthar
level2_code_but_district_name1,001002002021,Panchthar
level2_code_but_district_name1,001002002022,Panchthar
level2_code_but_district_name1,001002002023,Panchthar
level2_code_but_district_name1,001002002025,Panchthar
level2_code_but_district_name1,001002002026,Panchthar
level2_code_but_district_name1,001002002027,Panchthar
level2_code_but_district_name1,001002002028,Panchthar
level2_code_but_district_name1,001002002029,Panchthar
level2_code_but_district_name1,001002002030,Panchthar
level2_code_but_district_name1,001002002031,Panchthar
level2_code_but_district_name1,001002002032,Panchthar
level2_code_but_district_name1,001002002033,Panchthar
level2_code_but_district_name1,001002002034,Panchthar
level2_code_but_district_name1,001002002035,Panchthar
level2_code_but_district_name1,001002002036,Panchthar
level2_code_but_district_name1,001002002037,Panchthar
level2_code_but_district_name1,001002002038,Panchthar
level2_code_but_district_name1,001002002039,Panchthar
level2_code_but_district_name1,001002002040,Panchthar
level2_code_but_district_name1,001002002041,Panchthar
level2_code_but_district_name1,001002002042,Panchthar
level2_code_but_district_name1,001002003001,Ilam
level2_code_but_district_name1,001002003002,Ilam
level2_code_but_district_name1,001002003003,Ilam
level2_code_but_district_name1,001002003004,Ilam
level2_code_but_district_name1,001002003005,Ilam
level2_code_but_district_name1,001002003006,Ilam
level2_code_but_district_name1,001002003007,Ilam
level2_code_but_district_name1,001002003008,Ilam
level2_code_but_district_name1,001002003009,Ilam
level2_code_but_district_name1,001002003010,Ilam
level2_code_but_district_name1,001002003011,Ilam
level2_code_but_district_name1,001002003013,Ilam
level2_code_but_district_name1,001002003014,Ilam
level2_code_but_district_name1,001002003015,Ilam
level2_code_but_district_name1,001002003016,Ilam
level2_code_but_district_name1,001002003018,Ilam
level2_code_but_district_name1,001002003019,Ilam
level2_code_but_district_name1,001002003020,Ilam
level2_code_but_district_name1,001002003021,Ilam
level2_code_but_district_name1,001002003022,Ilam
level2_code_but_district_name1,001002003023,Ilam
level2_code_but_district_name1,001002003024,Ilam
level2_code_but_district_name1,001002003025,Ilam
level2_code_but_district_name1,001002003026,Ilam
level2_code_but_district_name1,001002003027,Ilam
level2_code_but_district_name1,001002003028,Ilam
level2_code_but_district_name1,001002003029,Ilam
level2_code_but_district_name1,001002003030,Ilam
level2_code_but_district_name1,001002003031,Ilam
level2_code_but_district_name1,001002003032,Ilam
level2_code_but_district_name1,001002003033,Ilam
level2_code_but_district_name1,001002003034,Ilam
level2_code_but_district_name1,001002003035,Ilam
level2_code_but_district_name1,001002003036,Ilam
level2_code_but_district_name1,001002003037,Ilam
level2_code_but_district_name1,001002003038,Ilam
level2_code_but_district_name1,001002003039,Ilam
level2_code_but_district_name1,001002003040,Ilam
level2_code_but_district_name1,001002003041,Ilam
level2_code_but_district_name1,001002003042,Ilam
level2_code_but_district_name1,001002003043,Ilam
level2_code_but_district_name1,001002003044,Ilam
level2_code_but_district_name1,001002003045,Ilam
level2_code_but_district_name1,001002003047,Ilam
level2_code_but_district_name1,001002003048,Ilam
level2_code_but_district_name1,001002007001,Dhankuta
level2_code_but_district_name1,001002007002,Dhankuta
level2_code_but_district_name1,001002007003,Dhankuta
level2_code_but_district_name1,001002007004,Dhankuta
level2_code_but_district_name1,001002007005,Dhankuta
level2_code_but_district_name1,001002007006,Dhankuta
level2_code_but_district_name1,001002007007,Dhankuta
level2_code_but_district_name1,001002007008,Dhankuta
level2_code_but_district_name1,001002007009,Dhankuta
level2_code_but_district_name1,001002007010,Dhankuta
level2_code_but_district_name1,001002007011,Dhankuta
level2_code_but_district_name1,001002007012,Dhankuta
level2_code_but_district_name1,001002007013,Dhankuta
level2_code_but_district_name1,001002007014,Dhankuta
level2_code_but_district_name1,001002007015,Dhankuta
level2_code_but_district_name1,001002007016,Dhankuta
level2_code_but_district_name1,001002007017,Dhankuta
level2_code_but_district_name1,001002007018,Dhankuta
level2_code_but_district_name1,001002007019,Dhankuta
level2_code_but_district_name1,001002007020,Dhankuta
level2_code_but_district_name1,001002007021,Dhankuta
level2_code_but_district_name1,001002007022,Dhankuta
level2_code_but_district_name1,001002007023,Dhankuta
level2_code_but_district_name1,001002007024,Dhankuta
level2_code_but_district_name1,001002007025,Dhankuta
level2_code_but_district_name1,001002007026,Dhankuta
level2_code_but_district_name1,001002007027,Dhankuta
level2_code_but_district_name1,001002007028,Dhankuta
level2_code_but_district_name1,001002007029,Dhankuta
level2_code_but_district_name1,001002007030,Dhankuta
level2_code_but_district_name1,001002007031,Dhankuta
level2_code_but_district_name1,001002007032,Dhankuta
level2_code_but_district_name1,001002007033,Dhankuta
level2_code_but_district_name1,001002007034,Dhankuta
level2_code_but_district_name1,001002007036,Dhankuta
level2_code_but_district_name1,001002008001,Terhathum
level2_code_but_district_name1,001002008002,Terhathum
level2_code_but_district_name1,001002008003,Terhathum
level2_code_but_district_name1,001002008004,Terhathum
level2_code_but_district_name1,001002008005,Terhathum
level2_code_but_district_name1,001002008006,Terhathum
level2_code_but_district_name1,001002008007,Terhathum
level2_code_but_district_name1,001002008008,Terhathum
level2_code_but_district_name1,001002008009,Terhathum
level2_code_but_district_name1,001002008010,Terhathum
level2_code_but_district_name1,001002008011,Terhathum
level2_code_but_district_name1,001002008013,Terhathum
level2_code_but_district_name1,001002008014,Terhathum
level2_code_but_district_name1,001002008015,Terhathum
level2_code_but_district_name1,001002008016,Terhathum
level2_code_but_district_name1,001002008018,Terhathum
level2_code_but_district_name1,001002008019,Terhathum
level2_code_but_district_name1,001002008020,Terhathum
level2_code_but_district_name1,001002008021,Terhathum
level2_code_but_district_name1,001002008022,Terhathum
level2_code_but_district_name1,001002008023,Terhathum
level2_code_but_district_name1,001002008024,Terhathum
level2_code_but_district_name1,001002008025,Terhathum
level2_code_but_district_name1,001002008026,Terhathum
level2_code_but_district_name1,001002008027,Terhathum
level2_code_but_district_name1,001002008028,Terhathum
level2_code_but_district_name1,001002008029,Terhathum
level2_code_but_district_name1,001002008030,Terhathum
level2_code_but_district_name1,001002008031,Terhathum
level2_code_but_district_name1,001002008032,Terhathum
level2_code_but_district_name1,001002010001,Bhojpur
level2_code_but_district_name1,001002010002,Bhojpur
level2_code_but_district_name1,001002010003,Bhojpur
level2_code_but_district_name1,001002010004,Bhojpur
level2_code_but_district_name1,001002010007,Bhojpur
level2_code_but_district_name1,001002010008,Bhojpur
level2_code_but_district_name1,001002010009,Bhojpur
level2_code_but_district_name1,001002010010,Bhojpur
level2_code_but_district_name1,001002010011,Bhojpur
level2_code_but_district_name1,001002010012,Bhojpur
level2_code_but_district_name1,001002010014,Bhojpur
level2_code_but_district_name1,001002010015,Bhojpur
level2_code_but_district_name1,001002010016,Bhojpur
level2_code_but_district_name1,001002010017,Bhojpur
level2_code_but_district_name1,001002010019,Bhojpur
level2_code_but_district_name1,001002010020,Bhojpur
level2_code_but_district_name1,001002010021,Bhojpur
level2_code_but_district_name1,001002010022,Bhojpur
level2_code_but_district_name1,001002010023,Bhojpur
level2_code_but_district_name1,001002010024,Bhojpur
level2_code_but_district_name1,001002010025,Bhojpur
level2_code_but_district_name1,001002010026,Bhojpur
level2_code_but_district_name1,001002010027,Bhojpur
level2_code_but_district_name1,001002010028,Bhojpur
level2_code_but_district_name1,001002010029,Bhojpur
level2_code_but_district_name1,001002010030,Bhojpur
level2_code_but_district_name1,001002010031,Bhojpur
level2_code_but_district_name1,001002010032,Bhojpur
level2_code_but_district_name1,001002010033,Bhojpur
level2_code_but_district_name1,001002010035,Bhojpur
level2_code_but_district_name1,001002010036,Bhojpur
level2_code_but_district_name1,001002010037,Bhojpur
level2_code_but_district_name1,001002010038,Bhojpur
level2_code_but_district_name1,001002010040,Bhojpur
level2_code_but_district_name1,001002010042,Bhojpur
level2_code_but_district_name1,001002010044,Bhojpur
level2_code_but_district_name1,001002010045,Bhojpur
level2_code_but_district_name1,001002010047,Bhojpur
level2_code_but_district_name1,001002010048,Bhojpur
level2_code_but_district_name1,001002010049,Bhojpur
level2_code_but_district_name1,001002010050,Bhojpur
level2_code_but_district_name1,001002010051,Bhojpur
level2_code_but_district_name1,001002010052,Bhojpur
level2_code_but_district_name1,001002010054,Bhojpur
level2_code_but_district_name1,001002010056,Bhojpur
level2_code_but_district_name1,001002010057,Bhojpur
level2_code_but_district_name1,001002010058,Bhojpur
level2_code_but_district_name1,001002010060,Bhojpur
level2_code_but_district_name1,001002010061,Bhojpur
level2_code_but_district_name1,001002010063,Bhojpur
level2_code_but_district_name1,001002012001,Okhaldhunga
level2_code_but_district_name1,001002012002,Okhaldhunga
level2_code_but_district_name1,001002012003,Okhaldhunga
level2_code_but_district_name1,001002012004,Okhaldhunga
level2_code_but_district_name1,001002012005,Okhaldhunga
level2_code_but_district_name1,001002012006,Okhaldhunga
level2_code_but_district_name1,001002012007,Okhaldhunga
level2_code_but_district_name1,001002012008,Okhaldhunga
level2_code_but_district_name1,001002012009,Okhaldhunga
level2_code_but_district_name1,001002012010,Okhaldhunga
level2_code_but_district_name1,001002012011,Okhaldhunga
level2_code_but_district_name1,001002012013,Okhaldhunga
level2_code_but_district_name1,001002012014,Okhaldhunga
level2_code_but_district_name1,001002012015,Okhaldhunga
level2_code_but_district_name1,001002012016,Okhaldhunga
level2_code_but_district_name1,001002012017,Okhaldhunga
level2_code_but_district_name1,001002012018,Okhaldhunga
level2_code_but_district_name1,001002012019,Okhaldhunga
level2_code_but_district_name1,001002012020,Okhaldhunga
level2_code_but_district_name1,001002012021,Okhaldhunga
level2_code_but_district_name1,001002012022,Okhaldhunga
level2_code_but_district_name1,001002012023,Okhaldhunga
level2_code_but_district_name1,001002012024,Okhaldhunga
level2_code_but_district_name1,001002012026,Okhaldhunga
level2_code_but_district_name1,001002012027,Okhaldhunga
level2_code_but_district_name1,001002012028,Okhaldhunga
level2_code_but_district_name1,001002012029,Okhaldhunga
level2_code_but_district_name1,001002012030,Okhaldhunga
level2_code_but_district_name1,001002012031,Okhaldhunga
level2_code_but_district_name1,001002012033,Okhaldhunga
level2_code_but_district_name1,001002012034,Okhaldhunga
level2_code_but_district_name1,001002012036,Okhaldhunga
level2_code_but_district_name1,001002012037,Okhaldhunga
level2_code_but_district_name1,001002012038,Okhaldhunga
level2_code_but_district_name1,001002012042,Okhaldhunga
level2_code_but_district_name1,001002012043,Okhaldhunga
level2_code_but_district_name1,001002012044,Okhaldhunga
level2_code_but_district_name1,001002012045,Okhaldhunga
level2_code_but_district_name1,001002012046,Okhaldhunga
level2_code_but_district_name1,001002012047,Okhaldhunga
level2_code_but_district_name1,001002012048,Okhaldhunga
level2_code_but_district_name1,001002012049,Okhaldhunga
level2_code_but_district_name1,001002012050,Okhaldhunga
level2_code_but_district_name1,001002012051,Okhaldhunga
level2_code_but_district_name1,001002012052,Okhaldhunga
level2_code_but_district_name1,001002012054,Okhaldhunga
level2_code_but_district_name1,001002012055,Okhaldhunga
level2_code_but_district_name1,001002012056,Okhaldhunga
level2_code_but_district_name1,001002013001,Khotang
level2_code_but_district_name1,001002013002,Khotang
level2_code_but_district_name1,001002013003,Khotang
level2_code_but_district_name1,001002013005,Khotang
level2_code_but_district_name1,001002013006,Khotang
level2_code_but_district_name1,001002013007,Khotang
level2_code_but_district_name1,001002013008,Khotang
level2_code_but_district_name1,001002013009,Khotang
level2_code_but_district_name1,001002013010,Khotang
level2_code_but_district_name1,001002013011,Khotang
level2_code_but_district_name1,001002013012,Khotang
level2_code_but_district_name1,001002013013,Khotang
level2_code_but_district_name1,001002013014,Khotang
level2_code_but_district_name1,001002013015,Khotang
level2_code_but_district_name1,001002013016,Khotang
level2_code_but_district_name1,001002013018,Khotang
level2_code_but_district_name1,001002013019,Khotang
level2_code_but_district_name1,001002013020,Khotang
level2_code_but_district_name1,001002013023,Khotang
level2_code_but_district_name1,001002013025,Khotang
level2_code_but_district_name1,001002013026,Khotang
level2_code_but_district_name1,001002013027,Khotang
level2_code_but_district_name1,001002013028,Khotang
level2_code_but_district_name1,001002013029,Khotang
level2_code_but_district_name1,001002013030,Khotang
level2_code_but_district_name1,001002013031,Khotang
level2_code_but_district_name1,001002013032,Khotang
level2_code_but_district_name1,001002013033,Khotang
level2_code_but_district_name1,001002013034,Khotang
level2_code_but_district_name1,001002013035,Khotang
level2_code_but_district_name1,001002013036,Khotang
level2_code_but_district_name1,001002013037,Khotang
level2_code_but_district_name1,001002013038,Khotang
level2_code_but_district_name1,001002013039,Khotang
level2_code_but_district_name1,001002013040,Khotang
level2_code_but_district_name1,001002013041,Khotang
level2_code_but_district_name1,001002013042,Khotang
level2_code_but_district_name1,001002013043,Khotang
level2_code_but_district_name1,001002013045,Khotang
level2_code_but_district_name1,001002013046,Khotang
level2_code_but_district_name1,001002013047,Khotang
level2_code_but_district_name1,001002013048,Khotang
level2_code_but_district_name1,001002013049,Khotang
level2_code_but_district_name1,001002013050,Khotang
level2_code_but_district_name1,001002013051,Khotang
level2_code_but_district_name1,001002013052,Khotang
level2_code_but_district_name1,001002013053,Khotang
level2_code_but_district_name1,001002013054,Khotang
level2_code_but_district_name1,001002013055,Khotang
level2_code_but_district_name1,001002013056,Khotang
level2_code_but_district_name1,001002013057,Khotang
level2_code_but_district_name1,001002013058,Khotang
level2_code_but_district_name1,001002013059,Khotang
level2_code_but_district_name1,001002013060,Khotang
level2_code_but_district_name1,001002013063,Khotang
level2_code_but_district_name1,001002013066,Khotang
level2_code_but_district_name1,001002013067,Khotang
level2_code_but_district_name1,001002013068,Khotang
level2_code_but_district_name1,001002013069,Khotang
level2_code_but_district_name1,001002013071,Khotang
level2_code_but_district_name1,001002013072,Khotang
level2_code_but_district_name1,001002013073,Khotang
level2_code_but_district_name1,001002013075,Khotang
level2_code_but_district_name1,001002013076,Khotang
level2_code_but_district_name1,001002014001,Udayapur
level2_code_but_district_name1,001002014002,Udayapur
level2_code_but_district_name1,001002014003,Udayapur
level2_code_but_district_name1,001002014004,Udayapur
level2_code_but_district_name1,001002014005,Udayapur
level2_code_but_district_name1,001002014006,Udayapur
level2_code_but_district_name1,001002014007,Udayapur
level2_code_but_district_name1,001002014008,Udayapur
level2_code_but_district_name1,001002014009,Udayapur
level2_code_but_district_name1,001002014010,Udayapur
level2_code_but_district_name1,001002014011,Udayapur
level2_code_but_district_name1,001002014012,Udayapur
level2_code_but_district_name1,001002014013,Udayapur
level2_code_but_district_name1,001002014014,Udayapur
level2_code_but_district_name1,001002014015,Udayapur
level2_code_but_district_name1,001002014016,Udayapur
level2_code_but_district_name1,001002014017,Udayapur
level2_code_but_district_name1,001002014018,Udayapur
level2_code_but_district_name1,001002014020,Udayapur
level2_code_but_district_name1,001002014021,Udayapur
level2_code_but_district_name1,001002014022,Udayapur
level2_code_but_district_name1,001002014023,Udayapur
level2_code_but_district_name1,001002014024,Udayapur
level2_code_but_district_name1,001002014025,Udayapur
level2_code_but_district_name1,001002014026,Udayapur
level2_code_but_district_name1,001002014027,Udayapur
level2_code_but_district_name1,001002014028,Udayapur
level2_code_but_district_name1,001002014029,Udayapur
level2_code_but_district_name1,001002014030,Udayapur
level2_code_but_district_name1,001002014032,Udayapur
level2_code_but_district_name1,001002014033,Udayapur
level2_code_but_district_name1,001002014034,Udayapur
level2_code_but_district_name1,001002014035,Udayapur
level2_code_but_district_name1,001002014036,Udayapur
level2_code_but_district_name1,001002014037,Udayapur
level2_code_but_district_name1,001002014038,Udayapur
level2_code_but_district_name1,001002014039,Udayapur
level2_code_but_district_name1,001002014040,Udayapur
level2_code_but_district_name1,001002014041,Udayapur
level2_code_but_district_name1,001002014042,Udayapur
level2_code_but_district_name1,001002014043,Udayapur
level2_code_but_district_name1,001002014044,Udayapur
level2_code_but_district_name1,001002014045,Udayapur
level2_code_but_district_name1,001003004001,Jhapa
level2_code_but_district_name1,001003004002,Jhapa
level2_code_but_district_name1,001003004003,Jhapa
level2_code_but_district_name1,001003004004,Jhapa
level2_code_but_district_name1,001003004005,Jhapa
level2_code_but_district_name1,001003004006,Jhapa
level2_code_but_district_name1,001003004007,Jhapa
level2_code_but_district_name1,001003004008,Jhapa
level2_code_but_district_name1,001003004009,Jhapa
level2_code_but_district_name1,001003004010,Jhapa
level2_code_but_district_name1,001003004011,Jhapa
level2_code_but_district_name1,001003004012,Jhapa
level2_code_but_district_name1,001003004013,Jhapa
level2_code_but_district_name1,001003004014,Jhapa
level2_code_but_district_name1,001003004015,Jhapa
level2_code_but_district_name1,001003004016,Jhapa
level2_code_but_district_name1,001003004017,Jhapa
level2_code_but_district_name1,001003004018,Jhapa
level2_code_but_district_name1,001003004019,Jhapa
level2_code_but_district_name1,001003004020,Jhapa
level2_code_but_district_name1,001003004021,Jhapa
level2_code_but_district_name1,001003004022,Jhapa
level2_code_but_district_name1,001003004023,Jhapa
level2_code_but_district_name1,001003004024,Jhapa
level2_code_but_district_name1,001003004025,Jhapa
level2_code_but_district_name1,001003004026,Jhapa
level2_code_but_district_name1,001003004027,Jhapa
level2_code_but_district_name1,001003004028,Jhapa
level2_code_but_district_name1,001003004029,Jhapa
level2_code_but_district_name1,001003004030,Jhapa
level2_code_but_district_name1,001003004031,Jhapa
level2_code_but_district_name1,001003004032,Jhapa
level2_code_but_district_name1,001003004033,Jhapa
level2_code_but_district_name1,001003004034,Jhapa
level2_code_but_district_name1,001003004035,Jhapa
level2_code_but_district_name1,001003004036,Jhapa
level2_code_but_district_name1,001003004037,Jhapa
level2_code_but_district_name1,001003004038,Jhapa
level2_code_but_district_name1,001003004039,Jhapa
level2_code_but_district_name1,001003004040,Jhapa
level2_code_but_district_name1,001003004041,Jhapa
level2_code_but_district_name1,001003004042,Jhapa
level2_code_but_district_name1,001003004043,Jhapa
level2_code_but_district_name1,001003004044,Jhapa
level2_code_but_district_name1,001003004045,Jhapa
level2_code_but_district_name1,001003004046,Jhapa
level2_code_but_district_name1,001003004047,Jhapa
level2_code_but_district_name1,001003004048,Jhapa
level2_code_but_district_name1,001003004049,Jhapa
level2_code_but_district_name1,001003004050,Jhapa
level2_code_but_district_name1,001003005001,Morang
level2_code_but_district_name1,001003005002,Morang
level2_code_but_district_name1,001003005003,Morang
level2_code_but_district_name1,001003005004,Morang
level2_code_but_district_name1,001003005005,Morang
level2_code_but_district_name1,001003005006,Morang
level2_code_but_district_name1,001003005007,Morang
level2_code_but_district_name1,001003005008,Morang
level2_code_but_district_name1,001003005009,Morang
level2_code_but_district_name1,001003005010,Morang
level2_code_but_district_name1,001003005011,Morang
level2_code_but_district_name1,001003005012,Morang
level2_code_but_district_name1,001003005013,Morang
level2_code_but_district_name1,001003005014,Morang
level2_code_but_district_name1,001003005015,Morang
level2_code_but_district_name1,001003005016,Morang
level2_code_but_district_name1,001003005017,Morang
level2_code_but_district_name1,001003005018,Morang
level2_code_but_district_name1,001003005019,Morang
level2_code_but_district_name1,001003005020,Morang
level2_code_but_district_name1,001003005021,Morang
level2_code_but_district_name1,001003005022,Morang
level2_code_but_district_name1,001003005023,Morang
level2_code_but_district_name1,001003005024,Morang
level2_code_but_district_name1,001003005025,Morang
level2_code_but_district_name1,001003005026,Morang
level2_code_but_district_name1,001003005027,Morang
level2_code_but_district_name1,001003005028,Morang
level2_code_but_district_name1,001003005029,Morang
level2_code_but_district_name1,001003005030,Morang
level2_code_but_district_name1,001003005031,Morang
level2_code_but_district_name1,001003005032,Morang
level2_code_but_district_name1,001003005033,Morang
level2_code_but_district_name1,001003005034,Morang
level2_code_but_district_name1,001003005035,Morang
level2_code_but_district_name1,001003005036,Morang
level2_code_but_district_name1,001003005037,Morang
level2_code_but_district_name1,001003005038,Morang
level2_code_but_district_name1,001003005039,Morang
level2_code_but_district_name1,001003005040,Morang
level2_code_but_district_name1,001003005041,Morang
level2_code_but_district_name1,001003005042,Morang
level2_code_but_district_name1,001003005043,Morang
level2_code_but_district_name1,001003005044,Morang
level2_code_but_district_name1,001003005045,Morang
level2_code_but_district_name1,001003005046,Morang
level2_code_but_district_name1,001003005047,Morang
level2_code_but_district_name1,001003005048,Morang
level2_code_but_district_name1,001003005049,Morang
level2_code_but_district_name1,001003005050,Morang
level2_code_but_district_name1,001003005051,Morang
level2_code_but_district_name1,001003005052,Morang
level2_code_but_district_name1,001003005053,Morang
level2_code_but_district_name1,001003005054,Morang
level2_code_but_district_name1,001003005055,Morang
level2_code_but_district_name1,001003005056,Morang
level2_code_but_district_name1,001003005057,Morang
level2_code_but_district_name1,001003005058,Morang
level2_code_but_district_name1,001003005059,Morang
level2_code_but_district_name1,001003005060,Morang
level2_code_but_district_name1,001003005061,Morang
level2_code_but_district_name1,001003005062,Morang
level2_code_but_district_name1,001003005063,Morang
level2_code_but_district_name1,001003005064,Morang
level2_code_but_district_name1,001003005065,Morang
level2_code_but_district_name1,001003005066,Morang
level2_code_but_district_name1,001003006001,Sunsari
level2_code_but_district_name1,001003006002,Sunsari
level2_code_but_district_name1,001003006003,Sunsari
level2_code_but_district_name1,001003006004,Sunsari
level2_code_but_district_name1,001003006005,Sunsari
level2_code_but_district_name1,001003006006,Sunsari
level2_code_but_district_name1,001003006007,Sunsari
level2_code_but_district_name1,001003006008,Sunsari
level2_code_but_district_name1,001003006009,Sunsari
level2_code_but_district_name1,001003006010,Sunsari
level2_code_but_district_name1,001003006011,Sunsari
level2_code_but_district_name1,001003006012,Sunsari
level2_code_but_district_name1,001003006013,Sunsari
level2_code_but_district_name1,001003006014,Sunsari
level2_code_but_district_name1,001003006015,Sunsari
level2_code_but_district_name1,001003006016,Sunsari
level2_code_but_district_name1,001003006017,Sunsari
level2_code_but_district_name1,001003006018,Sunsari
level2_code_but_district_name1,001003006019,Sunsari
level2_code_but_district_name1,001003006020,Sunsari
level2_code_but_district_name1,001003006021,Sunsari
level2_code_but_district_name1,001003006022,Sunsari
level2_code_but_district_name1,001003006023,Sunsari
level2_code_but_district_name1,001003006024,Sunsari
level2_code_but_district_name1,001003006025,Sunsari
level2_code_but_district_name1,001003006026,Sunsari
level2_code_but_district_name1,001003006027,Sunsari
level2_code_but_district_name1,001003006028,Sunsari
level2_code_but_district_name1,001003006029,Sunsari
level2_code_but_district_name1,001003006030,Sunsari
level2_code_but_district_name1,001003006031,Sunsari
level2_code_but_district_name1,001003006032,Sunsari
level2_code_but_district_name1,001003006033,Sunsari
level2_code_but_district_name1,001003006034,Sunsari
level2_code_but_district_name1,001003006035,Sunsari
level2_code_but_district_name1,001003006036,Sunsari
level2_code_but_district_name1,001003006037,Sunsari
level2_code_but_district_name1,001003006038,Sunsari
level2_code_but_district_name1,001003006039,Sunsari
level2_code_but_district_name1,001003006040,Sunsari
level2_code_but_district_name1,001003006041,Sunsari
level2_code_but_district_name1,001003006042,Sunsari
level2_code_but_district_name1,001003006044,Sunsari
level2_code_but_district_name1,001003006045,Sunsari
level2_code_but_district_name1,001003006046,Sunsari
level2_code_but_district_name1,001003006047,Sunsari
level2_code_but_district_name1,001003006048,Sunsari
level2_code_but_district_name1,001003006049,Sunsari
level2_code_but_district_name1,001003006050,Sunsari
level2_code_but_district_name1,001003006051,Sunsari
level2_code_but_district_name1,001003006052,Sunsari
level2_code_but_district_name1,001003015001,Saptari
level2_code_but_district_name1,001003015002,Saptari
level2_code_but_district_name1,001003015003,Saptari
level2_code_but_district_name1,001003015004,Saptari
level2_code_but_district_name1,001003015005,Saptari
level2_code_but_district_name1,001003015006,Saptari
level2_code_but_district_name1,001003015007,Saptari
level2_code_but_district_name1,001003015008,Saptari
level2_code_but_district_name1,001003015009,Saptari
level2_code_but_district_name1,001003015010,Saptari
level2_code_but_district_name1,001003015011,Saptari
level2_code_but_district_name1,001003015012,Saptari
level2_code_but_district_name1,001003015013,Saptari
level2_code_but_district_name1,001003015014,Saptari
level2_code_but_district_name1,001003015015,Saptari
level2_code_but_district_name1,001003015016,Saptari
level2_code_but_district_name1,001003015017,Saptari
level2_code_but_district_name1,001003015018,Saptari
level2_code_but_district_name1,001003015019,Saptari
level2_code_but_district_name1,001003015020,Saptari
level2_code_but_district_name1,001003015021,Saptari
level2_code_but_district_name1,001003015022,Saptari
level2_code_but_district_name1,001003015023,Saptari
level2_code_but_district_name1,001003015024,Saptari
level2_code_but_district_name1,001003015025,Saptari
level2_code_but_district_name1,001003015026,Saptari
level2_code_but_district_name1,001003015027,Saptari
level2_code_but_district_name1,001003015028,Saptari
level2_code_but_district_name1,001003015029,Saptari
level2_code_but_district_name1,001003015030,Saptari
level2_code_but_district_name1,001003015031,Saptari
level2_code_but_district_name1,001003015032,Saptari
level2_code_but_district_name1,001003015033,Saptari
level2_code_but_district_name1,001003015034,Saptari
level2_code_but_district_name1,001003015035,Saptari
level2_code_but_district_name1,001003015036,Saptari
level2_code_but_district_name1,001003015037,Saptari
level2_code_but_district_name1,001003015038,Saptari
level2_code_but_district_name1,001003015039,Saptari
level2_code_but_district_name1,001003015040,Saptari
level2_code_but_district_name1,001003015041,Saptari
level2_code_but_district_name1,001003015042,Saptari
level2_code_but_district_name1,001003015043,Saptari
level2_code_but_district_name1,001003015044,Saptari
level2_code_but_district_name1,001003015045,Saptari
level2_code_but_district_name1,001003015046,Saptari
level2_code_but_district_name1,001003015047,Saptari
level2_code_but_district_name1,001003015048,Saptari
level2_code_but_district_name1,001003015049,Saptari
level2_code_but_district_name1,001003015050,Saptari
level2_code_but_district_name1,001003015051,Saptari
level2_code_but_district_name1,001003015052,Saptari
level2_code_but_district_name1,001003015053,Saptari
level2_code_but_district_name1,001003015054,Saptari
level2_code_but_district_name1,001003015055,Saptari
level2_code_but_district_name1,001003015056,Saptari
level2_code_but_district_name1,001003015057,Saptari
level2_code_but_district_name1,001003015058,Saptari
level2_code_but_district_name1,001003015059,Saptari
level2_code_but_district_name1,001003015060,Saptari
level2_code_but_district_name1,001003015061,Saptari
level2_code_but_district_name1,001003015062,Saptari
level2_code_but_district_name1,001003015063,Saptari
level2_code_but_district_name1,001003015064,Saptari
level2_code_but_district_name1,001003015065,Saptari
level2_code_but_district_name1,001003015066,Saptari
level2_code_but_district_name1,001003015067,Saptari
level2_code_but_district_name1,001003015068,Saptari
level2_code_but_district_name1,001003015069,Saptari
level2_code_but_district_name1,001003015070,Saptari
level2_code_but_district_name1,001003015071,Saptari
level2_code_but_district_name1,001003015072,Saptari
level2_code_but_district_name1,001003015073,Saptari
level2_code_but_district_name1,001003015074,Saptari
level2_code_but_district_name1,001003015075,Saptari
level2_code_but_district_name1,001003015076,Saptari
level2_code_but_district_name1,001003015077,Saptari
level2_code_but_district_name1,001003015078,Saptari
level2_code_but_district_name1,001003015079,Saptari
level2_code_but_district_name1,001003015080,Saptari
level2_code_but_district_name1,001003015081,Saptari
level2_code_but_district_name1,001003015082,Saptari
level2_code_but_district_name1,001003015084,Saptari
level2_code_but_district_name1,001003015085,Saptari
level2_code_but_district_name1,001003015087,Saptari
level2_code_but_district_name1,001003015088,Saptari
level2_code_but_district_name1,001003015090,Saptari
level2_code_but_district_name1,001003015091,Saptari
level2_code_but_district_name1,001003015092,Saptari
level2_code_but_district_name1,001003015093,Saptari
level2_code_but_district_name1,001003015094,Saptari
level2_code_but_district_name1,001003015095,Saptari
level2_code_but_district_name1,001003015096,Saptari
level2_code_but_district_name1,001003015097,Saptari
level2_code_but_district_name1,001003015098,Saptari
level2_code_but_district_name1,001003015099,Saptari
level2_code_but_district_name1,001003015100,Saptari
level2_code_but_district_name1,001003015101,Saptari
level2_code_but_district_name1,001003015102,Saptari
level2_code_but_district_name1,001003015103,Saptari
level2_code_but_district_name1,001003015104,Saptari
level2_code_but_district_name1,001003015105,Saptari
level2_code_but_district_name1,001003015106,Saptari
level2_code_but_district_name1,001003015107,Saptari
level2_code_but_district_name1,001003015108,Saptari
level2_code_but_district_name1,001003015109,Saptari
level2_code_but_district_name1,001003015110,Saptari
level2_code_but_district_name1,001003015111,Saptari
level2_code_but_district_name1,001003015112,Saptari
level2_code_but_district_name1,001003015113,Saptari
level2_code_but_district_name1,001003015114,Saptari
level2_code_but_district_name1,001003015115,Saptari
level2_code_but_district_name1,001003015116,Saptari
level2_code_but_district_name1,001003016001,Siraha
level2_code_but_district_name1,001003016002,Siraha
level2_code_but_district_name1,001003016003,Siraha
level2_code_but_district_name1,001003016004,Siraha
level2_code_but_district_name1,001003016005,Siraha
level2_code_but_district_name1,001003016006,Siraha
level2_code_but_district_name1,001003016008,Siraha
level2_code_but_district_name1,001003016009,Siraha
level2_code_but_district_name1,001003016010,Siraha
level2_code_but_district_name1,001003016011,Siraha
level2_code_but_district_name1,001003016012,Siraha
level2_code_but_district_name1,001003016013,Siraha
level2_code_but_district_name1,001003016015,Siraha
level2_code_but_district_name1,001003016016,Siraha
level2_code_but_district_name1,001003016017,Siraha
level2_code_but_district_name1,001003016018,Siraha
level2_code_but_district_name1,001003016019,Siraha
level2_code_but_district_name1,001003016020,Siraha
level2_code_but_district_name1,001003016022,Siraha
level2_code_but_district_name1,001003016023,Siraha
level2_code_but_district_name1,001003016025,Siraha
level2_code_but_district_name1,001003016026,Siraha
level2_code_but_district_name1,001003016028,Siraha
level2_code_but_district_name1,001003016029,Siraha
level2_code_but_district_name1,001003016030,Siraha
level2_code_but_district_name1,001003016031,Siraha
level2_code_but_district_name1,001003016034,Siraha
level2_code_but_district_name1,001003016035,Siraha
level2_code_but_district_name1,001003016036,Siraha
level2_code_but_district_name1,001003016037,Siraha
level2_code_but_district_name1,001003016038,Siraha
level2_code_but_district_name1,001003016039,Siraha
level2_code_but_district_name1,001003016040,Siraha
level2_code_but_district_name1,001003016041,Siraha
level2_code_but_district_name1,001003016042,Siraha
level2_code_but_district_name1,001003016043,Siraha
level2_code_but_district_name1,001003016045,Siraha
level2_code_but_district_name1,001003016046,Siraha
level2_code_but_district_name1,001003016047,Siraha
level2_code_but_district_name1,001003016048,Siraha
level2_code_but_district_name1,001003016049,Siraha
level2_code_but_district_name1,001003016050,Siraha
level2_code_but_district_name1,001003016051,Siraha
level2_code_but_district_name1,001003016052,Siraha
level2_code_but_district_name1,001003016053,Siraha
level2_code_but_district_name1,001003016054,Siraha
level2_code_but_district_name1,001003016055,Siraha
level2_code_but_district_name1,001003016056,Siraha
level2_code_but_district_name1,001003016057,Siraha
level2_code_but_district_name1,001003016058,Siraha
level2_code_but_district_name1,001003016059,Siraha
level2_code_but_district_name1,001003016060,Siraha
level2_code_but_district_name1,001003016061,Siraha
level2_code_but_district_name1,001003016062,Siraha
level2_code_but_district_name1,001003016063,Siraha
level2_code_but_district_name1,001003016068,Siraha
level2_code_but_district_name1,001003016069,Siraha
level2_code_but_district_name1,001003016070,Siraha
level2_code_but_district_name1,001003016071,Siraha
level2_code_but_district_name1,001003016072,Siraha
level2_code_but_district_name1,001003016073,Siraha
level2_code_but_district_name1,001003016074,Siraha
level2_code_but_district_name1,001003016075,Siraha
level2_code_but_district_name1,001003016077,Siraha
level2_code_but_district_name1,001003016078,Siraha
level2_code_but_district_name1,001003016079,Siraha
level2_code_but_district_name1,001003016080,Siraha
level2_code_but_district_name1,001003016081,Siraha
level2_code_but_district_name1,001003016082,Siraha
level2_code_but_district_name1,001003016083,Siraha
level2_code_but_district_name1,001003016084,Siraha
level2_code_but_district_name1,001003016085,Siraha
level2_code_but_district_name1,001003016087,Siraha
level2_code_but_district_name1,001003016088,Siraha
level2_code_but_district_name1,001003016089,Siraha
level2_code_but_district_name1,001003016090,Siraha
level2_code_but_district_name1,001003016091,Siraha
level2_code_but_district_name1,001003016092,Siraha
level2_code_but_district_name1,001003016093,Siraha
level2_code_but_district_name1,001003016094,Siraha
level2_code_but_district_name1,001003016096,Siraha
level2_code_but_district_name1,001003016097,Siraha
level2_code_but_district_name1,001003016098,Siraha
level2_code_but_district_name1,001003016099,Siraha
level2_code_but_district_name1,001003016100,Siraha
level2_code_but_district_name1,001003016101,Siraha
level2_code_but_district_name1,001003016102,Siraha
level2_code_but_district_name1,001003016103,Siraha
level2_code_but_district_name1,001003016104,Siraha
level2_code_but_district_name1,001003016106,Siraha
level2_code_but_district_name1,001003016107,Siraha
level2_code_but_district_name1,001003016108,Siraha
level2_code_but_district_name1,002004022001,Dolakha
level2_code_but_district_name1,002004022002,Dolakha
level2_code_but_district_name1,002004022003,Dolakha
level2_code_but_district_name1,002004022004,Dolakha
level2_code_but_district_name1,002004022005,Dolakha
level2_code_but_district_name1,002004022006,Dolakha
level2_code_but_district_name1,002004022007,Dolakha
level2_code_but_district_name1,002004022008,Dolakha
level2_code_but_district_name1,002004022009,Dolakha
level2_code_but_district_name1,002004022010,Dolakha
level2_code_but_district_name1,002004022011,Dolakha
level2_code_but_district_name1,002004022012,Dolakha
level2_code_but_district_name1,002004022013,Dolakha
level2_code_but_district_name1,002004022014,Dolakha
level2_code_but_district_name1,002004022015,Dolakha
level2_code_but_district_name1,002004022016,Dolakha
level2_code_but_district_name1,002004022017,Dolakha
level2_code_but_district_name1,002004022018,Dolakha
level2_code_but_district_name1,002004022019,Dolakha
level2_code_but_district_name1,002004022020,Dolakha
level2_code_but_district_name1,002004022021,Dolakha
level2_code_but_district_name1,002004022022,Dolakha
level2_code_but_district_name1,002004022023,Dolakha
level2_code_but_district_name1,002004022024,Dolakha
level2_code_but_district_name1,002004022025,Dolakha
level2_code_but_district_name1,002004022026,Dolakha
level2_code_but_district_name1,002004022027,Dolakha
level2_code_but_district_name1,002004022029,Dolakha
level2_code_but_district_name1,002004022031,Dolakha
level2_code_but_district_name1,002004022032,Dolakha
level2_code_but_district_name1,002004022033,Dolakha
level2_code_but_district_name1,002004022034,Dolakha
level2_code_but_district_name1,002004022035,Dolakha
level2_code_but_district_name1,002004022036,Dolakha
level2_code_but_district_name1,002004022037,Dolakha
level2_code_but_district_name1,002004022038,Dolakha
level2_code_but_district_name1,002004022039,Dolakha
level2_code_but_district_name1,002004022040,Dolakha
level2_code_but_district_name1,002004022041,Dolakha
level2_code_but_district_name1,002004022042,Dolakha
level2_code_but_district_name1,002004022043,Dolakha
level2_code_but_district_name1,002004022044,Dolakha
level2_code_but_district_name1,002004022045,Dolakha
level2_code_but_district_name1,002004022046,Dolakha
level2_code_but_district_name1,002004022047,Dolakha
level2_code_but_district_name1,002004022048,Dolakha
level2_code_but_district_name1,002004022049,Dolakha
level2_code_but_district_name1,002004022050,Dolakha
level2_code_but_district_name1,002004022051,Dolakha
level2_code_but_district_name1,002004022052,Dolakha
level2_code_but_district_name1,002004023001,Sindhupalchoke
level2_code_but_district_name1,002004023002,Sindhupalchoke
level2_code_but_district_name1,002004023003,Sindhupalchoke
level2_code_but_district_name1,002004023004,Sindhupalchoke
level2_code_but_district_name1,002004023005,Sindhupalchoke
level2_code_but_district_name1,002004023007,Sindhupalchoke
level2_code_but_district_name1,002004023008,Sindhupalchoke
level2_code_but_district_name1,002004023009,Sindhupalchoke
level2_code_but_district_name1,002004023010,Sindhupalchoke
level2_code_but_district_name1,002004023011,Sindhupalchoke
level2_code_but_district_name1,002004023012,Sindhupalchoke
level2_code_but_district_name1,002004023013,Sindhupalchoke
level2_code_but_district_name1,002004023014,Sindhupalchoke
level2_code_but_district_name1,002004023015,Sindhupalchoke
level2_code_but_district_name1,002004023016,Sindhupalchoke
level2_code_but_district_name1,002004023017,Sindhupalchoke
level2_code_but_district_name1,002004023018,Sindhupalchoke
level2_code_but_district_name1,002004023019,Sindhupalchoke
level2_code_but_district_name1,002004023020,Sindhupalchoke
level2_code_but_district_name1,002004023021,Sindhupalchoke
level2_code_but_district_name1,002004023022,Sindhupalchoke
level2_code_but_district_name1,002004023023,Sindhupalchoke
level2_code_but_district_name1,002004023024,Sindhupalchoke
level2_code_but_district_name1,002004023025,Sindhupalchoke
level2_code_but_district_name1,002004023026,Sindhupalchoke
level2_code_but_district_name1,002004023027,Sindhupalchoke
level2_code_but_district_name1,002004023028,Sindhupalchoke
level2_code_but_district_name1,002004023029,Sindhupalchoke
level2_code_but_district_name1,002004023030,Sindhupalchoke
level2_code_but_district_name1,002004023031,Sindhupalchoke
level2_code_but_district_name1,002004023032,Sindhupalchoke
level2_code_but_district_name1,002004023033,Sindhupalchoke
level2_code_but_district_name1,002004023034,Sindhupalchoke
level2_code_but_district_name1,002004023035,Sindhupalchoke
level2_code_but_district_name1,002004023036,Sindhupalchoke
level2_code_but_district_name1,002004023037,Sindhupalchoke
level2_code_but_district_name1,002004023038,Sindhupalchoke
level2_code_but_district_name1,002004023039,Sindhupalchoke
level2_code_but_district_name1,002004023040,Sindhupalchoke
level2_code_but_district_name1,002004023041,Sindhupalchoke
level2_code_but_district_name1,002004023042,Sindhupalchoke
level2_code_but_district_name1,002004023043,Sindhupalchoke
level2_code_but_district_name1,002004023044,Sindhupalchoke
level2_code_but_district_name1,002004023045,Sindhupalchoke
level2_code_but_district_name1,002004023046,Sindhupalchoke
level2_code_but_district_name1,002004023047,Sindhupalchoke
level2_code_but_district_name1,002004023048,Sindhupalchoke
level2_code_but_district_name1,002004023049,Sindhupalchoke
level2_code_but_district_name1,002004023050,Sindhupalchoke
level2_code_but_district_name1,002004023051,Sindhupalchoke
level2_code_but_district_name1,002004023052,Sindhupalchoke
level2_code_but_district_name1,002004023053,Sindhupalchoke
level2_code_but_district_name1,002004023054,Sindhupalchoke
level2_code_but_district_name1,002004023055,Sindhupalchoke
level2_code_but_district_name1,002004023056,Sindhupalchoke
level2_code_but_district_name1,002004023057,Sindhupalchoke
level2_code_but_district_name1,002004023058,Sindhupalchoke
level2_code_but_district_name1,002004023059,Sindhupalchoke
level2_code_but_district_name1,002004023060,Sindhupalchoke
level2_code_but_district_name1,002004023061,Sindhupalchoke
level2_code_but_district_name1,002004023062,Sindhupalchoke
level2_code_but_district_name1,002004023063,Sindhupalchoke
level2_code_but_district_name1,002004023064,Sindhupalchoke
level2_code_but_district_name1,002004023065,Sindhupalchoke
level2_code_but_district_name1,002004023066,Sindhupalchoke
level2_code_but_district_name1,002004023067,Sindhupalchoke
level2_code_but_district_name1,002004023068,Sindhupalchoke
level2_code_but_district_name1,002004023069,Sindhupalchoke
level2_code_but_district_name1,002004023070,Sindhupalchoke
level2_code_but_district_name1,002004023071,Sindhupalchoke
level2_code_but_district_name1,002004023072,Sindhupalchoke
level2_code_but_district_name1,002004023073,Sindhupalchoke
level2_code_but_district_name1,002004023074,Sindhupalchoke
level2_code_but_district_name1,002004023075,Sindhupalchoke
level2_code_but_district_name1,002004023076,Sindhupalchoke
level2_code_but_district_name1,002004023077,Sindhupalchoke
level2_code_but_district_name1,002004023078,Sindhupalchoke
level2_code_but_district_name1,002004023079,Sindhupalchoke
level2_code_but_district_name1,002004029001,Rasuwa
level2_code_but_district_name1,002004029002,Rasuwa
level2_code_but_district_name1,002004029003,Rasuwa
level2_code_but_district_name1,002004029004,Rasuwa
level2_code_but_district_name1,002004029005,Rasuwa
level2_code_but_district_name1,002004029006,Rasuwa
level2_code_but_district_name1,002004029007,Rasuwa
level2_code_but_district_name1,002004029008,Rasuwa
level2_code_but_district_name1,002004029009,Rasuwa
level2_code_but_district_name1,002004029010,Rasuwa
level2_code_but_district_name1,002004029012,Rasuwa
level2_code_but_district_name1,002004029013,Rasuwa
level2_code_but_district_name1,002004029014,Rasuwa
level2_code_but_district_name1,002004029015,Rasuwa
level2_code_but_district_name1,002004029016,Rasuwa
level2_code_but_district_name1,002004029017,Rasuwa
level2_code_but_district_name1,002004029018,Rasuwa
level2_code_but_district_name1,002005020001,Sindhuli
level2_code_but_district_name1,002005020002,Sindhuli
level2_code_but_district_name1,002005020003,Sindhuli
level2_code_but_district_name1,002005020004,Sindhuli
level2_code_but_district_name1,002005020005,Sindhuli
level2_code_but_district_name1,002005020006,Sindhuli
level2_code_but_district_name1,002005020007,Sindhuli
level2_code_but_district_name1,002005020008,Sindhuli
level2_code_but_district_name1,002005020009,Sindhuli
level2_code_but_district_name1,002005020010,Sindhuli
level2_code_but_district_name1,002005020011,Sindhuli
level2_code_but_district_name1,002005020012,Sindhuli
level2_code_but_district_name1,002005020013,Sindhuli
level2_code_but_district_name1,002005020014,Sindhuli
level2_code_but_district_name1,002005020015,Sindhuli
level2_code_but_district_name1,002005020016,Sindhuli
level2_code_but_district_name1,002005020017,Sindhuli
level2_code_but_district_name1,002005020018,Sindhuli
level2_code_but_district_name1,002005020020,Sindhuli
level2_code_but_district_name1,002005020021,Sindhuli
level2_code_but_district_name1,002005020022,Sindhuli
level2_code_but_district_name1,002005020023,Sindhuli
level2_code_but_district_name1,002005020024,Sindhuli
level2_code_but_district_name1,002005020025,Sindhuli
level2_code_but_district_name1,002005020026,Sindhuli
level2_code_but_district_name1,002005020027,Sindhuli
level2_code_but_district_name1,002005020028,Sindhuli
level2_code_but_district_name1,002005020029,Sindhuli
level2_code_but_district_name1,002005020030,Sindhuli
level2_code_but_district_name1,002005020031,Sindhuli
level2_code_but_district_name1,002005020032,Sindhuli
level2_code_but_district_name1,002005020033,Sindhuli
level2_code_but_district_name1,002005020034,Sindhuli
level2_code_but_district_name1,002005020035,Sindhuli
level2_code_but_district_name1,002005020036,Sindhuli
level2_code_but_district_name1,002005020037,Sindhuli
level2_code_but_district_name1,002005020038,Sindhuli
level2_code_but_district_name1,002005020039,Sindhuli
level2_code_but_district_name1,002005020040,Sindhuli
level2_code_but_district_name1,002005020041,Sindhuli
level2_code_but_district_name1,002005020042,Sindhuli
level2_code_but_district_name1,002005020043,Sindhuli
level2_code_but_district_name1,002005020044,Sindhuli
level2_code_but_district_name1,002005020045,Sindhuli
level2_code_but_district_name1,002005020046,Sindhuli
level2_code_but_district_name1,002005020047,Sindhuli
level2_code_but_district_name1,002005020048,Sindhuli
level2_code_but_district_name1,002005020049,Sindhuli
level2_code_but_district_name1,002005020050,Sindhuli
level2_code_but_district_name1,002005020051,Sindhuli
level2_code_but_district_name1,002005020052,Sindhuli
level2_code_but_district_name1,002005020053,Sindhuli
level2_code_but_district_name1,002005020054,Sindhuli
level2_code_but_district_name1,002005021001,Ramechhap
level2_code_but_district_name1,002005021002,Ramechhap
level2_code_but_district_name1,002005021003,Ramechhap
level2_code_but_district_name1,002005021004,Ramechhap
level2_code_but_district_name1,002005021005,Ramechhap
level2_code_but_district_name1,002005021006,Ramechhap
level2_code_but_district_name1,002005021007,Ramechhap
level2_code_but_district_name1,002005021008,Ramechhap
level2_code_but_district_name1,002005021009,Ramechhap
level2_code_but_district_name1,002005021010,Ramechhap
level2_code_but_district_name1,002005021011,Ramechhap
level2_code_but_district_name1,002005021012,Ramechhap
level2_code_but_district_name1,002005021013,Ramechhap
level2_code_but_district_name1,002005021014,Ramechhap
level2_code_but_district_name1,002005021015,Ramechhap
level2_code_but_district_name1,002005021016,Ramechhap
level2_code_but_district_name1,002005021017,Ramechhap
level2_code_but_district_name1,002005021018,Ramechhap
level2_code_but_district_name1,002005021019,Ramechhap
level2_code_but_district_name1,002005021020,Ramechhap
level2_code_but_district_name1,002005021021,Ramechhap
level2_code_but_district_name1,002005021022,Ramechhap
level2_code_but_district_name1,002005021023,Ramechhap
level2_code_but_district_name1,002005021024,Ramechhap
level2_code_but_district_name1,002005021025,Ramechhap
level2_code_but_district_name1,002005021026,Ramechhap
level2_code_but_district_name1,002005021027,Ramechhap
level2_code_but_district_name1,002005021028,Ramechhap
level2_code_but_district_name1,002005021029,Ramechhap
level2_code_but_district_name1,002005021030,Ramechhap
level2_code_but_district_name1,002005021031,Ramechhap
level2_code_but_district_name1,002005021032,Ramechhap
level2_code_but_district_name1,002005021033,Ramechhap
level2_code_but_district_name1,002005021034,Ramechhap
level2_code_but_district_name1,002005021035,Ramechhap
level2_code_but_district_name1,002005021036,Ramechhap
level2_code_but_district_name1,002005021037,Ramechhap
level2_code_but_district_name1,002005021038,Ramechhap
level2_code_but_district_name1,002005021039,Ramechhap
level2_code_but_district_name1,002005021041,Ramechhap
level2_code_but_district_name1,002005021042,Ramechhap
level2_code_but_district_name1,002005021043,Ramechhap
level2_code_but_district_name1,002005021044,Ramechhap
level2_code_but_district_name1,002005021045,Ramechhap
level2_code_but_district_name1,002005021046,Ramechhap
level2_code_but_district_name1,002005021047,Ramechhap
level2_code_but_district_name1,002005021048,Ramechhap
level2_code_but_district_name1,002005021049,Ramechhap
level2_code_but_district_name1,002005021050,Ramechhap
level2_code_but_district_name1,002005021051,Ramechhap
level2_code_but_district_name1,002005021052,Ramechhap
level2_code_but_district_name1,002005021053,Ramechhap
level2_code_but_district_name1,002005021054,Ramechhap
level2_code_but_district_name1,002005021055,Ramechhap
level2_code_but_district_name1,002005024001,Kavre
level2_code_but_district_name1,002005024002,Kavre
level2_code_but_district_name1,002005024003,Kavre
level2_code_but_district_name1,002005024004,Kavre
level2_code_but_district_name1,002005024005,Kavre
level2_code_but_district_name1,002005024006,Kavre
level2_code_but_district_name1,002005024007,Kavre
level2_code_but_district_name1,002005024008,Kavre
level2_code_but_district_name1,002005024009,Kavre
level2_code_but_district_name1,002005024011,Kavre
level2_code_but_district_name1,002005024012,Kavre
level2_code_but_district_name1,002005024013,Kavre
level2_code_but_district_name1,002005024014,Kavre
level2_code_but_district_name1,002005024015,Kavre
level2_code_but_district_name1,002005024016,Kavre
level2_code_but_district_name1,002005024017,Kavre
level2_code_but_district_name1,002005024018,Kavre
level2_code_but_district_name1,002005024019,Kavre
level2_code_but_district_name1,002005024020,Kavre
level2_code_but_district_name1,002005024021,Kavre
level2_code_but_district_name1,002005024022,Kavre
level2_code_but_district_name1,002005024023,Kavre
level2_code_but_district_name1,002005024024,Kavre
level2_code_but_district_name1,002005024026,Kavre
level2_code_but_district_name1,002005024027,Kavre
level2_code_but_district_name1,002005024028,Kavre
level2_code_but_district_name1,002005024029,Kavre
level2_code_but_district_name1,002005024030,Kavre
level2_code_but_district_name1,002005024031,Kavre
level2_code_but_district_name1,002005024033,Kavre
level2_code_but_district_name1,002005024034,Kavre
level2_code_but_district_name1,002005024035,Kavre
level2_code_but_district_name1,002005024036,Kavre
level2_code_but_district_name1,002005024037,Kavre
level2_code_but_district_name1,002005024038,Kavre
level2_code_but_district_name1,002005024039,Kavre
level2_code_but_district_name1,002005024041,Kavre
level2_code_but_district_name1,002005024042,Kavre
level2_code_but_district_name1,002005024043,Kavre
level2_code_but_district_name1,002005024044,Kavre
level2_code_but_district_name1,002005024047,Kavre
level2_code_but_district_name1,002005024048,Kavre
level2_code_but_district_name1,002005024049,Kavre
level2_code_but_district_name1,002005024050,Kavre
level2_code_but_district_name1,002005024051,Kavre
level2_code_but_district_name1,002005024052,Kavre
level2_code_but_district_name1,002005024053,Kavre
level2_code_but_district_name1,002005024055,Kavre
level2_code_but_district_name1,002005024056,Kavre
level2_code_but_district_name1,002005024057,Kavre
level2_code_but_district_name1,002005024058,Kavre
level2_code_but_district_name1,002005024059,Kavre
level2_code_but_district_name1,002005024060,Kavre
level2_code_but_district_name1,002005024061,Kavre
level2_code_but_district_name1,002005024062,Kavre
level2_code_but_district_name1,002005024064,Kavre
level2_code_but_district_name1,002005024065,Kavre
level2_code_but_district_name1,002005024066,Kavre
level2_code_but_district_name1,002005024067,Kavre
level2_code_but_district_name1,002005024068,Kavre
level2_code_but_district_name1,002005024069,Kavre
level2_code_but_district_name1,002005024071,Kavre
level2_code_but_district_name1,002005024072,Kavre
level2_code_but_district_name1,002005024074,Kavre
level2_code_but_district_name1,002005024075,Kavre
level2_code_but_district_name1,002005024076,Kavre
level2_code_but_district_name1,002005024077,Kavre
level2_code_but_district_name1,002005024078,Kavre
level2_code_but_district_name1,002005024079,Kavre
level2_code_but_district_name1,002005024081,Kavre
level2_code_but_district_name1,002005024082,Kavre
level2_code_but_district_name1,002005024083,Kavre
level2_code_but_district_name1,002005024084,Kavre
level2_code_but_district_name1,002005024085,Kavre
level2_code_but_district_name1,002005024086,Kavre
level2_code_but_district_name1,002005024087,Kavre
level2_code_but_district_name1,002005024088,Kavre
level2_code_but_district_name1,002005024089,Kavre
level2_code_but_district_name1,002005024090,Kavre
level2_code_but_district_name1,002005025001,Lalitpur
level2_code_but_district_name1,002005025002,Lalitpur
level2_code_but_district_name1,002005025003,Lalitpur
level2_code_but_district_name1,002005025004,Lalitpur
level2_code_but_district_name1,002005025005,Lalitpur
level2_code_but_district_name1,002005025006,Lalitpur
level2_code_but_district_name1,002005025007,Lalitpur
level2_code_but_district_name1,002005025008,Lalitpur
level2_code_but_district_name1,002005025009,Lalitpur
level2_code_but_district_name1,002005025010,Lalitpur
level2_code_but_district_name1,002005025011,Lalitpur
level2_code_but_district_name1,002005025012,Lalitpur
level2_code_but_district_name1,002005025013,Lalitpur
level2_code_but_district_name1,002005025014,Lalitpur
level2_code_but_district_name1,002005025015,Lalitpur
level2_code_but_district_name1,002005025016,Lalitpur
level2_code_but_district_name1,002005025017,Lalitpur
level2_code_but_district_name1,002005025018,Lalitpur
level2_code_but_district_name1,002005025020,Lalitpur
level2_code_but_district_name1,002005025021,Lalitpur
level2_code_but_district_name1,002005025022,Lalitpur
level2_code_but_district_name1,002005025023,Lalitpur
level2_code_but_district_name1,002005025024,Lalitpur
level2_code_but_district_name1,002005025026,Lalitpur
level2_code_but_district_name1,002005025028,Lalitpur
level2_code_but_district_name1,002005025030,Lalitpur
level2_code_but_district_name1,002005025031,Lalitpur
level2_code_but_district_name1,002005025032,Lalitpur
level2_code_but_district_name1,002005025033,Lalitpur
level2_code_but_district_name1,002005025035,Lalitpur
level2_code_but_district_name1,002005025036,Lalitpur
level2_code_but_district_name1,002005025037,Lalitpur
level2_code_but_district_name1,002005025038,Lalitpur
level2_code_but_district_name1,002005025039,Lalitpur
level2_code_but_district_name1,002005025040,Lalitpur
level2_code_but_district_name1,002005025041,Lalitpur
level2_code_but_district_name1,002005025042,Lalitpur
level2_code_but_district_name1,002005026001,Bhaktapur
level2_code_but_district_name1,002005026002,Bhaktapur
level2_code_but_district_name1,002005026004,Bhaktapur
level2_code_but_district_name1,002005026006,Bhaktapur
level2_code_but_district_name1,002005026008,Bhaktapur
level2_code_but_district_name1,002005026009,Bhaktapur
level2_code_but_district_name1,002005026010,Bhaktapur
level2_code_but_district_name1,002005026011,Bhaktapur
level2_code_but_district_name1,002005026012,Bhaktapur
level2_code_but_district_name1,002005026013,Bhaktapur
level2_code_but_district_name1,002005026014,Bhaktapur
level2_code_but_district_name1,002005026017,Bhaktapur
level2_code_but_district_name1,002005026018,Bhaktapur
level2_code_but_district_name1,002005026019,Bhaktapur
level2_code_but_district_name1,002005026020,Bhaktapur
level2_code_but_district_name1,002005026021,Bhaktapur
level2_code_but_district_name1,002005026022,Bhaktapur
level2_code_but_district_name1,002005026023,Bhaktapur
level2_code_but_district_name1,002005027001,Kathmandu
level2_code_but_district_name1,002005027002,Kathmandu
level2_code_but_district_name1,002005027003,Kathmandu
level2_code_but_district_name1,002005027004,Kathmandu
level2_code_but_district_name1,002005027005,Kathmandu
level2_code_but_district_name1,002005027006,Kathmandu
level2_code_but_district_name1,002005027007,Kathmandu
level2_code_but_district_name1,002005027008,Kathmandu
level2_code_but_district_name1,002005027009,Kathmandu
level2_code_but_district_name1,002005027010,Kathmandu
level2_code_but_district_name1,002005027011,Kathmandu
level2_code_but_district_name1,002005027012,Kathmandu
level2_code_but_district_name1,002005027013,Kathmandu
level2_code_but_district_name1,002005027014,Kathmandu
level2_code_but_district_name1,002005027015,Kathmandu
level2_code_but_district_name1,002005027016,Kathmandu
level2_code_but_district_name1,002005027017,Kathmandu
level2_code_but_district_name1,002005027018,Kathmandu
level2_code_but_district_name1,002005027019,Kathmandu
level2_code_but_district_name1,002005027020,Kathmandu
level2_code_but_district_name1,002005027021,Kathmandu
level2_code_but_district_name1,002005027022,Kathmandu
level2_code_but_district_name1,002005027024,Kathmandu
level2_code_but_district_name1,002005027025,Kathmandu
level2_code_but_district_name1,002005027026,Kathmandu
level2_code_but_district_name1,002005027027,Kathmandu
level2_code_but_district_name1,002005027028,Kathmandu
level2_code_but_district_name1,002005027029,Kathmandu
level2_code_but_district_name1,002005027030,Kathmandu
level2_code_but_district_name1,002005027031,Kathmandu
level2_code_but_district_name1,002005027032,Kathmandu
level2_code_but_district_name1,002005027033,Kathmandu
level2_code_but_district_name1,002005027034,Kathmandu
level2_code_but_district_name1,002005027035,Kathmandu
level2_code_but_district_name1,002005027036,Kathmandu
level2_code_but_district_name1,002005027037,Kathmandu
level2_code_but_district_name1,002005027038,Kathmandu
level2_code_but_district_name1,002005027039,Kathmandu
level2_code_but_district_name1,002005027040,Kathmandu
level2_code_but_district_name1,002005027041,Kathmandu
level2_code_but_district_name1,002005027042,Kathmandu
level2_code_but_district_name1,002005027043,Kathmandu
level2_code_but_district_name1,002005027044,Kathmandu
level2_code_but_district_name1,002005027045,Kathmandu
level2_code_but_district_name1,002005027046,Kathmandu
level2_code_but_district_name1,002005027047,Kathmandu
level2_code_but_district_name1,002005027048,Kathmandu
level2_code_but_district_name1,002005027049,Kathmandu
level2_code_but_district_name1,002005027052,Kathmandu
level2_code_but_district_name1,002005027053,Kathmandu
level2_code_but_district_name1,002005027054,Kathmandu
level2_code_but_district_name1,002005027056,Kathmandu
level2_code_but_district_name1,002005027057,Kathmandu
level2_code_but_district_name1,002005027058,Kathmandu
level2_code_but_district_name1,002005028001,Nuwakot
level2_code_but_district_name1,002005028002,Nuwakot
level2_code_but_district_name1,002005028003,Nuwakot
level2_code_but_district_name1,002005028004,Nuwakot
level2_code_but_district_name1,002005028005,Nuwakot
level2_code_but_district_name1,002005028006,Nuwakot
level2_code_but_district_name1,002005028007,Nuwakot
level2_code_but_district_name1,002005028008,Nuwakot
level2_code_but_district_name1,002005028009,Nuwakot
level2_code_but_district_name1,002005028010,Nuwakot
level2_code_but_district_name1,002005028011,Nuwakot
level2_code_but_district_name1,002005028012,Nuwakot
level2_code_but_district_name1,002005028013,Nuwakot
level2_code_but_district_name1,002005028014,Nuwakot
level2_code_but_district_name1,002005028015,Nuwakot
level2_code_but_district_name1,002005028016,Nuwakot
level2_code_but_district_name1,002005028017,Nuwakot
level2_code_but_district_name1,002005028018,Nuwakot
level2_code_but_district_name1,002005028019,Nuwakot
level2_code_but_district_name1,002005028020,Nuwakot
level2_code_but_district_name1,002005028021,Nuwakot
level2_code_but_district_name1,002005028022,Nuwakot
level2_code_but_district_name1,002005028023,Nuwakot
level2_code_but_district_name1,002005028024,Nuwakot
level2_code_but_district_name1,002005028025,Nuwakot
level2_code_but_district_name1,002005028026,Nuwakot
level2_code_but_district_name1,002005028027,Nuwakot
level2_code_but_district_name1,002005028028,Nuwakot
level2_code_but_district_name1,002005028029,Nuwakot
level2_code_but_district_name1,002005028030,Nuwakot
level2_code_but_district_name1,002005028031,Nuwakot
level2_code_but_district_name1,002005028032,Nuwakot
level2_code_but_district_name1,002005028033,Nuwakot
level2_code_but_district_name1,002005028034,Nuwakot
level2_code_but_district_name1,002005028035,Nuwakot
level2_code_but_district_name1,002005028036,Nuwakot
level2_code_but_district_name1,002005028037,Nuwakot
level2_code_but_district_name1,002005028038,Nuwakot
level2_code_but_district_name1,002005028039,Nuwakot
level2_code_but_district_name1,002005028040,Nuwakot
level2_code_but_district_name1,002005028041,Nuwakot
level2_code_but_district_name1,002005028042,Nuwakot
level2_code_but_district_name1,002005028043,Nuwakot
level2_code_but_district_name1,002005028044,Nuwakot
level2_code_but_district_name1,002005028045,Nuwakot
level2_code_but_district_name1,002005028046,Nuwakot
level2_code_but_district_name1,002005028047,Nuwakot
level2_code_but_district_name1,002005028048,Nuwakot
level2_code_but_district_name1,002005028049,Nuwakot
level2_code_but_district_name1,002005028050,Nuwakot
level2_code_but_district_name1,002005028051,Nuwakot
level2_code_but_district_name1,002005028052,Nuwakot
level2_code_but_district_name1,002005028053,Nuwakot
level2_code_but_district_name1,002005028054,Nuwakot
level2_code_but_district_name1,002005028055,Nuwakot
level2_code_but_district_name1,002005028056,Nuwakot
level2_code_but_district_name1,002005028057,Nuwakot
level2_code_but_district_name1,002005028058,Nuwakot
level2_code_but_district_name1,002005028059,Nuwakot
level2_code_but_district_name1,002005028060,Nuwakot
level2_code_but_district_name1,002005028062,Nuwakot
level2_code_but_district_name1,002005030001,Dhading
level2_code_but_district_name1,002005030002,Dhading
level2_code_but_district_name1,002005030003,Dhading
level2_code_but_district_name1,002005030004,Dhading
level2_code_but_district_name1,002005030005,Dhading
level2_code_but_district_name1,002005030006,Dhading
level2_code_but_district_name1,002005030007,Dhading
level2_code_but_district_name1,002005030008,Dhading
level2_code_but_district_name1,002005030009,Dhading
level2_code_but_district_name1,002005030010,Dhading
level2_code_but_district_name1,002005030011,Dhading
level2_code_but_district_name1,002005030012,Dhading
level2_code_but_district_name1,002005030013,Dhading
level2_code_but_district_name1,002005030014,Dhading
level2_code_but_district_name1,002005030015,Dhading
level2_code_but_district_name1,002005030016,Dhading
level2_code_but_district_name1,002005030017,Dhading
level2_code_but_district_name1,002005030018,Dhading
level2_code_but_district_name1,002005030019,Dhading
level2_code_but_district_name1,002005030020,Dhading
level2_code_but_district_name1,002005030021,Dhading
level2_code_but_district_name1,002005030022,Dhading
level2_code_but_district_name1,002005030023,Dhading
level2_code_but_district_name1,002005030024,Dhading
level2_code_but_district_name1,002005030025,Dhading
level2_code_but_district_name1,002005030026,Dhading
level2_code_but_district_name1,002005030027,Dhading
level2_code_but_district_name1,002005030028,Dhading
level2_code_but_district_name1,002005030029,Dhading
level2_code_but_district_name1,002005030030,Dhading
level2_code_but_district_name1,002005030031,Dhading
level2_code_but_district_name1,002005030032,Dhading
level2_code_but_district_name1,002005030033,Dhading
level2_code_but_district_name1,002005030034,Dhading
level2_code_but_district_name1,002005030035,Dhading
level2_code_but_district_name1,002005030036,Dhading
level2_code_but_district_name1,002005030037,Dhading
level2_code_but_district_name1,002005030038,Dhading
level2_code_but_district_name1,002005030039,Dhading
level2_code_but_district_name1,002005030040,Dhading
level2_code_but_district_name1,002005030041,Dhading
level2_code_but_district_name1,002005030042,Dhading
level2_code_but_district_name1,002005030043,Dhading
level2_code_but_district_name1,002005030044,Dhading
level2_code_but_district_name1,002005030045,Dhading
level2_code_but_district_name1,002005030046,Dhading
level2_code_but_district_name1,002005030047,Dhading
level2_code_but_district_name1,002005030048,Dhading
level2_code_but_district_name1,002005030049,Dhading
level2_code_but_district_name1,002005030050,Dhading
level2_code_but_district_name1,002005031001,Makwanpur
level2_code_but_district_name1,002005031002,Makwanpur
level2_code_but_district_name1,002005031003,Makwanpur
level2_code_but_district_name1,002005031004,Makwanpur
level2_code_but_district_name1,002005031005,Makwanpur
level2_code_but_district_name1,002005031007,Makwanpur
level2_code_but_district_name1,002005031008,Makwanpur
level2_code_but_district_name1,002005031009,Makwanpur
level2_code_but_district_name1,002005031010,Makwanpur
level2_code_but_district_name1,002005031011,Makwanpur
level2_code_but_district_name1,002005031012,Makwanpur
level2_code_but_district_name1,002005031013,Makwanpur
level2_code_but_district_name1,002005031014,Makwanpur
level2_code_but_district_name1,002005031015,Makwanpur
level2_code_but_district_name1,002005031016,Makwanpur
level2_code_but_district_name1,002005031017,Makwanpur
level2_code_but_district_name1,002005031018,Makwanpur
level2_code_but_district_name1,002005031019,Makwanpur
level2_code_but_district_name1,002005031020,Makwanpur
level2_code_but_district_name1,002005031021,Makwanpur
level2_code_but_district_name1,002005031022,Makwanpur
level2_code_but_district_name1,002005031023,Makwanpur
level2_code_but_district_name1,002005031024,Makwanpur
level2_code_but_district_name1,002005031025,Makwanpur
level2_code_but_district_name1,002005031026,Makwanpur
level2_code_but_district_name1,002005031027,Makwanpur
level2_code_but_district_name1,002005031028,Makwanpur
level2_code_but_district_name1,002005031029,Makwanpur
level2_code_but_district_name1,002005031030,Makwanpur
level2_code_but_district_name1,002005031031,Makwanpur
level2_code_but_district_name1,002005031032,Makwanpur
level2_code_but_district_name1,002005031033,Makwanpur
level2_code_but_district_name1,002005031034,Makwanpur
level2_code_but_district_name1,002005031035,Makwanpur
level2_code_but_district_name1,002005031036,Makwanpur
level2_code_but_district_name1,002005031037,Makwanpur
level2_code_but_district_name1,002005031038,Makwanpur
level2_code_but_district_name1,002005031039,Makwanpur
level2_code_but_district_name1,002005031040,Makwanpur
level2_code_but_district_name1,002005031041,Makwanpur
level2_code_but_district_name1,002005031042,Makwanpur
level2_code_but_district_name1,002005031043,Makwanpur
level2_code_but_district_name1,002005031044,Makwanpur
level2_code_but_district_name1,002006017001,Dhanusa
level2_code_but_district_name1,002006017002,Dhanusa
level2_code_but_district_name1,002006017003,Dhanusa
level2_code_but_district_name1,002006017004,Dhanusa
level2_code_but_district_name1,002006017005,Dhanusa
level2_code_but_district_name1,002006017006,Dhanusa
level2_code_but_district_name1,002006017007,Dhanusa
level2_code_but_district_name1,002006017008,Dhanusa
level2_code_but_district_name1,002006017009,Dhanusa
level2_code_but_district_name1,002006017010,Dhanusa
level2_code_but_district_name1,002006017011,Dhanusa
level2_code_but_district_name1,002006017012,Dhanusa
level2_code_but_district_name1,002006017015,Dhanusa
level2_code_but_district_name1,002006017016,Dhanusa
level2_code_but_district_name1,002006017019,Dhanusa
level2_code_but_district_name1,002006017020,Dhanusa
level2_code_but_district_name1,002006017022,Dhanusa
level2_code_but_district_name1,002006017024,Dhanusa
level2_code_but_district_name1,002006017025,Dhanusa
level2_code_but_district_name1,002006017026,Dhanusa
level2_code_but_district_name1,002006017027,Dhanusa
level2_code_but_district_name1,002006017028,Dhanusa
level2_code_but_district_name1,002006017029,Dhanusa
level2_code_but_district_name1,002006017030,Dhanusa
level2_code_but_district_name1,002006017031,Dhanusa
level2_code_but_district_name1,002006017033,Dhanusa
level2_code_but_district_name1,002006017034,Dhanusa
level2_code_but_district_name1,002006017035,Dhanusa
level2_code_but_district_name1,002006017036,Dhanusa
level2_code_but_district_name1,002006017037,Dhanusa
level2_code_but_district_name1,002006017038,Dhanusa
level2_code_but_district_name1,002006017039,Dhanusa
level2_code_but_district_name1,002006017040,Dhanusa
level2_code_but_district_name1,002006017041,Dhanusa
level2_code_but_district_name1,002006017043,Dhanusa
level2_code_but_district_name1,002006017044,Dhanusa
level2_code_but_district_name1,002006017045,Dhanusa
level2_code_but_district_name1,002006017046,Dhanusa
level2_code_but_district_name1,002006017047,Dhanusa
level2_code_but_district_name1,002006017048,Dhanusa
level2_code_but_district_name1,002006017049,Dhanusa
level2_code_but_district_name1,002006017050,Dhanusa
level2_code_but_district_name1,002006017051,Dhanusa
level2_code_but_district_name1,002006017052,Dhanusa
level2_code_but_district_name1,002006017053,Dhanusa
level2_code_but_district_name1,002006017054,Dhanusa
level2_code_but_district_name1,002006017055,Dhanusa
level2_code_but_district_name1,002006017056,Dhanusa
level2_code_but_district_name1,002006017058,Dhanusa
level2_code_but_district_name1,002006017059,Dhanusa
level2_code_but_district_name1,002006017060,Dhanusa
level2_code_but_district_name1,002006017061,Dhanusa
level2_code_but_district_name1,002006017062,Dhanusa
level2_code_but_district_name1,002006017064,Dhanusa
level2_code_but_district_name1,002006017065,Dhanusa
level2_code_but_district_name1,002006017066,Dhanusa
level2_code_but_district_name1,002006017067,Dhanusa
level2_code_but_district_name1,002006017068,Dhanusa
level2_code_but_district_name1,002006017069,Dhanusa
level2_code_but_district_name1,002006017070,Dhanusa
level2_code_but_district_name1,002006017071,Dhanusa
level2_code_but_district_name1,002006017072,Dhanusa
level2_code_but_district_name1,002006017073,Dhanusa
level2_code_but_district_name1,002006017074,Dhanusa
level2_code_but_district_name1,002006017075,Dhanusa
level2_code_but_district_name1,002006017076,Dhanusa
level2_code_but_district_name1,002006017078,Dhanusa
level2_code_but_district_name1,002006017079,Dhanusa
level2_code_but_district_name1,002006017080,Dhanusa
level2_code_but_district_name1,002006017082,Dhanusa
level2_code_but_district_name1,002006017083,Dhanusa
level2_code_but_district_name1,002006017084,Dhanusa
level2_code_but_district_name1,002006017085,Dhanusa
level2_code_but_district_name1,002006017086,Dhanusa
level2_code_but_district_name1,002006017088,Dhanusa
level2_code_but_district_name1,002006017089,Dhanusa
level2_code_but_district_name1,002006017090,Dhanusa
level2_code_but_district_name1,002006017091,Dhanusa
level2_code_but_district_name1,002006017093,Dhanusa
level2_code_but_district_name1,002006017094,Dhanusa
level2_code_but_district_name1,002006017096,Dhanusa
level2_code_but_district_name1,002006017097,Dhanusa
level2_code_but_district_name1,002006017098,Dhanusa
level2_code_but_district_name1,002006017100,Dhanusa
level2_code_but_district_name1,002006017101,Dhanusa
level2_code_but_district_name1,002006017103,Dhanusa
level2_code_but_district_name1,002006017105,Dhanusa
level2_code_but_district_name1,002006018001,Mahotari
level2_code_but_district_name1,002006018002,Mahotari
level2_code_but_district_name1,002006018003,Mahotari
level2_code_but_district_name1,002006018004,Mahotari
level2_code_but_district_name1,002006018005,Mahotari
level2_code_but_district_name1,002006018006,Mahotari
level2_code_but_district_name1,002006018007,Mahotari
level2_code_but_district_name1,002006018008,Mahotari
level2_code_but_district_name1,002006018009,Mahotari
level2_code_but_district_name1,002006018010,Mahotari
level2_code_but_district_name1,002006018011,Mahotari
level2_code_but_district_name1,002006018012,Mahotari
level2_code_but_district_name1,002006018013,Mahotari
level2_code_but_district_name1,002006018014,Mahotari
level2_code_but_district_name1,002006018015,Mahotari
level2_code_but_district_name1,002006018016,Mahotari
level2_code_but_district_name1,002006018017,Mahotari
level2_code_but_district_name1,002006018018,Mahotari
level2_code_but_district_name1,002006018019,Mahotari
level2_code_but_district_name1,002006018020,Mahotari
level2_code_but_district_name1,002006018021,Mahotari
level2_code_but_district_name1,002006018022,Mahotari
level2_code_but_district_name1,002006018023,Mahotari
level2_code_but_district_name1,002006018024,Mahotari
level2_code_but_district_name1,002006018026,Mahotari
level2_code_but_district_name1,002006018027,Mahotari
level2_code_but_district_name1,002006018028,Mahotari
level2_code_but_district_name1,002006018029,Mahotari
level2_code_but_district_name1,002006018030,Mahotari
level2_code_but_district_name1,002006018031,Mahotari
level2_code_but_district_name1,002006018032,Mahotari
level2_code_but_district_name1,002006018033,Mahotari
level2_code_but_district_name1,002006018034,Mahotari
level2_code_but_district_name1,002006018035,Mahotari
level2_code_but_district_name1,002006018037,Mahotari
level2_code_but_district_name1,002006018038,Mahotari
level2_code_but_district_name1,002006018039,Mahotari
level2_code_but_district_name1,002006018040,Mahotari
level2_code_but_district_name1,002006018041,Mahotari
level2_code_but_district_name1,002006018042,Mahotari
level2_code_but_district_name1,002006018043,Mahotari
level2_code_but_district_name1,002006018044,Mahotari
level2_code_but_district_name1,002006018045,Mahotari
level2_code_but_district_name1,002006018046,Mahotari
level2_code_but_district_name1,002006018048,Mahotari
level2_code_but_district_name1,002006018049,Mahotari
level2_code_but_district_name1,002006018050,Mahotari
level2_code_but_district_name1,002006018051,Mahotari
level2_code_but_district_name1,002006018052,Mahotari
level2_code_but_district_name1,002006018053,Mahotari
level2_code_but_district_name1,002006018054,Mahotari
level2_code_but_district_name1,002006018055,Mahotari
level2_code_but_district_name1,002006018056,Mahotari
level2_code_but_district_name1,002006018057,Mahotari
level2_code_but_district_name1,002006018058,Mahotari
level2_code_but_district_name1,002006018059,Mahotari
level2_code_but_district_name1,002006018060,Mahotari
level2_code_but_district_name1,002006018061,Mahotari
level2_code_but_district_name1,002006018062,Mahotari
level2_code_but_district_name1,002006018063,Mahotari
level2_code_but_district_name1,002006018064,Mahotari
level2_code_but_district_name1,002006018065,Mahotari
level2_code_but_district_name1,002006018066,Mahotari
level2_code_but_district_name1,002006018067,Mahotari
level2_code_but_district_name1,002006018068,Mahotari
level2_code_but_district_name1,002006018069,Mahotari
level2_code_but_district_name1,002006018070,Mahotari
level2_code_but_district_name1,002006018071,Mahotari
level2_code_but_district_name1,002006018072,Mahotari
level2_code_but_district_name1,002006018073,Mahotari
level2_code_but_district_name1,002006018074,Mahotari
level2_code_but_district_name1,002006018075,Mahotari
level2_code_but_district_name1,002006018076,Mahotari
level2_code_but_district_name1,002006018077,Mahotari
level2_code_but_district_name1,002006019001,Sarlahi
level2_code_but_district_name1,002006019002,Sarlahi
level2_code_but_district_name1,002006019003,Sarlahi
level2_code_but_district_name1,002006019004,Sarlahi
level2_code_but_district_name1,002006019005,Sarlahi
level2_code_but_district_name1,002006019006,Sarlahi
level2_code_but_district_name1,002006019007,Sarlahi
level2_code_but_district_name1,002006019008,Sarlahi
level2_code_but_district_name1,002006019009,Sarlahi
level2_code_but_district_name1,002006019010,Sarlahi
level2_code_but_district_name1,002006019011,Sarlahi
level2_code_but_district_name1,002006019012,Sarlahi
level2_code_but_district_name1,002006019013,Sarlahi
level2_code_but_district_name1,002006019014,Sarlahi
level2_code_but_district_name1,002006019015,Sarlahi
level2_code_but_district_name1,002006019016,Sarlahi
level2_code_but_district_name1,002006019017,Sarlahi
level2_code_but_district_name1,002006019018,Sarlahi
level2_code_but_district_name1,002006019019,Sarlahi
level2_code_but_district_name1,002006019020,Sarlahi
level2_code_but_district_name1,002006019021,Sarlahi
level2_code_but_district_name1,002006019022,Sarlahi
level2_code_but_district_name1,002006019023,Sarlahi
level2_code_but_district_name1,002006019024,Sarlahi
level2_code_but_district_name1,002006019025,Sarlahi
level2_code_but_district_name1,002006019026,Sarlahi
level2_code_but_district_name1,002006019027,Sarlahi
level2_code_but_district_name1,002006019028,Sarlahi
level2_code_but_district_name1,002006019029,Sarlahi
level2_code_but_district_name1,002006019030,Sarlahi
level2_code_but_district_name1,002006019032,Sarlahi
level2_code_but_district_name1,002006019033,Sarlahi
level2_code_but_district_name1,002006019034,Sarlahi
level2_code_but_district_name1,002006019035,Sarlahi
level2_code_but_district_name1,002006019036,Sarlahi
level2_code_but_district_name1,002006019037,Sarlahi
level2_code_but_district_name1,002006019040,Sarlahi
level2_code_but_district_name1,002006019043,Sarlahi
level2_code_but_district_name1,002006019044,Sarlahi
level2_code_but_district_name1,002006019045,Sarlahi
level2_code_but_district_name1,002006019046,Sarlahi
level2_code_but_district_name1,002006019048,Sarlahi
level2_code_but_district_name1,002006019049,Sarlahi
level2_code_but_district_name1,002006019050,Sarlahi
level2_code_but_district_name1,002006019051,Sarlahi
level2_code_but_district_name1,002006019052,Sarlahi
level2_code_but_district_name1,002006019054,Sarlahi
level2_code_but_district_name1,002006019055,Sarlahi
level2_code_but_district_name1,002006019056,Sarlahi
level2_code_but_district_name1,002006019057,Sarlahi
level2_code_but_district_name1,002006019059,Sarlahi
level2_code_but_district_name1,002006019060,Sarlahi
level2_code_but_district_name1,002006019061,Sarlahi
level2_code_but_district_name1,002006019062,Sarlahi
level2_code_but_district_name1,002006019063,Sarlahi
level2_code_but_district_name1,002006019064,Sarlahi
level2_code_but_district_name1,002006019065,Sarlahi
level2_code_but_district_name1,002006019066,Sarlahi
level2_code_but_district_name1,002006019068,Sarlahi
level2_code_but_district_name1,002006019069,Sarlahi
level2_code_but_district_name1,002006019070,Sarlahi
level2_code_but_district_name1,002006019071,Sarlahi
level2_code_but_district_name1,002006019074,Sarlahi
level2_code_but_district_name1,002006019075,Sarlahi
level2_code_but_district_name1,002006019076,Sarlahi
level2_code_but_district_name1,002006019077,Sarlahi
level2_code_but_district_name1,002006019078,Sarlahi
level2_code_but_district_name1,002006019079,Sarlahi
level2_code_but_district_name1,002006019080,Sarlahi
level2_code_but_district_name1,002006019081,Sarlahi
level2_code_but_district_name1,002006019082,Sarlahi
level2_code_but_district_name1,002006019083,Sarlahi
level2_code_but_district_name1,002006019084,Sarlahi
level2_code_but_district_name1,002006019085,Sarlahi
level2_code_but_district_name1,002006019086,Sarlahi
level2_code_but_district_name1,002006019087,Sarlahi
level2_code_but_district_name1,002006019088,Sarlahi
level2_code_but_district_name1,002006019089,Sarlahi
level2_code_but_district_name1,002006019090,Sarlahi
level2_code_but_district_name1,002006019091,Sarlahi
level2_code_but_district_name1,002006019092,Sarlahi
level2_code_but_district_name1,002006019093,Sarlahi
level2_code_but_district_name1,002006019095,Sarlahi
level2_code_but_district_name1,002006019097,Sarlahi
level2_code_but_district_name1,002006019098,Sarlahi
level2_code_but_district_name1,002006019099,Sarlahi
level2_code_but_district_name1,002006032001,Rautahat
level2_code_but_district_name1,002006032002,Rautahat
level2_code_but_district_name1,002006032003,Rautahat
level2_code_but_district_name1,002006032004,Rautahat
level2_code_but_district_name1,002006032005,Rautahat
level2_code_but_district_name1,002006032006,Rautahat
level2_code_but_district_name1,002006032007,Rautahat
level2_code_but_district_name1,002006032008,Rautahat
level2_code_but_district_name1,002006032009,Rautahat
level2_code_but_district_name1,002006032010,Rautahat
level2_code_but_district_name1,002006032012,Rautahat
level2_code_but_district_name1,002006032013,Rautahat
level2_code_but_district_name1,002006032014,Rautahat
level2_code_but_district_name1,002006032015,Rautahat
level2_code_but_district_name1,002006032016,Rautahat
level2_code_but_district_name1,002006032017,Rautahat
level2_code_but_district_name1,002006032018,Rautahat
level2_code_but_district_name1,002006032020,Rautahat
level2_code_but_district_name1,002006032021,Rautahat
level2_code_but_district_name1,002006032022,Rautahat
level2_code_but_district_name1,002006032023,Rautahat
level2_code_but_district_name1,002006032024,Rautahat
level2_code_but_district_name1,002006032025,Rautahat
level2_code_but_district_name1,002006032026,Rautahat
level2_code_but_district_name1,002006032027,Rautahat
level2_code_but_district_name1,002006032028,Rautahat
level2_code_but_district_name1,002006032029,Rautahat
level2_code_but_district_name1,002006032030,Rautahat
level2_code_but_district_name1,002006032031,Rautahat
level2_code_but_district_name1,002006032032,Rautahat
level2_code_but_district_name1,002006032033,Rautahat
level2_code_but_district_name1,002006032034,Rautahat
level2_code_but_district_name1,002006032035,Rautahat
level2_code_but_district_name1,002006032036,Rautahat
level2_code_but_district_name1,002006032037,Rautahat
level2_code_but_district_name1,002006032038,Rautahat
level2_code_but_district_name1,002006032039,Rautahat
level2_code_but_district_name1,002006032040,Rautahat
level2_code_but_district_name1,002006032041,Rautahat
level2_code_but_district_name1,002006032042,Rautahat
level2_code_but_district_name1,002006032043,Rautahat
level2_code_but_district_name1,002006032044,Rautahat
level2_code_but_district_name1,002006032045,Rautahat
level2_code_but_district_name1,002006032046,Rautahat
level2_code_but_district_name1,002006032048,Rautahat
level2_code_but_district_name1,002006032049,Rautahat
level2_code_but_district_name1,002006032050,Rautahat
level2_code_but_district_name1,002006032051,Rautahat
level2_code_but_district_name1,002006032052,Rautahat
level2_code_but_district_name1,002006032053,Rautahat
level2_code_but_district_name1,002006032055,Rautahat
level2_code_but_district_name1,002006032056,Rautahat
level2_code_but_district_name1,002006032057,Rautahat
level2_code_but_district_name1,002006032058,Rautahat
level2_code_but_district_name1,002006032059,Rautahat
level2_code_but_district_name1,002006032060,Rautahat
level2_code_but_district_name1,002006032061,Rautahat
level2_code_but_district_name1,002006032062,Rautahat
level2_code_but_district_name1,002006032063,Rautahat
level2_code_but_district_name1,002006032064,Rautahat
level2_code_but_district_name1,002006032066,Rautahat
level2_code_but_district_name1,002006032067,Rautahat
level2_code_but_district_name1,002006032068,Rautahat
level2_code_but_district_name1,002006032069,Rautahat
level2_code_but_district_name1,002006032070,Rautahat
level2_code_but_district_name1,002006032071,Rautahat
level2_code_but_district_name1,002006032072,Rautahat
level2_code_but_district_name1,002006032073,Rautahat
level2_code_but_district_name1,002006032074,Rautahat
level2_code_but_district_name1,002006032075,Rautahat
level2_code_but_district_name1,002006032076,Rautahat
level2_code_but_district_name1,002006032077,Rautahat
level2_code_but_district_name1,002006032078,Rautahat
level2_code_but_district_name1,002006032079,Rautahat
level2_code_but_district_name1,002006032080,Rautahat
level2_code_but_district_name1,002006032081,Rautahat
level2_code_but_district_name1,002006032082,Rautahat
level2_code_but_district_name1,002006032083,Rautahat
level2_code_but_district_name1,002006032084,Rautahat
level2_code_but_district_name1,002006032085,Rautahat
level2_code_but_district_name1,002006032086,Rautahat
level2_code_but_district_name1,002006032087,Rautahat
level2_code_but_district_name1,002006032088,Rautahat
level2_code_but_district_name1,002006032089,Rautahat
level2_code_but_district_name1,002006032090,Rautahat
level2_code_but_district_name1,002006032092,Rautahat
level2_code_but_district_name1,002006032093,Rautahat
level2_code_but_district_name1,002006032094,Rautahat
level2_code_but_district_name1,002006032095,Rautahat
level2_code_but_district_name1,002006032096,Rautahat
level2_code_but_district_name1,002006032097,Rautahat
level2_code_but_district_name1,002006033001,Bara
level2_code_but_district_name1,002006033002,Bara
level2_code_but_district_name1,002006033003,Bara
level2_code_but_district_name1,002006033004,Bara
level2_code_but_district_name1,002006033005,Bara
level2_code_but_district_name1,002006033006,Bara
level2_code_but_district_name1,002006033007,Bara
level2_code_but_district_name1,002006033008,Bara
level2_code_but_district_name1,002006033009,Bara
level2_code_but_district_name1,002006033010,Bara
level2_code_but_district_name1,002006033011,Bara
level2_code_but_district_name1,002006033013,Bara
level2_code_but_district_name1,002006033014,Bara
level2_code_but_district_name1,002006033015,Bara
level2_code_but_district_name1,002006033016,Bara
level2_code_but_district_name1,002006033017,Bara
level2_code_but_district_name1,002006033018,Bara
level2_code_but_district_name1,002006033019,Bara
level2_code_but_district_name1,002006033020,Bara
level2_code_but_district_name1,002006033021,Bara
level2_code_but_district_name1,002006033022,Bara
level2_code_but_district_name1,002006033024,Bara
level2_code_but_district_name1,002006033025,Bara
level2_code_but_district_name1,002006033026,Bara
level2_code_but_district_name1,002006033027,Bara
level2_code_but_district_name1,002006033028,Bara
level2_code_but_district_name1,002006033031,Bara
level2_code_but_district_name1,002006033032,Bara
level2_code_but_district_name1,002006033033,Bara
level2_code_but_district_name1,002006033034,Bara
level2_code_but_district_name1,002006033035,Bara
level2_code_but_district_name1,002006033036,Bara
level2_code_but_district_name1,002006033037,Bara
level2_code_but_district_name1,002006033038,Bara
level2_code_but_district_name1,002006033039,Bara
level2_code_but_district_name1,002006033040,Bara
level2_code_but_district_name1,002006033041,Bara
level2_code_but_district_name1,002006033042,Bara
level2_code_but_district_name1,002006033043,Bara
level2_code_but_district_name1,002006033044,Bara
level2_code_but_district_name1,002006033045,Bara
level2_code_but_district_name1,002006033046,Bara
level2_code_but_district_name1,002006033047,Bara
level2_code_but_district_name1,002006033048,Bara
level2_code_but_district_name1,002006033050,Bara
level2_code_but_district_name1,002006033051,Bara
level2_code_but_district_name1,002006033052,Bara
level2_code_but_district_name1,002006033053,Bara
level2_code_but_district_name1,002006033054,Bara
level2_code_but_district_name1,002006033055,Bara
level2_code_but_district_name1,002006033056,Bara
level2_code_but_district_name1,002006033057,Bara
level2_code_but_district_name1,002006033058,Bara
level2_code_but_district_name1,002006033059,Bara
level2_code_but_district_name1,002006033060,Bara
level2_code_but_district_name1,002006033061,Bara
level2_code_but_district_name1,002006033062,Bara
level2_code_but_district_name1,002006033063,Bara
level2_code_but_district_name1,002006033064,Bara
level2_code_but_district_name1,002006033066,Bara
level2_code_but_district_name1,002006033067,Bara
level2_code_but_district_name1,002006033068,Bara
level2_code_but_district_name1,002006033069,Bara
level2_code_but_district_name1,002006033070,Bara
level2_code_but_district_name1,002006033071,Bara
level2_code_but_district_name1,002006033073,Bara
level2_code_but_district_name1,002006033074,Bara
level2_code_but_district_name1,002006033075,Bara
level2_code_but_district_name1,002006033076,Bara
level2_code_but_district_name1,002006033077,Bara
level2_code_but_district_name1,002006033078,Bara
level2_code_but_district_name1,002006033079,Bara
level2_code_but_district_name1,002006033080,Bara
level2_code_but_district_name1,002006033081,Bara
level2_code_but_district_name1,002006033082,Bara
level2_code_but_district_name1,002006033083,Bara
level2_code_but_district_name1,002006033084,Bara
level2_code_but_district_name1,002006033085,Bara
level2_code_but_district_name1,002006033086,Bara
level2_code_but_district_name1,002006033087,Bara
level2_code_but_district_name1,002006033088,Bara
level2_code_but_district_name1,002006033089,Bara
level2_code_but_district_name1,002006033091,Bara
level2_code_but_district_name1,002006033092,Bara
level2_code_but_district_name1,002006033093,Bara
level2_code_but_district_name1,002006033094,Bara
level2_code_but_district_name1,002006033095,Bara
level2_code_but_district_name1,002006033096,Bara
level2_code_but_district_name1,002006033097,Bara
level2_code_but_district_name1,002006033098,Bara
level2_code_but_district_name1,002006033099,Bara
level2_code_but_district_name1,002006034001,Parsa
level2_code_but_district_name1,002006034002,Parsa
level2_code_but_district_name1,002006034003,Parsa
level2_code_but_district_name1,002006034004,Parsa
level2_code_but_district_name1,002006034007,Parsa
level2_code_but_district_name1,002006034008,Parsa
level2_code_but_district_name1,002006034010,Parsa
level2_code_but_district_name1,002006034011,Parsa
level2_code_but_district_name1,002006034012,Parsa
level2_code_but_district_name1,002006034013,Parsa
level2_code_but_district_name1,002006034014,Parsa
level2_code_but_district_name1,002006034015,Parsa
level2_code_but_district_name1,002006034016,Parsa
level2_code_but_district_name1,002006034017,Parsa
level2_code_but_district_name1,002006034018,Parsa
level2_code_but_district_name1,002006034019,Parsa
level2_code_but_district_name1,002006034022,Parsa
level2_code_but_district_name1,002006034023,Parsa
level2_code_but_district_name1,002006034024,Parsa
level2_code_but_district_name1,002006034025,Parsa
level2_code_but_district_name1,002006034029,Parsa
level2_code_but_district_name1,002006034030,Parsa
level2_code_but_district_name1,002006034032,Parsa
level2_code_but_district_name1,002006034034,Parsa
level2_code_but_district_name1,002006034035,Parsa
level2_code_but_district_name1,002006034036,Parsa
level2_code_but_district_name1,002006034037,Parsa
level2_code_but_district_name1,002006034038,Parsa
level2_code_but_district_name1,002006034039,Parsa
level2_code_but_district_name1,002006034041,Parsa
level2_code_but_district_name1,002006034042,Parsa
level2_code_but_district_name1,002006034043,Parsa
level2_code_but_district_name1,002006034044,Parsa
level2_code_but_district_name1,002006034045,Parsa
level2_code_but_district_name1,002006034046,Parsa
level2_code_but_district_name1,002006034047,Parsa
level2_code_but_district_name1,002006034048,Parsa
level2_code_but_district_name1,002006034049,Parsa
level2_code_but_district_name1,002006034050,Parsa
level2_code_but_district_name1,002006034051,Parsa
level2_code_but_district_name1,002006034052,Parsa
level2_code_but_district_name1,002006034053,Parsa
level2_code_but_district_name1,002006034054,Parsa
level2_code_but_district_name1,002006034055,Parsa
level2_code_but_district_name1,002006034056,Parsa
level2_code_but_district_name1,002006034057,Parsa
level2_code_but_district_name1,002006034058,Parsa
level2_code_but_district_name1,002006034059,Parsa
level2_code_but_district_name1,002006034060,Parsa
level2_code_but_district_name1,002006034061,Parsa
level2_code_but_district_name1,002006034062,Parsa
level2_code_but_district_name1,002006034063,Parsa
level2_code_but_district_name1,002006034064,Parsa
level2_code_but_district_name1,002006034065,Parsa
level2_code_but_district_name1,002006034066,Parsa
level2_code_but_district_name1,002006034067,Parsa
level2_code_but_district_name1,002006034068,Parsa
level2_code_but_district_name1,002006034069,Parsa
level2_code_but_district_name1,002006034070,Parsa
level2_code_but_district_name1,002006034071,Parsa
level2_code_but_district_name1,002006034072,Parsa
level2_code_but_district_name1,002006034073,Parsa
level2_code_but_district_name1,002006034074,Parsa
level2_code_but_district_name1,002006034075,Parsa
level2_code_but_district_name1,002006034076,Parsa
level2_code_but_district_name1,002006034077,Parsa
level2_code_but_district_name1,002006034078,Parsa
level2_code_but_district_name1,002006034079,Parsa
level2_code_but_district_name1,002006034080,Parsa
level2_code_but_district_name1,002006034081,Parsa
level2_code_but_district_name1,002006034082,Parsa
level2_code_but_district_name1,002006034083,Parsa
level2_code_but_district_name1,002006035001,Chitawan
level2_code_but_district_name1,002006035002,Chitawan
level2_code_but_district_name1,002006035003,Chitawan
level2_code_but_district_name1,002006035004,Chitawan
level2_code_but_district_name1,002006035005,Chitawan
level2_code_but_district_name1,002006035006,Chitawan
level2_code_but_district_name1,002006035007,Chitawan
level2_code_but_district_name1,002006035008,Chitawan
level2_code_but_district_name1,002006035009,Chitawan
level2_code_but_district_name1,002006035010,Chitawan
level2_code_but_district_name1,002006035011,Chitawan
level2_code_but_district_name1,002006035012,Chitawan
level2_code_but_district_name1,002006035013,Chitawan
level2_code_but_district_name1,002006035014,Chitawan
level2_code_but_district_name1,002006035015,Chitawan
level2_code_but_district_name1,002006035016,Chitawan
level2_code_but_district_name1,002006035017,Chitawan
level2_code_but_district_name1,002006035018,Chitawan
level2_code_but_district_name1,002006035019,Chitawan
level2_code_but_district_name1,002006035020,Chitawan
level2_code_but_district_name1,002006035021,Chitawan
level2_code_but_district_name1,002006035022,Chitawan
level2_code_but_district_name1,002006035023,Chitawan
level2_code_but_district_name1,002006035024,Chitawan
level2_code_but_district_name1,002006035025,Chitawan
level2_code_but_district_name1,002006035026,Chitawan
level2_code_but_district_name1,002006035028,Chitawan
level2_code_but_district_name1,002006035030,Chitawan
level2_code_but_district_name1,002006035031,Chitawan
level2_code_but_district_name1,002006035032,Chitawan
level2_code_but_district_name1,002006035033,Chitawan
level2_code_but_district_name1,002006035035,Chitawan
level2_code_but_district_name1,002006035036,Chitawan
level2_code_but_district_name1,002006035037,Chitawan
level2_code_but_district_name1,002006035038,Chitawan
level2_code_but_district_name1,002006035039,Chitawan
level2_code_but_district_name1,002006035040,Chitawan
level2_code_but_district_name1,002006035100,Chitawan
level2_code_but_district_name1,003007041001,Manang
level2_code_but_district_name1,003007041002,Manang
level2_code_but_district_name1,003007041003,Manang
level2_code_but_district_name1,003007041004,Manang
level2_code_but_district_name1,003007041005,Manang
level2_code_but_district_name1,003007041007,Manang
level2_code_but_district_name1,003007041008,Manang
level2_code_but_district_name1,003007041009,Manang
level2_code_but_district_name1,003007041010,Manang
level2_code_but_district_name1,003007041011,Manang
level2_code_but_district_name1,003007041012,Manang
level2_code_but_district_name1,003007041013,Manang
level2_code_but_district_name1,003007042001,Mustang
level2_code_but_district_name1,003007042002,Mustang
level2_code_but_district_name1,003007042003,Mustang
level2_code_but_district_name1,003007042004,Mustang
level2_code_but_district_name1,003007042006,Mustang
level2_code_but_district_name1,003007042007,Mustang
level2_code_but_district_name1,003007042008,Mustang
level2_code_but_district_name1,003007042009,Mustang
level2_code_but_district_name1,003007042010,Mustang
level2_code_but_district_name1,003007042011,Mustang
level2_code_but_district_name1,003007042012,Mustang
level2_code_but_district_name1,003007042013,Mustang
level2_code_but_district_name1,003007042014,Mustang
level2_code_but_district_name1,003007042015,Mustang
level2_code_but_district_name1,003008036001,Gorkha
level2_code_but_district_name1,003008036002,Gorkha
level2_code_but_district_name1,003008036003,Gorkha
level2_code_but_district_name1,003008036004,Gorkha
level2_code_but_district_name1,003008036007,Gorkha
level2_code_but_district_name1,003008036008,Gorkha
level2_code_but_district_name1,003008036011,Gorkha
level2_code_but_district_name1,003008036012,Gorkha
level2_code_but_district_name1,003008036013,Gorkha
level2_code_but_district_name1,003008036014,Gorkha
level2_code_but_district_name1,003008036015,Gorkha
level2_code_but_district_name1,003008036016,Gorkha
level2_code_but_district_name1,003008036017,Gorkha
level2_code_but_district_name1,003008036018,Gorkha
level2_code_but_district_name1,003008036019,Gorkha
level2_code_but_district_name1,003008036020,Gorkha
level2_code_but_district_name1,003008036021,Gorkha
level2_code_but_district_name1,003008036022,Gorkha
level2_code_but_district_name1,003008036023,Gorkha
level2_code_but_district_name1,003008036024,Gorkha
level2_code_but_district_name1,003008036025,Gorkha
level2_code_but_district_name1,003008036026,Gorkha
level2_code_but_district_name1,003008036027,Gorkha
level2_code_but_district_name1,003008036028,Gorkha
level2_code_but_district_name1,003008036029,Gorkha
level2_code_but_district_name1,003008036030,Gorkha
level2_code_but_district_name1,003008036031,Gorkha
level2_code_but_district_name1,003008036032,Gorkha
level2_code_but_district_name1,003008036033,Gorkha
level2_code_but_district_name1,003008036034,Gorkha
level2_code_but_district_name1,003008036035,Gorkha
level2_code_but_district_name1,003008036036,Gorkha
level2_code_but_district_name1,003008036038,Gorkha
level2_code_but_district_name1,003008036039,Gorkha
level2_code_but_district_name1,003008036040,Gorkha
level2_code_but_district_name1,003008036041,Gorkha
level2_code_but_district_name1,003008036042,Gorkha
level2_code_but_district_name1,003008036043,Gorkha
level2_code_but_district_name1,003008036044,Gorkha
level2_code_but_district_name1,003008036045,Gorkha
level2_code_but_district_name1,003008036046,Gorkha
level2_code_but_district_name1,003008036047,Gorkha
level2_code_but_district_name1,003008036048,Gorkha
level2_code_but_district_name1,003008036049,Gorkha
level2_code_but_district_name1,003008036050,Gorkha
level2_code_but_district_name1,003008036051,Gorkha
level2_code_but_district_name1,003008036052,Gorkha
level2_code_but_district_name1,003008036053,Gorkha
level2_code_but_district_name1,003008036054,Gorkha
level2_code_but_district_name1,003008036055,Gorkha
level2_code_but_district_name1,003008036056,Gorkha
level2_code_but_district_name1,003008036057,Gorkha
level2_code_but_district_name1,003008036058,Gorkha
level2_code_but_district_name1,003008036059,Gorkha
level2_code_but_district_name1,003008036060,Gorkha
level2_code_but_district_name1,003008036062,Gorkha
level2_code_but_district_name1,003008036063,Gorkha
level2_code_but_district_name1,003008036064,Gorkha
level2_code_but_district_name1,003008036065,Gorkha
level2_code_but_district_name1,003008036066,Gorkha
level2_code_but_district_name1,003008036067,Gorkha
level2_code_but_district_name1,003008037001,Lamjung
level2_code_but_district_name1,003008037002,Lamjung
level2_code_but_district_name1,003008037003,Lamjung
level2_code_but_district_name1,003008037004,Lamjung
level2_code_but_district_name1,003008037006,Lamjung
level2_code_but_district_name1,003008037007,Lamjung
level2_code_but_district_name1,003008037008,Lamjung
level2_code_but_district_name1,003008037009,Lamjung
level2_code_but_district_name1,003008037010,Lamjung
level2_code_but_district_name1,003008037011,Lamjung
level2_code_but_district_name1,003008037012,Lamjung
level2_code_but_district_name1,003008037013,Lamjung
level2_code_but_district_name1,003008037014,Lamjung
level2_code_but_district_name1,003008037015,Lamjung
level2_code_but_district_name1,003008037016,Lamjung
level2_code_but_district_name1,003008037017,Lamjung
level2_code_but_district_name1,003008037018,Lamjung
level2_code_but_district_name1,003008037019,Lamjung
level2_code_but_district_name1,003008037021,Lamjung
level2_code_but_district_name1,003008037023,Lamjung
level2_code_but_district_name1,003008037024,Lamjung
level2_code_but_district_name1,003008037025,Lamjung
level2_code_but_district_name1,003008037026,Lamjung
level2_code_but_district_name1,003008037027,Lamjung
level2_code_but_district_name1,003008037028,Lamjung
level2_code_but_district_name1,003008037029,Lamjung
level2_code_but_district_name1,003008037030,Lamjung
level2_code_but_district_name1,003008037031,Lamjung
level2_code_but_district_name1,003008037032,Lamjung
level2_code_but_district_name1,003008037034,Lamjung
level2_code_but_district_name1,003008037035,Lamjung
level2_code_but_district_name1,003008037036,Lamjung
level2_code_but_district_name1,003008037038,Lamjung
level2_code_but_district_name1,003008037039,Lamjung
level2_code_but_district_name1,003008037041,Lamjung
level2_code_but_district_name1,003008037042,Lamjung
level2_code_but_district_name1,003008037044,Lamjung
level2_code_but_district_name1,003008037045,Lamjung
level2_code_but_district_name1,003008037048,Lamjung
level2_code_but_district_name1,003008037049,Lamjung
level2_code_but_district_name1,003008037050,Lamjung
level2_code_but_district_name1,003008037051,Lamjung
level2_code_but_district_name1,003008037053,Lamjung
level2_code_but_district_name1,003008037054,Lamjung
level2_code_but_district_name1,003008037055,Lamjung
level2_code_but_district_name1,003008037056,Lamjung
level2_code_but_district_name1,003008037058,Lamjung
level2_code_but_district_name1,003008037059,Lamjung
level2_code_but_district_name1,003008037060,Lamjung
level2_code_but_district_name1,003008037061,Lamjung
level2_code_but_district_name1,003008038001,Tanahu
level2_code_but_district_name1,003008038002,Tanahu
level2_code_but_district_name1,003008038003,Tanahu
level2_code_but_district_name1,003008038004,Tanahu
level2_code_but_district_name1,003008038005,Tanahu
level2_code_but_district_name1,003008038006,Tanahu
level2_code_but_district_name1,003008038007,Tanahu
level2_code_but_district_name1,003008038008,Tanahu
level2_code_but_district_name1,003008038009,Tanahu
level2_code_but_district_name1,003008038010,Tanahu
level2_code_but_district_name1,003008038011,Tanahu
level2_code_but_district_name1,003008038012,Tanahu
level2_code_but_district_name1,003008038013,Tanahu
level2_code_but_district_name1,003008038014,Tanahu
level2_code_but_district_name1,003008038015,Tanahu
level2_code_but_district_name1,003008038016,Tanahu
level2_code_but_district_name1,003008038017,Tanahu
level2_code_but_district_name1,003008038018,Tanahu
level2_code_but_district_name1,003008038019,Tanahu
level2_code_but_district_name1,003008038020,Tanahu
level2_code_but_district_name1,003008038021,Tanahu
level2_code_but_district_name1,003008038022,Tanahu
level2_code_but_district_name1,003008038023,Tanahu
level2_code_but_district_name1,003008038024,Tanahu
level2_code_but_district_name1,003008038025,Tanahu
level2_code_but_district_name1,003008038026,Tanahu
level2_code_but_district_name1,003008038027,Tanahu
level2_code_but_district_name1,003008038028,Tanahu
level2_code_but_district_name1,003008038029,Tanahu
level2_code_but_district_name1,003008038030,Tanahu
level2_code_but_district_name1,003008038031,Tanahu
level2_code_but_district_name1,003008038032,Tanahu
level2_code_but_district_name1,003008038033,Tanahu
level2_code_but_district_name1,003008038034,Tanahu
level2_code_but_district_name1,003008038035,Tanahu
level2_code_but_district_name1,003008038036,Tanahu
level2_code_but_district_name1,003008038037,Tanahu
level2_code_but_district_name1,003008038038,Tanahu
level2_code_but_district_name1,003008038039,Tanahu
level2_code_but_district_name1,003008038040,Tanahu
level2_code_but_district_name1,003008038041,Tanahu
level2_code_but_district_name1,003008038042,Tanahu
level2_code_but_district_name1,003008038043,Tanahu
level2_code_but_district_name1,003008038044,Tanahu
level2_code_but_district_name1,003008038045,Tanahu
level2_code_but_district_name1,003008038046,Tanahu
level2_code_but_district_name1,003008038047,Tanahu
level2_code_but_district_name1,003008039001,Syangja
level2_code_but_district_name1,003008039002,Syangja
level2_code_but_district_name1,003008039003,Syangja
level2_code_but_district_name1,003008039004,Syangja
level2_code_but_district_name1,003008039005,Syangja
level2_code_but_district_name1,003008039006,Syangja
level2_code_but_district_name1,003008039007,Syangja
level2_code_but_district_name1,003008039008,Syangja
level2_code_but_district_name1,003008039009,Syangja
level2_code_but_district_name1,003008039010,Syangja
level2_code_but_district_name1,003008039011,Syangja
level2_code_but_district_name1,003008039012,Syangja
level2_code_but_district_name1,003008039013,Syangja
level2_code_but_district_name1,003008039014,Syangja
level2_code_but_district_name1,003008039015,Syangja
level2_code_but_district_name1,003008039016,Syangja
level2_code_but_district_name1,003008039017,Syangja
level2_code_but_district_name1,003008039018,Syangja
level2_code_but_district_name1,003008039019,Syangja
level2_code_but_district_name1,003008039020,Syangja
level2_code_but_district_name1,003008039022,Syangja
level2_code_but_district_name1,003008039023,Syangja
level2_code_but_district_name1,003008039024,Syangja
level2_code_but_district_name1,003008039025,Syangja
level2_code_but_district_name1,003008039026,Syangja
level2_code_but_district_name1,003008039027,Syangja
level2_code_but_district_name1,003008039028,Syangja
level2_code_but_district_name1,003008039029,Syangja
level2_code_but_district_name1,003008039030,Syangja
level2_code_but_district_name1,003008039031,Syangja
level2_code_but_district_name1,003008039032,Syangja
level2_code_but_district_name1,003008039033,Syangja
level2_code_but_district_name1,003008039034,Syangja
level2_code_but_district_name1,003008039035,Syangja
level2_code_but_district_name1,003008039036,Syangja
level2_code_but_district_name1,003008039037,Syangja
level2_code_but_district_name1,003008039038,Syangja
level2_code_but_district_name1,003008039039,Syangja
level2_code_but_district_name1,003008039040,Syangja
level2_code_but_district_name1,003008039041,Syangja
level2_code_but_district_name1,003008039042,Syangja
level2_code_but_district_name1,003008039043,Syangja
level2_code_but_district_name1,003008039044,Syangja
level2_code_but_district_name1,003008039045,Syangja
level2_code_but_district_name1,003008039046,Syangja
level2_code_but_district_name1,003008039048,Syangja
level2_code_but_district_name1,003008039049,Syangja
level2_code_but_district_name1,003008039050,Syangja
level2_code_but_district_name1,003008039051,Syangja
level2_code_but_district_name1,003008039052,Syangja
level2_code_but_district_name1,003008039053,Syangja
level2_code_but_district_name1,003008039054,Syangja
level2_code_but_district_name1,003008039055,Syangja
level2_code_but_district_name1,003008039056,Syangja
level2_code_but_district_name1,003008039057,Syangja
level2_code_but_district_name1,003008039058,Syangja
level2_code_but_district_name1,003008039059,Syangja
level2_code_but_district_name1,003008039060,Syangja
level2_code_but_district_name1,003008039061,Syangja
level2_code_but_district_name1,003008039062,Syangja
level2_code_but_district_name1,003008040001,Kaski
level2_code_but_district_name1,003008040002,Kaski
level2_code_but_district_name1,003008040004,Kaski
level2_code_but_district_name1,003008040005,Kaski
level2_code_but_district_name1,003008040006,Kaski
level2_code_but_district_name1,003008040007,Kaski
level2_code_but_district_name1,003008040008,Kaski
level2_code_but_district_name1,003008040009,Kaski
level2_code_but_district_name1,003008040010,Kaski
level2_code_but_district_name1,003008040011,Kaski
level2_code_but_district_name1,003008040012,Kaski
level2_code_but_district_name1,003008040013,Kaski
level2_code_but_district_name1,003008040014,Kaski
level2_code_but_district_name1,003008040015,Kaski
level2_code_but_district_name1,003008040016,Kaski
level2_code_but_district_name1,003008040017,Kaski
level2_code_but_district_name1,003008040018,Kaski
level2_code_but_district_name1,003008040019,Kaski
level2_code_but_district_name1,003008040020,Kaski
level2_code_but_district_name1,003008040021,Kaski
level2_code_but_district_name1,003008040022,Kaski
level2_code_but_district_name1,003008040023,Kaski
level2_code_but_district_name1,003008040024,Kaski
level2_code_but_district_name1,003008040025,Kaski
level2_code_but_district_name1,003008040026,Kaski
level2_code_but_district_name1,003008040027,Kaski
level2_code_but_district_name1,003008040028,Kaski
level2_code_but_district_name1,003008040029,Kaski
level2_code_but_district_name1,003008040030,Kaski
level2_code_but_district_name1,003008040031,Kaski
level2_code_but_district_name1,003008040032,Kaski
level2_code_but_district_name1,003008040033,Kaski
level2_code_but_district_name1,003008040034,Kaski
level2_code_but_district_name1,003008040035,Kaski
level2_code_but_district_name1,003008040036,Kaski
level2_code_but_district_name1,003008040037,Kaski
level2_code_but_district_name1,003008040038,Kaski
level2_code_but_district_name1,003008040039,Kaski
level2_code_but_district_name1,003008040040,Kaski
level2_code_but_district_name1,003008040041,Kaski
level2_code_but_district_name1,003008040042,Kaski
level2_code_but_district_name1,003008040043,Kaski
level2_code_but_district_name1,003008040044,Kaski
level2_code_but_district_name1,003008040045,Kaski
level2_code_but_district_name1,003008043001,Myagdi
level2_code_but_district_name1,003008043002,Myagdi
level2_code_but_district_name1,003008043003,Myagdi
level2_code_but_district_name1,003008043004,Myagdi
level2_code_but_district_name1,003008043005,Myagdi
level2_code_but_district_name1,003008043006,Myagdi
level2_code_but_district_name1,003008043007,Myagdi
level2_code_but_district_name1,003008043008,Myagdi
level2_code_but_district_name1,003008043009,Myagdi
level2_code_but_district_name1,003008043010,Myagdi
level2_code_but_district_name1,003008043011,Myagdi
level2_code_but_district_name1,003008043012,Myagdi
level2_code_but_district_name1,003008043013,Myagdi
level2_code_but_district_name1,003008043014,Myagdi
level2_code_but_district_name1,003008043015,Myagdi
level2_code_but_district_name1,003008043016,Myagdi
level2_code_but_district_name1,003008043017,Myagdi
level2_code_but_district_name1,003008043018,Myagdi
level2_code_but_district_name1,003008043019,Myagdi
level2_code_but_district_name1,003008043020,Myagdi
level2_code_but_district_name1,003008043022,Myagdi
level2_code_but_district_name1,003008043024,Myagdi
level2_code_but_district_name1,003008043025,Myagdi
level2_code_but_district_name1,003008043026,Myagdi
level2_code_but_district_name1,003008043027,Myagdi
level2_code_but_district_name1,003008043028,Myagdi
level2_code_but_district_name1,003008043029,Myagdi
level2_code_but_district_name1,003008043030,Myagdi
level2_code_but_district_name1,003008043031,Myagdi
level2_code_but_district_name1,003008043032,Myagdi
level2_code_but_district_name1,003008043033,Myagdi
level2_code_but_district_name1,003008043034,Myagdi
level2_code_but_district_name1,003008043035,Myagdi
level2_code_but_district_name1,003008043036,Myagdi
level2_code_but_district_name1,003008043037,Myagdi
level2_code_but_district_name1,003008043038,Myagdi
level2_code_but_district_name1,003008043039,Myagdi
level2_code_but_district_name1,003008043040,Myagdi
level2_code_but_district_name1,003008044001,Parbat
level2_code_but_district_name1,003008044003,Parbat
level2_code_but_district_name1,003008044004,Parbat
level2_code_but_district_name1,003008044005,Parbat
level2_code_but_district_name1,003008044006,Parbat
level2_code_but_district_name1,003008044007,Parbat
level2_code_but_district_name1,003008044008,Parbat
level2_code_but_district_name1,003008044009,Parbat
level2_code_but_district_name1,003008044010,Parbat
level2_code_but_district_name1,003008044011,Parbat
level2_code_but_district_name1,003008044012,Parbat
level2_code_but_district_name1,003008044013,Parbat
level2_code_but_district_name1,003008044014,Parbat
level2_code_but_district_name1,003008044015,Parbat
level2_code_but_district_name1,003008044016,Parbat
level2_code_but_district_name1,003008044017,Parbat
level2_code_but_district_name1,003008044018,Parbat
level2_code_but_district_name1,003008044019,Parbat
level2_code_but_district_name1,003008044020,Parbat
level2_code_but_district_name1,003008044021,Parbat
level2_code_but_district_name1,003008044022,Parbat
level2_code_but_district_name1,003008044023,Parbat
level2_code_but_district_name1,003008044024,Parbat
level2_code_but_district_name1,003008044025,Parbat
level2_code_but_district_name1,003008044026,Parbat
level2_code_but_district_name1,003008044027,Parbat
level2_code_but_district_name1,003008044028,Parbat
level2_code_but_district_name1,003008044029,Parbat
level2_code_but_district_name1,003008044030,Parbat
level2_code_but_district_name1,003008044031,Parbat
level2_code_but_district_name1,003008044032,Parbat
level2_code_but_district_name1,003008044033,Parbat
level2_code_but_district_name1,003008044034,Parbat
level2_code_but_district_name1,003008044036,Parbat
level2_code_but_district_name1,003008044037,Parbat
level2_code_but_district_name1,003008044038,Parbat
level2_code_but_district_name1,003008044039,Parbat
level2_code_but_district_name1,003008044040,Parbat
level2_code_but_district_name1,003008044041,Parbat
level2_code_but_district_name1,003008044042,Parbat
level2_code_but_district_name1,003008044043,Parbat
level2_code_but_district_name1,003008044044,Parbat
level2_code_but_district_name1,003008044045,Parbat
level2_code_but_district_name1,003008044046,Parbat
level2_code_but_district_name1,003008044047,Parbat
level2_code_but_district_name1,003008044048,Parbat
level2_code_but_district_name1,003008044049,Parbat
level2_code_but_district_name1,003008044050,Parbat
level2_code_but_district_name1,003008044051,Parbat
level2_code_but_district_name1,003008044052,Parbat
level2_code_but_district_name1,003008044055,Parbat
level2_code_but_district_name1,003008045001,Baglung
level2_code_but_district_name1,003008045002,Baglung
level2_code_but_district_name1,003008045003,Baglung
level2_code_but_district_name1,003008045004,Baglung
level2_code_but_district_name1,003008045005,Baglung
level2_code_but_district_name1,003008045006,Baglung
level2_code_but_district_name1,003008045007,Baglung
level2_code_but_district_name1,003008045008,Baglung
level2_code_but_district_name1,003008045009,Baglung
level2_code_but_district_name1,003008045010,Baglung
level2_code_but_district_name1,003008045011,Baglung
level2_code_but_district_name1,003008045012,Baglung
level2_code_but_district_name1,003008045013,Baglung
level2_code_but_district_name1,003008045014,Baglung
level2_code_but_district_name1,003008045015,Baglung
level2_code_but_district_name1,003008045016,Baglung
level2_code_but_district_name1,003008045017,Baglung
level2_code_but_district_name1,003008045018,Baglung
level2_code_but_district_name1,003008045019,Baglung
level2_code_but_district_name1,003008045020,Baglung
level2_code_but_district_name1,003008045021,Baglung
level2_code_but_district_name1,003008045023,Baglung
level2_code_but_district_name1,003008045024,Baglung
level2_code_but_district_name1,003008045025,Baglung
level2_code_but_district_name1,003008045026,Baglung
level2_code_but_district_name1,003008045027,Baglung
level2_code_but_district_name1,003008045028,Baglung
level2_code_but_district_name1,003008045029,Baglung
level2_code_but_district_name1,003008045030,Baglung
level2_code_but_district_name1,003008045032,Baglung
level2_code_but_district_name1,003008045033,Baglung
level2_code_but_district_name1,003008045034,Baglung
level2_code_but_district_name1,003008045035,Baglung
level2_code_but_district_name1,003008045037,Baglung
level2_code_but_district_name1,003008045038,Baglung
level2_code_but_district_name1,003008045039,Baglung
level2_code_but_district_name1,003008045040,Baglung
level2_code_but_district_name1,003008045041,Baglung
level2_code_but_district_name1,003008045042,Baglung
level2_code_but_district_name1,003008045043,Baglung
level2_code_but_district_name1,003008045045,Baglung
level2_code_but_district_name1,003008045046,Baglung
level2_code_but_district_name1,003008045047,Baglung
level2_code_but_district_name1,003008045048,Baglung
level2_code_but_district_name1,003008045049,Baglung
level2_code_but_district_name1,003008045050,Baglung
level2_code_but_district_name1,003008045051,Baglung
level2_code_but_district_name1,003008045052,Baglung
level2_code_but_district_name1,003008045053,Baglung
level2_code_but_district_name1,003008045054,Baglung
level2_code_but_district_name1,003008045055,Baglung
level2_code_but_district_name1,003008045056,Baglung
level2_code_but_district_name1,003008045057,Baglung
level2_code_but_district_name1,003008045058,Baglung
level2_code_but_district_name1,003008045059,Baglung
level2_code_but_district_name1,003008045060,Baglung
level2_code_but_district_name1,003008045061,Baglung
level2_code_but_district_name1,003008045062,Baglung
level2_code_but_district_name1,003008046001,Gulmi
level2_code_but_district_name1,003008046002,Gulmi
level2_code_but_district_name1,003008046003,Gulmi
level2_code_but_district_name1,003008046004,Gulmi
level2_code_but_district_name1,003008046005,Gulmi
level2_code_but_district_name1,003008046007,Gulmi
level2_code_but_district_name1,003008046008,Gulmi
level2_code_but_district_name1,003008046009,Gulmi
level2_code_but_district_name1,003008046010,Gulmi
level2_code_but_district_name1,003008046011,Gulmi
level2_code_but_district_name1,003008046012,Gulmi
level2_code_but_district_name1,003008046013,Gulmi
level2_code_but_district_name1,003008046014,Gulmi
level2_code_but_district_name1,003008046019,Gulmi
level2_code_but_district_name1,003008046020,Gulmi
level2_code_but_district_name1,003008046021,Gulmi
level2_code_but_district_name1,003008046022,Gulmi
level2_code_but_district_name1,003008046023,Gulmi
level2_code_but_district_name1,003008046025,Gulmi
level2_code_but_district_name1,003008046026,Gulmi
level2_code_but_district_name1,003008046027,Gulmi
level2_code_but_district_name1,003008046028,Gulmi
level2_code_but_district_name1,003008046029,Gulmi
level2_code_but_district_name1,003008046030,Gulmi
level2_code_but_district_name1,003008046031,Gulmi
level2_code_but_district_name1,003008046032,Gulmi
level2_code_but_district_name1,003008046033,Gulmi
level2_code_but_district_name1,003008046034,Gulmi
level2_code_but_district_name1,003008046035,Gulmi
level2_code_but_district_name1,003008046037,Gulmi
level2_code_but_district_name1,003008046038,Gulmi
level2_code_but_district_name1,003008046039,Gulmi
level2_code_but_district_name1,003008046040,Gulmi
level2_code_but_district_name1,003008046042,Gulmi
level2_code_but_district_name1,003008046043,Gulmi
level2_code_but_district_name1,003008046044,Gulmi
level2_code_but_district_name1,003008046045,Gulmi
level2_code_but_district_name1,003008046046,Gulmi
level2_code_but_district_name1,003008046047,Gulmi
level2_code_but_district_name1,003008046048,Gulmi
level2_code_but_district_name1,003008046049,Gulmi
level2_code_but_district_name1,003008046050,Gulmi
level2_code_but_district_name1,003008046051,Gulmi
level2_code_but_district_name1,003008046052,Gulmi
level2_code_but_district_name1,003008046053,Gulmi
level2_code_but_district_name1,003008046054,Gulmi
level2_code_but_district_name1,003008046055,Gulmi
level2_code_but_district_name1,003008046056,Gulmi
level2_code_but_district_name1,003008046057,Gulmi
level2_code_but_district_name1,003008046058,Gulmi
level2_code_but_district_name1,003008046059,Gulmi
level2_code_but_district_name1,003008046060,Gulmi
level2_code_but_district_name1,003008046061,Gulmi
level2_code_but_district_name1,003008046062,Gulmi
level2_code_but_district_name1,003008046063,Gulmi
level2_code_but_district_name1,003008046064,Gulmi
level2_code_but_district_name1,003008046066,Gulmi
level2_code_but_district_name1,003008046067,Gulmi
level2_code_but_district_name1,003008046068,Gulmi
level2_code_but_district_name1,003008046069,Gulmi
level2_code_but_district_name1,003008046071,Gulmi
level2_code_but_district_name1,003008046072,Gulmi
level2_code_but_district_name1,003008046073,Gulmi
level2_code_but_district_name1,003008046074,Gulmi
level2_code_but_district_name1,003008046075,Gulmi
level2_code_but_district_name1,003008046076,Gulmi
level2_code_but_district_name1,003008046077,Gulmi
level2_code_but_district_name1,003008047001,Palpa
level2_code_but_district_name1,003008047002,Palpa
level2_code_but_district_name1,003008047003,Palpa
level2_code_but_district_name1,003008047004,Palpa
level2_code_but_district_name1,003008047005,Palpa
level2_code_but_district_name1,003008047006,Palpa
level2_code_but_district_name1,003008047007,Palpa
level2_code_but_district_name1,003008047008,Palpa
level2_code_but_district_name1,003008047009,Palpa
level2_code_but_district_name1,003008047010,Palpa
level2_code_but_district_name1,003008047011,Palpa
level2_code_but_district_name1,003008047012,Palpa
level2_code_but_district_name1,003008047013,Palpa
level2_code_but_district_name1,003008047014,Palpa
level2_code_but_district_name1,003008047016,Palpa
level2_code_but_district_name1,003008047018,Palpa
level2_code_but_district_name1,003008047019,Palpa
level2_code_but_district_name1,003008047020,Palpa
level2_code_but_district_name1,003008047021,Palpa
level2_code_but_district_name1,003008047022,Palpa
level2_code_but_district_name1,003008047023,Palpa
level2_code_but_district_name1,003008047024,Palpa
level2_code_but_district_name1,003008047025,Palpa
level2_code_but_district_name1,003008047027,Palpa
level2_code_but_district_name1,003008047028,Palpa
level2_code_but_district_name1,003008047029,Palpa
level2_code_but_district_name1,003008047030,Palpa
level2_code_but_district_name1,003008047031,Palpa
level2_code_but_district_name1,003008047032,Palpa
level2_code_but_district_name1,003008047033,Palpa
level2_code_but_district_name1,003008047034,Palpa
level2_code_but_district_name1,003008047035,Palpa
level2_code_but_district_name1,003008047036,Palpa
level2_code_but_district_name1,003008047037,Palpa
level2_code_but_district_name1,003008047038,Palpa
level2_code_but_district_name1,003008047039,Palpa
level2_code_but_district_name1,003008047041,Palpa
level2_code_but_district_name1,003008047042,Palpa
level2_code_but_district_name1,003008047043,Palpa
level2_code_but_district_name1,003008047044,Palpa
level2_code_but_district_name1,003008047045,Palpa
level2_code_but_district_name1,003008047046,Palpa
level2_code_but_district_name1,003008047047,Palpa
level2_code_but_district_name1,003008047049,Palpa
level2_code_but_district_name1,003008047050,Palpa
level2_code_but_district_name1,003008047051,Palpa
level2_code_but_district_name1,003008047053,Palpa
level2_code_but_district_name1,003008047054,Palpa
level2_code_but_district_name1,003008047055,Palpa
level2_code_but_district_name1,003008047056,Palpa
level2_code_but_district_name1,003008047057,Palpa
level2_code_but_district_name1,003008047058,Palpa
level2_code_but_district_name1,003008047059,Palpa
level2_code_but_district_name1,003008047060,Palpa
level2_code_but_district_name1,003008047061,Palpa
level2_code_but_district_name1,003008047062,Palpa
level2_code_but_district_name1,003008047063,Palpa
level2_code_but_district_name1,003008047065,Palpa
level2_code_but_district_name1,003008047066,Palpa
level2_code_but_district_name1,003008051001,Arghakanchi
level2_code_but_district_name1,003008051002,Arghakanchi
level2_code_but_district_name1,003008051003,Arghakanchi
level2_code_but_district_name1,003008051004,Arghakanchi
level2_code_but_district_name1,003008051005,Arghakanchi
level2_code_but_district_name1,003008051006,Arghakanchi
level2_code_but_district_name1,003008051007,Arghakanchi
level2_code_but_district_name1,003008051008,Arghakanchi
level2_code_but_district_name1,003008051009,Arghakanchi
level2_code_but_district_name1,003008051010,Arghakanchi
level2_code_but_district_name1,003008051011,Arghakanchi
level2_code_but_district_name1,003008051012,Arghakanchi
level2_code_but_district_name1,003008051013,Arghakanchi
level2_code_but_district_name1,003008051014,Arghakanchi
level2_code_but_district_name1,003008051015,Arghakanchi
level2_code_but_district_name1,003008051016,Arghakanchi
level2_code_but_district_name1,003008051017,Arghakanchi
level2_code_but_district_name1,003008051018,Arghakanchi
level2_code_but_district_name1,003008051019,Arghakanchi
level2_code_but_district_name1,003008051021,Arghakanchi
level2_code_but_district_name1,003008051022,Arghakanchi
level2_code_but_district_name1,003008051023,Arghakanchi
level2_code_but_district_name1,003008051024,Arghakanchi
level2_code_but_district_name1,003008051025,Arghakanchi
level2_code_but_district_name1,003008051026,Arghakanchi
level2_code_but_district_name1,003008051027,Arghakanchi
level2_code_but_district_name1,003008051028,Arghakanchi
level2_code_but_district_name1,003008051029,Arghakanchi
level2_code_but_district_name1,003008051030,Arghakanchi
level2_code_but_district_name1,003008051031,Arghakanchi
level2_code_but_district_name1,003008051034,Arghakanchi
level2_code_but_district_name1,003008051035,Arghakanchi
level2_code_but_district_name1,003008051036,Arghakanchi
level2_code_but_district_name1,003008051037,Arghakanchi
level2_code_but_district_name1,003008051038,Arghakanchi
level2_code_but_district_name1,003008051040,Arghakanchi
level2_code_but_district_name1,003008051041,Arghakanchi
level2_code_but_district_name1,003009048001,Nawalparasi
level2_code_but_district_name1,003009048002,Nawalparasi
level2_code_but_district_name1,003009048003,Nawalparasi
level2_code_but_district_name1,003009048004,Nawalparasi
level2_code_but_district_name1,003009048005,Nawalparasi
level2_code_but_district_name1,003009048006,Nawalparasi
level2_code_but_district_name1,003009048007,Nawalparasi
level2_code_but_district_name1,003009048008,Nawalparasi
level2_code_but_district_name1,003009048012,Nawalparasi
level2_code_but_district_name1,003009048014,Nawalparasi
level2_code_but_district_name1,003009048015,Nawalparasi
level2_code_but_district_name1,003009048016,Nawalparasi
level2_code_but_district_name1,003009048017,Nawalparasi
level2_code_but_district_name1,003009048018,Nawalparasi
level2_code_but_district_name1,003009048019,Nawalparasi
level2_code_but_district_name1,003009048020,Nawalparasi
level2_code_but_district_name1,003009048021,Nawalparasi
level2_code_but_district_name1,003009048022,Nawalparasi
level2_code_but_district_name1,003009048023,Nawalparasi
level2_code_but_district_name1,003009048024,Nawalparasi
level2_code_but_district_name1,003009048025,Nawalparasi
level2_code_but_district_name1,003009048026,Nawalparasi
level2_code_but_district_name1,003009048027,Nawalparasi
level2_code_but_district_name1,003009048028,Nawalparasi
level2_code_but_district_name1,003009048030,Nawalparasi
level2_code_but_district_name1,003009048031,Nawalparasi
level2_code_but_district_name1,003009048032,Nawalparasi
level2_code_but_district_name1,003009048033,Nawalparasi
level2_code_but_district_name1,003009048034,Nawalparasi
level2_code_but_district_name1,003009048035,Nawalparasi
level2_code_but_district_name1,003009048037,Nawalparasi
level2_code_but_district_name1,003009048038,Nawalparasi
level2_code_but_district_name1,003009048039,Nawalparasi
level2_code_but_district_name1,003009048040,Nawalparasi
level2_code_but_district_name1,003009048042,Nawalparasi
level2_code_but_district_name1,003009048043,Nawalparasi
level2_code_but_district_name1,003009048044,Nawalparasi
level2_code_but_district_name1,003009048045,Nawalparasi
level2_code_but_district_name1,003009048046,Nawalparasi
level2_code_but_district_name1,003009048047,Nawalparasi
level2_code_but_district_name1,003009048048,Nawalparasi
level2_code_but_district_name1,003009048049,Nawalparasi
level2_code_but_district_name1,003009048050,Nawalparasi
level2_code_but_district_name1,003009048052,Nawalparasi
level2_code_but_district_name1,003009048053,Nawalparasi
level2_code_but_district_name1,003009048054,Nawalparasi
level2_code_but_district_name1,003009048055,Nawalparasi
level2_code_but_district_name1,003009048056,Nawalparasi
level2_code_but_district_name1,003009048057,Nawalparasi
level2_code_but_district_name1,003009048058,Nawalparasi
level2_code_but_district_name1,003009048059,Nawalparasi
level2_code_but_district_name1,003009048060,Nawalparasi
level2_code_but_district_name1,003009048061,Nawalparasi
level2_code_but_district_name1,003009048062,Nawalparasi
level2_code_but_district_name1,003009048063,Nawalparasi
level2_code_but_district_name1,003009048064,Nawalparasi
level2_code_but_district_name1,003009048066,Nawalparasi
level2_code_but_district_name1,003009048067,Nawalparasi
level2_code_but_district_name1,003009048068,Nawalparasi
level2_code_but_district_name1,003009048069,Nawalparasi
level2_code_but_district_name1,003009048070,Nawalparasi
level2_code_but_district_name1,003009048071,Nawalparasi
level2_code_but_district_name1,003009048072,Nawalparasi
level2_code_but_district_name1,003009048073,Nawalparasi
level2_code_but_district_name1,003009048074,Nawalparasi
level2_code_but_district_name1,003009048075,Nawalparasi
level2_code_but_district_name1,003009049001,Rupandehi
level2_code_but_district_name1,003009049002,Rupandehi
level2_code_but_district_name1,003009049005,Rupandehi
level2_code_but_district_name1,003009049006,Rupandehi
level2_code_but_district_name1,003009049008,Rupandehi
level2_code_but_district_name1,003009049009,Rupandehi
level2_code_but_district_name1,003009049010,Rupandehi
level2_code_but_district_name1,003009049012,Rupandehi
level2_code_but_district_name1,003009049016,Rupandehi
level2_code_but_district_name1,003009049017,Rupandehi
level2_code_but_district_name1,003009049018,Rupandehi
level2_code_but_district_name1,003009049019,Rupandehi
level2_code_but_district_name1,003009049020,Rupandehi
level2_code_but_district_name1,003009049022,Rupandehi
level2_code_but_district_name1,003009049023,Rupandehi
level2_code_but_district_name1,003009049024,Rupandehi
level2_code_but_district_name1,003009049025,Rupandehi
level2_code_but_district_name1,003009049026,Rupandehi
level2_code_but_district_name1,003009049027,Rupandehi
level2_code_but_district_name1,003009049028,Rupandehi
level2_code_but_district_name1,003009049029,Rupandehi
level2_code_but_district_name1,003009049030,Rupandehi
level2_code_but_district_name1,003009049031,Rupandehi
level2_code_but_district_name1,003009049032,Rupandehi
level2_code_but_district_name1,003009049034,Rupandehi
level2_code_but_district_name1,003009049035,Rupandehi
level2_code_but_district_name1,003009049036,Rupandehi
level2_code_but_district_name1,003009049037,Rupandehi
level2_code_but_district_name1,003009049039,Rupandehi
level2_code_but_district_name1,003009049040,Rupandehi
level2_code_but_district_name1,003009049041,Rupandehi
level2_code_but_district_name1,003009049044,Rupandehi
level2_code_but_district_name1,003009049045,Rupandehi
level2_code_but_district_name1,003009049046,Rupandehi
level2_code_but_district_name1,003009049047,Rupandehi
level2_code_but_district_name1,003009049048,Rupandehi
level2_code_but_district_name1,003009049049,Rupandehi
level2_code_but_district_name1,003009049050,Rupandehi
level2_code_but_district_name1,003009049051,Rupandehi
level2_code_but_district_name1,003009049052,Rupandehi
level2_code_but_district_name1,003009049053,Rupandehi
level2_code_but_district_name1,003009049054,Rupandehi
level2_code_but_district_name1,003009049055,Rupandehi
level2_code_but_district_name1,003009049056,Rupandehi
level2_code_but_district_name1,003009049058,Rupandehi
level2_code_but_district_name1,003009049059,Rupandehi
level2_code_but_district_name1,003009049060,Rupandehi
level2_code_but_district_name1,003009049061,Rupandehi
level2_code_but_district_name1,003009049063,Rupandehi
level2_code_but_district_name1,003009049064,Rupandehi
level2_code_but_district_name1,003009049066,Rupandehi
level2_code_but_district_name1,003009049067,Rupandehi
level2_code_but_district_name1,003009049068,Rupandehi
level2_code_but_district_name1,003009049069,Rupandehi
level2_code_but_district_name1,003009049070,Rupandehi
level2_code_but_district_name1,003009049071,Rupandehi
level2_code_but_district_name1,003009049072,Rupandehi
level2_code_but_district_name1,003009049073,Rupandehi
level2_code_but_district_name1,003009049075,Rupandehi
level2_code_but_district_name1,003009049076,Rupandehi
level2_code_but_district_name1,003009049077,Rupandehi
level2_code_but_district_name1,003009049079,Rupandehi
level2_code_but_district_name1,003009049080,Rupandehi
level2_code_but_district_name1,003009049083,Rupandehi
level2_code_but_district_name1,003009049085,Rupandehi
level2_code_but_district_name1,003009049086,Rupandehi
level2_code_but_district_name1,003009050001,Kapilbastu
level2_code_but_district_name1,003009050002,Kapilbastu
level2_code_but_district_name1,003009050003,Kapilbastu
level2_code_but_district_name1,003009050004,Kapilbastu
level2_code_but_district_name1,003009050005,Kapilbastu
level2_code_but_district_name1,003009050006,Kapilbastu
level2_code_but_district_name1,003009050007,Kapilbastu
level2_code_but_district_name1,003009050008,Kapilbastu
level2_code_but_district_name1,003009050009,Kapilbastu
level2_code_but_district_name1,003009050010,Kapilbastu
level2_code_but_district_name1,003009050012,Kapilbastu
level2_code_but_district_name1,003009050013,Kapilbastu
level2_code_but_district_name1,003009050015,Kapilbastu
level2_code_but_district_name1,003009050016,Kapilbastu
level2_code_but_district_name1,003009050017,Kapilbastu
level2_code_but_district_name1,003009050018,Kapilbastu
level2_code_but_district_name1,003009050019,Kapilbastu
level2_code_but_district_name1,003009050020,Kapilbastu
level2_code_but_district_name1,003009050021,Kapilbastu
level2_code_but_district_name1,003009050022,Kapilbastu
level2_code_but_district_name1,003009050023,Kapilbastu
level2_code_but_district_name1,003009050024,Kapilbastu
level2_code_but_district_name1,003009050026,Kapilbastu
level2_code_but_district_name1,003009050027,Kapilbastu
level2_code_but_district_name1,003009050028,Kapilbastu
level2_code_but_district_name1,003009050030,Kapilbastu
level2_code_but_district_name1,003009050032,Kapilbastu
level2_code_but_district_name1,003009050033,Kapilbastu
level2_code_but_district_name1,003009050034,Kapilbastu
level2_code_but_district_name1,003009050036,Kapilbastu
level2_code_but_district_name1,003009050038,Kapilbastu
level2_code_but_district_name1,003009050039,Kapilbastu
level2_code_but_district_name1,003009050040,Kapilbastu
level2_code_but_district_name1,003009050041,Kapilbastu
level2_code_but_district_name1,003009050042,Kapilbastu
level2_code_but_district_name1,003009050043,Kapilbastu
level2_code_but_district_name1,003009050044,Kapilbastu
level2_code_but_district_name1,003009050045,Kapilbastu
level2_code_but_district_name1,003009050046,Kapilbastu
level2_code_but_district_name1,003009050049,Kapilbastu
level2_code_but_district_name1,003009050050,Kapilbastu
level2_code_but_district_name1,003009050051,Kapilbastu
level2_code_but_district_name1,003009050052,Kapilbastu
level2_code_but_district_name1,003009050053,Kapilbastu
level2_code_but_district_name1,003009050054,Kapilbastu
level2_code_but_district_name1,003009050057,Kapilbastu
level2_code_but_district_name1,003009050058,Kapilbastu
level2_code_but_district_name1,003009050060,Kapilbastu
level2_code_but_district_name1,003009050061,Kapilbastu
level2_code_but_district_name1,003009050063,Kapilbastu
level2_code_but_district_name1,003009050064,Kapilbastu
level2_code_but_district_name1,003009050065,Kapilbastu
level2_code_but_district_name1,003009050066,Kapilbastu
level2_code_but_district_name1,003009050067,Kapilbastu
level2_code_but_district_name1,003009050068,Kapilbastu
level2_code_but_district_name1,003009050069,Kapilbastu
level2_code_but_district_name1,003009050070,Kapilbastu
level2_code_but_district_name1,003009050072,Kapilbastu
level2_code_but_district_name1,003009050073,Kapilbastu
level2_code_but_district_name1,003009050074,Kapilbastu
level2_code_but_district_name1,003009050075,Kapilbastu
level2_code_but_district_name1,003009050076,Kapilbastu
level2_code_but_district_name1,003009050077,Kapilbastu
level2_code_but_district_name1,003009050078,Kapilbastu
level2_code_but_district_name1,003009050079,Kapilbastu
level2_code_but_district_name1,004010062002,Dolpa
level2_code_but_district_name1,004010062003,Dolpa
level2_code_but_district_name1,004010062004,Dolpa
level2_code_but_district_name1,004010062005,Dolpa
level2_code_but_district_name1,004010062006,Dolpa
level2_code_but_district_name1,004010062007,Dolpa
level2_code_but_district_name1,004010062008,Dolpa
level2_code_but_district_name1,004010062009,Dolpa
level2_code_but_district_name1,004010062010,Dolpa
level2_code_but_district_name1,004010062011,Dolpa
level2_code_but_district_name1,004010062013,Dolpa
level2_code_but_district_name1,004010062014,Dolpa
level2_code_but_district_name1,004010062016,Dolpa
level2_code_but_district_name1,004010062017,Dolpa
level2_code_but_district_name1,004010062018,Dolpa
level2_code_but_district_name1,004010062019,Dolpa
level2_code_but_district_name1,004010062020,Dolpa
level2_code_but_district_name1,004010062021,Dolpa
level2_code_but_district_name1,004010062022,Dolpa
level2_code_but_district_name1,004010062023,Dolpa
level2_code_but_district_name1,004010063001,Jumla
level2_code_but_district_name1,004010063002,Jumla
level2_code_but_district_name1,004010063003,Jumla
level2_code_but_district_name1,004010063004,Jumla
level2_code_but_district_name1,004010063005,Jumla
level2_code_but_district_name1,004010063006,Jumla
level2_code_but_district_name1,004010063007,Jumla
level2_code_but_district_name1,004010063008,Jumla
level2_code_but_district_name1,004010063009,Jumla
level2_code_but_district_name1,004010063010,Jumla
level2_code_but_district_name1,004010063012,Jumla
level2_code_but_district_name1,004010063013,Jumla
level2_code_but_district_name1,004010063014,Jumla
level2_code_but_district_name1,004010063015,Jumla
level2_code_but_district_name1,004010063016,Jumla
level2_code_but_district_name1,004010063017,Jumla
level2_code_but_district_name1,004010063018,Jumla
level2_code_but_district_name1,004010063019,Jumla
level2_code_but_district_name1,004010063020,Jumla
level2_code_but_district_name1,004010063021,Jumla
level2_code_but_district_name1,004010063024,Jumla
level2_code_but_district_name1,004010063025,Jumla
level2_code_but_district_name1,004010063026,Jumla
level2_code_but_district_name1,004010063027,Jumla
level2_code_but_district_name1,004010063028,Jumla
level2_code_but_district_name1,004010063029,Jumla
level2_code_but_district_name1,004010063030,Jumla
level2_code_but_district_name1,004010064001,Kalikot
level2_code_but_district_name1,004010064002,Kalikot
level2_code_but_district_name1,004010064003,Kalikot
level2_code_but_district_name1,004010064004,Kalikot
level2_code_but_district_name1,004010064005,Kalikot
level2_code_but_district_name1,004010064006,Kalikot
level2_code_but_district_name1,004010064007,Kalikot
level2_code_but_district_name1,004010064008,Kalikot
level2_code_but_district_name1,004010064009,Kalikot
level2_code_but_district_name1,004010064010,Kalikot
level2_code_but_district_name1,004010064011,Kalikot
level2_code_but_district_name1,004010064012,Kalikot
level2_code_but_district_name1,004010064013,Kalikot
level2_code_but_district_name1,004010064014,Kalikot
level2_code_but_district_name1,004010064016,Kalikot
level2_code_but_district_name1,004010064017,Kalikot
level2_code_but_district_name1,004010064018,Kalikot
level2_code_but_district_name1,004010064019,Kalikot
level2_code_but_district_name1,004010064020,Kalikot
level2_code_but_district_name1,004010064021,Kalikot
level2_code_but_district_name1,004010064022,Kalikot
level2_code_but_district_name1,004010064023,Kalikot
level2_code_but_district_name1,004010064024,Kalikot
level2_code_but_district_name1,004010064025,Kalikot
level2_code_but_district_name1,004010064026,Kalikot
level2_code_but_district_name1,004010064027,Kalikot
level2_code_but_district_name1,004010064028,Kalikot
level2_code_but_district_name1,004010064029,Kalikot
level2_code_but_district_name1,004010064030,Kalikot
level2_code_but_district_name1,004010065001,Mugu
level2_code_but_district_name1,004010065002,Mugu
level2_code_but_district_name1,004010065003,Mugu
level2_code_but_district_name1,004010065004,Mugu
level2_code_but_district_name1,004010065005,Mugu
level2_code_but_district_name1,004010065006,Mugu
level2_code_but_district_name1,004010065008,Mugu
level2_code_but_district_name1,004010065009,Mugu
level2_code_but_district_name1,004010065010,Mugu
level2_code_but_district_name1,004010065011,Mugu
level2_code_but_district_name1,004010065012,Mugu
level2_code_but_district_name1,004010065013,Mugu
level2_code_but_district_name1,004010065014,Mugu
level2_code_but_district_name1,004010065015,Mugu
level2_code_but_district_name1,004010065016,Mugu
level2_code_but_district_name1,004010065017,Mugu
level2_code_but_district_name1,004010065018,Mugu
level2_code_but_district_name1,004010065019,Mugu
level2_code_but_district_name1,004010065020,Mugu
level2_code_but_district_name1,004010065021,Mugu
level2_code_but_district_name1,004010065023,Mugu
level2_code_but_district_name1,004010065024,Mugu
level2_code_but_district_name1,004010066001,Humla
level2_code_but_district_name1,004010066002,Humla
level2_code_but_district_name1,004010066003,Humla
level2_code_but_district_name1,004010066004,Humla
level2_code_but_district_name1,004010066005,Humla
level2_code_but_district_name1,004010066006,Humla
level2_code_but_district_name1,004010066007,Humla
level2_code_but_district_name1,004010066008,Humla
level2_code_but_district_name1,004010066009,Humla
level2_code_but_district_name1,004010066010,Humla
level2_code_but_district_name1,004010066011,Humla
level2_code_but_district_name1,004010066012,Humla
level2_code_but_district_name1,004010066013,Humla
level2_code_but_district_name1,004010066014,Humla
level2_code_but_district_name1,004010066015,Humla
level2_code_but_district_name1,004010066016,Humla
level2_code_but_district_name1,004010066017,Humla
level2_code_but_district_name1,004010066018,Humla
level2_code_but_district_name1,004010066019,Humla
level2_code_but_district_name1,004010066020,Humla
level2_code_but_district_name1,004010066021,Humla
level2_code_but_district_name1,004010066022,Humla
level2_code_but_district_name1,004010066023,Humla
level2_code_but_district_name1,004010066024,Humla
level2_code_but_district_name1,004010066025,Humla
level2_code_but_district_name1,004010066026,Humla
level2_code_but_district_name1,004010066027,Humla
level2_code_but_district_name1,004011052001,Pyuthan
level2_code_but_district_name1,004011052003,Pyuthan
level2_code_but_district_name1,004011052004,Pyuthan
level2_code_but_district_name1,004011052005,Pyuthan
level2_code_but_district_name1,004011052006,Pyuthan
level2_code_but_district_name1,004011052007,Pyuthan
level2_code_but_district_name1,004011052008,Pyuthan
level2_code_but_district_name1,004011052009,Pyuthan
level2_code_but_district_name1,004011052010,Pyuthan
level2_code_but_district_name1,004011052011,Pyuthan
level2_code_but_district_name1,004011052012,Pyuthan
level2_code_but_district_name1,004011052013,Pyuthan
level2_code_but_district_name1,004011052014,Pyuthan
level2_code_but_district_name1,004011052015,Pyuthan
level2_code_but_district_name1,004011052016,Pyuthan
level2_code_but_district_name1,004011052018,Pyuthan
level2_code_but_district_name1,004011052019,Pyuthan
level2_code_but_district_name1,004011052020,Pyuthan
level2_code_but_district_name1,004011052022,Pyuthan
level2_code_but_district_name1,004011052023,Pyuthan
level2_code_but_district_name1,004011052024,Pyuthan
level2_code_but_district_name1,004011052025,Pyuthan
level2_code_but_district_name1,004011052027,Pyuthan
level2_code_but_district_name1,004011052028,Pyuthan
level2_code_but_district_name1,004011052029,Pyuthan
level2_code_but_district_name1,004011052030,Pyuthan
level2_code_but_district_name1,004011052031,Pyuthan
level2_code_but_district_name1,004011052032,Pyuthan
level2_code_but_district_name1,004011052033,Pyuthan
level2_code_but_district_name1,004011052034,Pyuthan
level2_code_but_district_name1,004011052035,Pyuthan
level2_code_but_district_name1,004011052036,Pyuthan
level2_code_but_district_name1,004011052037,Pyuthan
level2_code_but_district_name1,004011052038,Pyuthan
level2_code_but_district_name1,004011052040,Pyuthan
level2_code_but_district_name1,004011052041,Pyuthan
level2_code_but_district_name1,004011052042,Pyuthan
level2_code_but_district_name1,004011052043,Pyuthan
level2_code_but_district_name1,004011052044,Pyuthan
level2_code_but_district_name1,004011052045,Pyuthan
level2_code_but_district_name1,004011052046,Pyuthan
level2_code_but_district_name1,004011052047,Pyuthan
level2_code_but_district_name1,004011052048,Pyuthan
level2_code_but_district_name1,004011052049,Pyuthan
level2_code_but_district_name1,004011053002,Rolpa
level2_code_but_district_name1,004011053003,Rolpa
level2_code_but_district_name1,004011053004,Rolpa
level2_code_but_district_name1,004011053005,Rolpa
level2_code_but_district_name1,004011053007,Rolpa
level2_code_but_district_name1,004011053008,Rolpa
level2_code_but_district_name1,004011053009,Rolpa
level2_code_but_district_name1,004011053010,Rolpa
level2_code_but_district_name1,004011053011,Rolpa
level2_code_but_district_name1,004011053012,Rolpa
level2_code_but_district_name1,004011053014,Rolpa
level2_code_but_district_name1,004011053016,Rolpa
level2_code_but_district_name1,004011053017,Rolpa
level2_code_but_district_name1,004011053018,Rolpa
level2_code_but_district_name1,004011053019,Rolpa
level2_code_but_district_name1,004011053020,Rolpa
level2_code_but_district_name1,004011053021,Rolpa
level2_code_but_district_name1,004011053022,Rolpa
level2_code_but_district_name1,004011053023,Rolpa
level2_code_but_district_name1,004011053024,Rolpa
level2_code_but_district_name1,004011053025,Rolpa
level2_code_but_district_name1,004011053026,Rolpa
level2_code_but_district_name1,004011053027,Rolpa
level2_code_but_district_name1,004011053028,Rolpa
level2_code_but_district_name1,004011053029,Rolpa
level2_code_but_district_name1,004011053030,Rolpa
level2_code_but_district_name1,004011053032,Rolpa
level2_code_but_district_name1,004011053033,Rolpa
level2_code_but_district_name1,004011053034,Rolpa
level2_code_but_district_name1,004011053035,Rolpa
level2_code_but_district_name1,004011053036,Rolpa
level2_code_but_district_name1,004011053037,Rolpa
level2_code_but_district_name1,004011053039,Rolpa
level2_code_but_district_name1,004011053040,Rolpa
level2_code_but_district_name1,004011053044,Rolpa
level2_code_but_district_name1,004011053046,Rolpa
level2_code_but_district_name1,004011053047,Rolpa
level2_code_but_district_name1,004011053048,Rolpa
level2_code_but_district_name1,004011053049,Rolpa
level2_code_but_district_name1,004011053050,Rolpa
level2_code_but_district_name1,004011053051,Rolpa
level2_code_but_district_name1,004011054001,Rukum
level2_code_but_district_name1,004011054002,Rukum
level2_code_but_district_name1,004011054003,Rukum
level2_code_but_district_name1,004011054004,Rukum
level2_code_but_district_name1,004011054005,Rukum
level2_code_but_district_name1,004011054006,Rukum
level2_code_but_district_name1,004011054007,Rukum
level2_code_but_district_name1,004011054008,Rukum
level2_code_but_district_name1,004011054009,Rukum
level2_code_but_district_name1,004011054010,Rukum
level2_code_but_district_name1,004011054011,Rukum
level2_code_but_district_name1,004011054012,Rukum
level2_code_but_district_name1,004011054013,Rukum
level2_code_but_district_name1,004011054014,Rukum
level2_code_but_district_name1,004011054015,Rukum
level2_code_but_district_name1,004011054016,Rukum
level2_code_but_district_name1,004011054017,Rukum
level2_code_but_district_name1,004011054018,Rukum
level2_code_but_district_name1,004011054019,Rukum
level2_code_but_district_name1,004011054020,Rukum
level2_code_but_district_name1,004011054021,Rukum
level2_code_but_district_name1,004011054022,Rukum
level2_code_but_district_name1,004011054023,Rukum
level2_code_but_district_name1,004011054024,Rukum
level2_code_but_district_name1,004011054025,Rukum
level2_code_but_district_name1,004011054026,Rukum
level2_code_but_district_name1,004011054027,Rukum
level2_code_but_district_name1,004011054028,Rukum
level2_code_but_district_name1,004011054029,Rukum
level2_code_but_district_name1,004011054030,Rukum
level2_code_but_district_name1,004011054031,Rukum
level2_code_but_district_name1,004011054032,Rukum
level2_code_but_district_name1,004011054033,Rukum
level2_code_but_district_name1,004011054034,Rukum
level2_code_but_district_name1,004011054035,Rukum
level2_code_but_district_name1,004011054036,Rukum
level2_code_but_district_name1,004011054037,Rukum
level2_code_but_district_name1,004011054038,Rukum
level2_code_but_district_name1,004011054039,Rukum
level2_code_but_district_name1,004011054040,Rukum
level2_code_but_district_name1,004011054041,Rukum
level2_code_but_district_name1,004011054042,Rukum
level2_code_but_district_name1,004011055001,Salyan
level2_code_but_district_name1,004011055002,Salyan
level2_code_but_district_name1,004011055003,Salyan
level2_code_but_district_name1,004011055004,Salyan
level2_code_but_district_name1,004011055005,Salyan
level2_code_but_district_name1,004011055008,Salyan
level2_code_but_district_name1,004011055010,Salyan
level2_code_but_district_name1,004011055011,Salyan
level2_code_but_district_name1,004011055012,Salyan
level2_code_but_district_name1,004011055013,Salyan
level2_code_but_district_name1,004011055014,Salyan
level2_code_but_district_name1,004011055015,Salyan
level2_code_but_district_name1,004011055017,Salyan
level2_code_but_district_name1,004011055018,Salyan
level2_code_but_district_name1,004011055020,Salyan
level2_code_but_district_name1,004011055021,Salyan
level2_code_but_district_name1,004011055022,Salyan
level2_code_but_district_name1,004011055023,Salyan
level2_code_but_district_name1,004011055024,Salyan
level2_code_but_district_name1,004011055025,Salyan
level2_code_but_district_name1,004011055026,Salyan
level2_code_but_district_name1,004011055029,Salyan
level2_code_but_district_name1,004011055030,Salyan
level2_code_but_district_name1,004011055032,Salyan
level2_code_but_district_name1,004011055033,Salyan
level2_code_but_district_name1,004011055034,Salyan
level2_code_but_district_name1,004011055036,Salyan
level2_code_but_district_name1,004011055037,Salyan
level2_code_but_district_name1,004011055038,Salyan
level2_code_but_district_name1,004011055039,Salyan
level2_code_but_district_name1,004011055040,Salyan
level2_code_but_district_name1,004011055041,Salyan
level2_code_but_district_name1,004011055042,Salyan
level2_code_but_district_name1,004011055043,Salyan
level2_code_but_district_name1,004011055044,Salyan
level2_code_but_district_name1,004011055045,Salyan
level2_code_but_district_name1,004011055046,Salyan
level2_code_but_district_name1,004011059003,Surkhet
level2_code_but_district_name1,004011059006,Surkhet
level2_code_but_district_name1,004011059008,Surkhet
level2_code_but_district_name1,004011059009,Surkhet
level2_code_but_district_name1,004011059010,Surkhet
level2_code_but_district_name1,004011059013,Surkhet
level2_code_but_district_name1,004011059014,Surkhet
level2_code_but_district_name1,004011059015,Surkhet
level2_code_but_district_name1,004011059016,Surkhet
level2_code_but_district_name1,004011059017,Surkhet
level2_code_but_district_name1,004011059018,Surkhet
level2_code_but_district_name1,004011059019,Surkhet
level2_code_but_district_name1,004011059023,Surkhet
level2_code_but_district_name1,004011059028,Surkhet
level2_code_but_district_name1,004011059029,Surkhet
level2_code_but_district_name1,004011059030,Surkhet
level2_code_but_district_name1,004011059031,Surkhet
level2_code_but_district_name1,004011059032,Surkhet
level2_code_but_district_name1,004011059034,Surkhet
level2_code_but_district_name1,004011059037,Surkhet
level2_code_but_district_name1,004011059039,Surkhet
level2_code_but_district_name1,004011059042,Surkhet
level2_code_but_district_name1,004011059043,Surkhet
level2_code_but_district_name1,004011059044,Surkhet
level2_code_but_district_name1,004011059046,Surkhet
level2_code_but_district_name1,004011059047,Surkhet
level2_code_but_district_name1,004011059048,Surkhet
level2_code_but_district_name1,004011059049,Surkhet
level2_code_but_district_name1,004011059050,Surkhet
level2_code_but_district_name1,004011059051,Surkhet
level2_code_but_district_name1,004011060001,Dailekh
level2_code_but_district_name1,004011060002,Dailekh
level2_code_but_district_name1,004011060003,Dailekh
level2_code_but_district_name1,004011060004,Dailekh
level2_code_but_district_name1,004011060005,Dailekh
level2_code_but_district_name1,004011060006,Dailekh
level2_code_but_district_name1,004011060010,Dailekh
level2_code_but_district_name1,004011060011,Dailekh
level2_code_but_district_name1,004011060012,Dailekh
level2_code_but_district_name1,004011060013,Dailekh
level2_code_but_district_name1,004011060014,Dailekh
level2_code_but_district_name1,004011060015,Dailekh
level2_code_but_district_name1,004011060016,Dailekh
level2_code_but_district_name1,004011060017,Dailekh
level2_code_but_district_name1,004011060018,Dailekh
level2_code_but_district_name1,004011060019,Dailekh
level2_code_but_district_name1,004011060020,Dailekh
level2_code_but_district_name1,004011060021,Dailekh
level2_code_but_district_name1,004011060022,Dailekh
level2_code_but_district_name1,004011060023,Dailekh
level2_code_but_district_name1,004011060024,Dailekh
level2_code_but_district_name1,004011060026,Dailekh
level2_code_but_district_name1,004011060027,Dailekh
level2_code_but_district_name1,004011060028,Dailekh
level2_code_but_district_name1,004011060029,Dailekh
level2_code_but_district_name1,004011060030,Dailekh
level2_code_but_district_name1,004011060031,Dailekh
level2_code_but_district_name1,004011060032,Dailekh
level2_code_but_district_name1,004011060033,Dailekh
level2_code_but_district_name1,004011060034,Dailekh
level2_code_but_district_name1,004011060035,Dailekh
level2_code_but_district_name1,004011060036,Dailekh
level2_code_but_district_name1,004011060037,Dailekh
level2_code_but_district_name1,004011060038,Dailekh
level2_code_but_district_name1,004011060039,Dailekh
level2_code_but_district_name1,004011060040,Dailekh
level2_code_but_district_name1,004011060041,Dailekh
level2_code_but_district_name1,004011060042,Dailekh
level2_code_but_district_name1,004011060043,Dailekh
level2_code_but_district_name1,004011060044,Dailekh
level2_code_but_district_name1,004011060045,Dailekh
level2_code_but_district_name1,004011060046,Dailekh
level2_code_but_district_name1,004011060047,Dailekh
level2_code_but_district_name1,004011060048,Dailekh
level2_code_but_district_name1,004011060049,Dailekh
level2_code_but_district_name1,004011060050,Dailekh
level2_code_but_district_name1,004011060051,Dailekh
level2_code_but_district_name1,004011060052,Dailekh
level2_code_but_district_name1,004011060055,Dailekh
level2_code_but_district_name1,004011060056,Dailekh
level2_code_but_district_name1,004011060057,Dailekh
level2_code_but_district_name1,004011060058,Dailekh
level2_code_but_district_name1,004011060059,Dailekh
level2_code_but_district_name1,004011061001,Jajarkot
level2_code_but_district_name1,004011061002,Jajarkot
level2_code_but_district_name1,004011061003,Jajarkot
level2_code_but_district_name1,004011061004,Jajarkot
level2_code_but_district_name1,004011061005,Jajarkot
level2_code_but_district_name1,004011061006,Jajarkot
level2_code_but_district_name1,004011061007,Jajarkot
level2_code_but_district_name1,004011061008,Jajarkot
level2_code_but_district_name1,004011061009,Jajarkot
level2_code_but_district_name1,004011061010,Jajarkot
level2_code_but_district_name1,004011061011,Jajarkot
level2_code_but_district_name1,004011061012,Jajarkot
level2_code_but_district_name1,004011061013,Jajarkot
level2_code_but_district_name1,004011061014,Jajarkot
level2_code_but_district_name1,004011061015,Jajarkot
level2_code_but_district_name1,004011061016,Jajarkot
level2_code_but_district_name1,004011061017,Jajarkot
level2_code_but_district_name1,004011061018,Jajarkot
level2_code_but_district_name1,004011061019,Jajarkot
level2_code_but_district_name1,004011061020,Jajarkot
level2_code_but_district_name1,004011061021,Jajarkot
level2_code_but_district_name1,004011061022,Jajarkot
level2_code_but_district_name1,004011061023,Jajarkot
level2_code_but_district_name1,004011061024,Jajarkot
level2_code_but_district_name1,004011061025,Jajarkot
level2_code_but_district_name1,004011061026,Jajarkot
level2_code_but_district_name1,004011061027,Jajarkot
level2_code_but_district_name1,004011061028,Jajarkot
level2_code_but_district_name1,004011061029,Jajarkot
level2_code_but_district_name1,004011061030,Jajarkot
level2_code_but_district_name1,004012056002,Dang
level2_code_but_district_name1,004012056003,Dang
level2_code_but_district_name1,004012056004,Dang
level2_code_but_district_name1,004012056005,Dang
level2_code_but_district_name1,004012056006,Dang
level2_code_but_district_name1,004012056007,Dang
level2_code_but_district_name1,004012056008,Dang
level2_code_but_district_name1,004012056009,Dang
level2_code_but_district_name1,004012056010,Dang
level2_code_but_district_name1,004012056011,Dang
level2_code_but_district_name1,004012056012,Dang
level2_code_but_district_name1,004012056013,Dang
level2_code_but_district_name1,004012056014,Dang
level2_code_but_district_name1,004012056015,Dang
level2_code_but_district_name1,004012056016,Dang
level2_code_but_district_name1,004012056017,Dang
level2_code_but_district_name1,004012056018,Dang
level2_code_but_district_name1,004012056019,Dang
level2_code_but_district_name1,004012056020,Dang
level2_code_but_district_name1,004012056021,Dang
level2_code_but_district_name1,004012056022,Dang
level2_code_but_district_name1,004012056023,Dang
level2_code_but_district_name1,004012056024,Dang
level2_code_but_district_name1,004012056025,Dang
level2_code_but_district_name1,004012056026,Dang
level2_code_but_district_name1,004012056027,Dang
level2_code_but_district_name1,004012056028,Dang
level2_code_but_district_name1,004012056029,Dang
level2_code_but_district_name1,004012056030,Dang
level2_code_but_district_name1,004012056031,Dang
level2_code_but_district_name1,004012056032,Dang
level2_code_but_district_name1,004012056033,Dang
level2_code_but_district_name1,004012056034,Dang
level2_code_but_district_name1,004012056035,Dang
level2_code_but_district_name1,004012056036,Dang
level2_code_but_district_name1,004012056037,Dang
level2_code_but_district_name1,004012056038,Dang
level2_code_but_district_name1,004012056039,Dang
level2_code_but_district_name1,004012056040,Dang
level2_code_but_district_name1,004012056041,Dang
level2_code_but_district_name1,004012056042,Dang
level2_code_but_district_name1,004012057001,Banke
level2_code_but_district_name1,004012057002,Banke
level2_code_but_district_name1,004012057003,Banke
level2_code_but_district_name1,004012057004,Banke
level2_code_but_district_name1,004012057005,Banke
level2_code_but_district_name1,004012057006,Banke
level2_code_but_district_name1,004012057007,Banke
level2_code_but_district_name1,004012057008,Banke
level2_code_but_district_name1,004012057009,Banke
level2_code_but_district_name1,004012057010,Banke
level2_code_but_district_name1,004012057011,Banke
level2_code_but_district_name1,004012057012,Banke
level2_code_but_district_name1,004012057013,Banke
level2_code_but_district_name1,004012057014,Banke
level2_code_but_district_name1,004012057015,Banke
level2_code_but_district_name1,004012057016,Banke
level2_code_but_district_name1,004012057017,Banke
level2_code_but_district_name1,004012057018,Banke
level2_code_but_district_name1,004012057019,Banke
level2_code_but_district_name1,004012057020,Banke
level2_code_but_district_name1,004012057021,Banke
level2_code_but_district_name1,004012057022,Banke
level2_code_but_district_name1,004012057023,Banke
level2_code_but_district_name1,004012057024,Banke
level2_code_but_district_name1,004012057025,Banke
level2_code_but_district_name1,004012057026,Banke
level2_code_but_district_name1,004012057027,Banke
level2_code_but_district_name1,004012057028,Banke
level2_code_but_district_name1,004012057029,Banke
level2_code_but_district_name1,004012057030,Banke
level2_code_but_district_name1,004012057031,Banke
level2_code_but_district_name1,004012057032,Banke
level2_code_but_district_name1,004012057033,Banke
level2_code_but_district_name1,004012057034,Banke
level2_code_but_district_name1,004012057035,Banke
level2_code_but_district_name1,004012057036,Banke
level2_code_but_district_name1,004012057037,Banke
level2_code_but_district_name1,004012057038,Banke
level2_code_but_district_name1,004012057039,Banke
level2_code_but_district_name1,004012057040,Banke
level2_code_but_district_name1,004012057041,Banke
level2_code_but_district_name1,004012057042,Banke
level2_code_but_district_name1,004012057043,Banke
level2_code_but_district_name1,004012057044,Banke
level2_code_but_district_name1,004012057045,Banke
level2_code_but_district_name1,004012057046,Banke
level2_code_but_district_name1,004012057047,Banke
level2_code_but_district_name1,004012058002,Bardiya
level2_code_but_district_name1,004012058003,Bardiya
level2_code_but_district_name1,004012058004,Bardiya
level2_code_but_district_name1,004012058005,Bardiya
level2_code_but_district_name1,004012058006,Bardiya
level2_code_but_district_name1,004012058007,Bardiya
level2_code_but_district_name1,004012058008,Bardiya
level2_code_but_district_name1,004012058009,Bardiya
level2_code_but_district_name1,004012058010,Bardiya
level2_code_but_district_name1,004012058011,Bardiya
level2_code_but_district_name1,004012058012,Bardiya
level2_code_but_district_name1,004012058013,Bardiya
level2_code_but_district_name1,004012058014,Bardiya
level2_code_but_district_name1,004012058015,Bardiya
level2_code_but_district_name1,004012058016,Bardiya
level2_code_but_district_name1,004012058017,Bardiya
level2_code_but_district_name1,004012058018,Bardiya
level2_code_but_district_name1,004012058019,Bardiya
level2_code_but_district_name1,004012058020,Bardiya
level2_code_but_district_name1,004012058021,Bardiya
level2_code_but_district_name1,004012058022,Bardiya
level2_code_but_district_name1,004012058023,Bardiya
level2_code_but_district_name1,004012058024,Bardiya
level2_code_but_district_name1,004012058025,Bardiya
level2_code_but_district_name1,004012058026,Bardiya
level2_code_but_district_name1,004012058028,Bardiya
level2_code_but_district_name1,004012058029,Bardiya
level2_code_but_district_name1,004012058030,Bardiya
level2_code_but_district_name1,004012058031,Bardiya
level2_code_but_district_name1,004012058032,Bardiya
level2_code_but_district_name1,005013067001,Bajura
level2_code_but_district_name1,005013067002,Bajura
level2_code_but_district_name1,005013067003,Bajura
level2_code_but_district_name1,005013067004,Bajura
level2_code_but_district_name1,005013067005,Bajura
level2_code_but_district_name1,005013067006,Bajura
level2_code_but_district_name1,005013067007,Bajura
level2_code_but_district_name1,005013067008,Bajura
level2_code_but_district_name1,005013067009,Bajura
level2_code_but_district_name1,005013067010,Bajura
level2_code_but_district_name1,005013067011,Bajura
level2_code_but_district_name1,005013067012,Bajura
level2_code_but_district_name1,005013067013,Bajura
level2_code_but_district_name1,005013067014,Bajura
level2_code_but_district_name1,005013067015,Bajura
level2_code_but_district_name1,005013067016,Bajura
level2_code_but_district_name1,005013067017,Bajura
level2_code_but_district_name1,005013067018,Bajura
level2_code_but_district_name1,005013067019,Bajura
level2_code_but_district_name1,005013067020,Bajura
level2_code_but_district_name1,005013067021,Bajura
level2_code_but_district_name1,005013067022,Bajura
level2_code_but_district_name1,005013067023,Bajura
level2_code_but_district_name1,005013067024,Bajura
level2_code_but_district_name1,005013067025,Bajura
level2_code_but_district_name1,005013067026,Bajura
level2_code_but_district_name1,005013067027,Bajura
level2_code_but_district_name1,005013068001,Bajhang
level2_code_but_district_name1,005013068002,Bajhang
level2_code_but_district_name1,005013068003,Bajhang
level2_code_but_district_name1,005013068004,Bajhang
level2_code_but_district_name1,005013068006,Bajhang
level2_code_but_district_name1,005013068007,Bajhang
level2_code_but_district_name1,005013068008,Bajhang
level2_code_but_district_name1,005013068009,Bajhang
level2_code_but_district_name1,005013068011,Bajhang
level2_code_but_district_name1,005013068012,Bajhang
level2_code_but_district_name1,005013068013,Bajhang
level2_code_but_district_name1,005013068014,Bajhang
level2_code_but_district_name1,005013068015,Bajhang
level2_code_but_district_name1,005013068016,Bajhang
level2_code_but_district_name1,005013068018,Bajhang
level2_code_but_district_name1,005013068019,Bajhang
level2_code_but_district_name1,005013068021,Bajhang
level2_code_but_district_name1,005013068022,Bajhang
level2_code_but_district_name1,005013068023,Bajhang
level2_code_but_district_name1,005013068024,Bajhang
level2_code_but_district_name1,005013068025,Bajhang
level2_code_but_district_name1,005013068026,Bajhang
level2_code_but_district_name1,005013068027,Bajhang
level2_code_but_district_name1,005013068028,Bajhang
level2_code_but_district_name1,005013068029,Bajhang
level2_code_but_district_name1,005013068030,Bajhang
level2_code_but_district_name1,005013068031,Bajhang
level2_code_but_district_name1,005013068032,Bajhang
level2_code_but_district_name1,005013068033,Bajhang
level2_code_but_district_name1,005013068034,Bajhang
level2_code_but_district_name1,005013068035,Bajhang
level2_code_but_district_name1,005013068039,Bajhang
level2_code_but_district_name1,005013068040,Bajhang
level2_code_but_district_name1,005013068041,Bajhang
level2_code_but_district_name1,005013068042,Bajhang
level2_code_but_district_name1,005013068043,Bajhang
level2_code_but_district_name1,005013068044,Bajhang
level2_code_but_district_name1,005013068045,Bajhang
level2_code_but_district_name1,005013068047,Bajhang
level2_code_but_district_name1,005013075002,Darchula
level2_code_but_district_name1,005013075003,Darchula
level2_code_but_district_name1,005013075004,Darchula
level2_code_but_district_name1,005013075005,Darchula
level2_code_but_district_name1,005013075006,Darchula
level2_code_but_district_name1,005013075007,Darchula
level2_code_but_district_name1,005013075008,Darchula
level2_code_but_district_name1,005013075009,Darchula
level2_code_but_district_name1,005013075010,Darchula
level2_code_but_district_name1,005013075011,Darchula
level2_code_but_district_name1,005013075012,Darchula
level2_code_but_district_name1,005013075013,Darchula
level2_code_but_district_name1,005013075014,Darchula
level2_code_but_district_name1,005013075015,Darchula
level2_code_but_district_name1,005013075017,Darchula
level2_code_but_district_name1,005013075018,Darchula
level2_code_but_district_name1,005013075019,Darchula
level2_code_but_district_name1,005013075020,Darchula
level2_code_but_district_name1,005013075021,Darchula
level2_code_but_district_name1,005013075022,Darchula
level2_code_but_district_name1,005013075024,Darchula
level2_code_but_district_name1,005013075026,Darchula
level2_code_but_district_name1,005013075027,Darchula
level2_code_but_district_name1,005013075029,Darchula
level2_code_but_district_name1,005013075030,Darchula
level2_code_but_district_name1,005013075032,Darchula
level2_code_but_district_name1,005013075033,Darchula
level2_code_but_district_name1,005013075034,Darchula
level2_code_but_district_name1,005013075035,Darchula
level2_code_but_district_name1,005013075036,Darchula
level2_code_but_district_name1,005013075037,Darchula
level2_code_but_district_name1,005013075038,Darchula
level2_code_but_district_name1,005013075039,Darchula
level2_code_but_district_name1,005013075040,Darchula
level2_code_but_district_name1,005013075041,Darchula
level2_code_but_district_name1,005014069002,Achham
level2_code_but_district_name1,005014069003,Achham
level2_code_but_district_name1,005014069004,Achham
level2_code_but_district_name1,005014069005,Achham
level2_code_but_district_name1,005014069006,Achham
level2_code_but_district_name1,005014069007,Achham
level2_code_but_district_name1,005014069008,Achham
level2_code_but_district_name1,005014069009,Achham
level2_code_but_district_name1,005014069010,Achham
level2_code_but_district_name1,005014069011,Achham
level2_code_but_district_name1,005014069012,Achham
level2_code_but_district_name1,005014069013,Achham
level2_code_but_district_name1,005014069015,Achham
level2_code_but_district_name1,005014069016,Achham
level2_code_but_district_name1,005014069017,Achham
level2_code_but_district_name1,005014069019,Achham
level2_code_but_district_name1,005014069020,Achham
level2_code_but_district_name1,005014069021,Achham
level2_code_but_district_name1,005014069022,Achham
level2_code_but_district_name1,005014069023,Achham
level2_code_but_district_name1,005014069024,Achham
level2_code_but_district_name1,005014069025,Achham
level2_code_but_district_name1,005014069026,Achham
level2_code_but_district_name1,005014069027,Achham
level2_code_but_district_name1,005014069028,Achham
level2_code_but_district_name1,005014069030,Achham
level2_code_but_district_name1,005014069031,Achham
level2_code_but_district_name1,005014069032,Achham
level2_code_but_district_name1,005014069034,Achham
level2_code_but_district_name1,005014069035,Achham
level2_code_but_district_name1,005014069036,Achham
level2_code_but_district_name1,005014069037,Achham
level2_code_but_district_name1,005014069038,Achham
level2_code_but_district_name1,005014069039,Achham
level2_code_but_district_name1,005014069040,Achham
level2_code_but_district_name1,005014069041,Achham
level2_code_but_district_name1,005014069042,Achham
level2_code_but_district_name1,005014069043,Achham
level2_code_but_district_name1,005014069044,Achham
level2_code_but_district_name1,005014069045,Achham
level2_code_but_district_name1,005014069046,Achham
level2_code_but_district_name1,005014069047,Achham
level2_code_but_district_name1,005014069048,Achham
level2_code_but_district_name1,005014069049,Achham
level2_code_but_district_name1,005014069050,Achham
level2_code_but_district_name1,005014069051,Achham
level2_code_but_district_name1,005014069052,Achham
level2_code_but_district_name1,005014069053,Achham
level2_code_but_district_name1,005014069054,Achham
level2_code_but_district_name1,005014069055,Achham
level2_code_but_district_name1,005014069056,Achham
level2_code_but_district_name1,005014069058,Achham
level2_code_but_district_name1,005014069059,Achham
level2_code_but_district_name1,005014069060,Achham
level2_code_but_district_name1,005014069062,Achham
level2_code_but_district_name1,005014069063,Achham
level2_code_but_district_name1,005014069064,Achham
level2_code_but_district_name1,005014069065,Achham
level2_code_but_district_name1,005014069066,Achham
level2_code_but_district_name1,005014069067,Achham
level2_code_but_district_name1,005014069068,Achham
level2_code_but_district_name1,005014069069,Achham
level2_code_but_district_name1,005014069070,Achham
level2_code_but_district_name1,005014069071,Achham
level2_code_but_district_name1,005014069072,Achham
level2_code_but_district_name1,005014069073,Achham
level2_code_but_district_name1,005014069074,Achham
level2_code_but_district_name1,005014069075,Achham
level2_code_but_district_name1,005014070001,Doti
level2_code_but_district_name1,005014070002,Doti
level2_code_but_district_name1,005014070003,Doti
level2_code_but_district_name1,005014070004,Doti
level2_code_but_district_name1,005014070005,Doti
level2_code_but_district_name1,005014070006,Doti
level2_code_but_district_name1,005014070007,Doti
level2_code_but_district_name1,005014070008,Doti
level2_code_but_district_name1,005014070009,Doti
level2_code_but_district_name1,005014070010,Doti
level2_code_but_district_name1,005014070011,Doti
level2_code_but_district_name1,005014070012,Doti
level2_code_but_district_name1,005014070013,Doti
level2_code_but_district_name1,005014070014,Doti
level2_code_but_district_name1,005014070015,Doti
level2_code_but_district_name1,005014070017,Doti
level2_code_but_district_name1,005014070018,Doti
level2_code_but_district_name1,005014070019,Doti
level2_code_but_district_name1,005014070020,Doti
level2_code_but_district_name1,005014070021,Doti
level2_code_but_district_name1,005014070022,Doti
level2_code_but_district_name1,005014070023,Doti
level2_code_but_district_name1,005014070024,Doti
level2_code_but_district_name1,005014070025,Doti
level2_code_but_district_name1,005014070026,Doti
level2_code_but_district_name1,005014070027,Doti
level2_code_but_district_name1,005014070028,Doti
level2_code_but_district_name1,005014070030,Doti
level2_code_but_district_name1,005014070031,Doti
level2_code_but_district_name1,005014070032,Doti
level2_code_but_district_name1,005014070033,Doti
level2_code_but_district_name1,005014070035,Doti
level2_code_but_district_name1,005014070036,Doti
level2_code_but_district_name1,005014070037,Doti
level2_code_but_district_name1,005014070038,Doti
level2_code_but_district_name1,005014070039,Doti
level2_code_but_district_name1,005014070040,Doti
level2_code_but_district_name1,005014070041,Doti
level2_code_but_district_name1,005014070042,Doti
level2_code_but_district_name1,005014070043,Doti
level2_code_but_district_name1,005014070044,Doti
level2_code_but_district_name1,005014070045,Doti
level2_code_but_district_name1,005014070046,Doti
level2_code_but_district_name1,005014070047,Doti
level2_code_but_district_name1,005014070048,Doti
level2_code_but_district_name1,005014070049,Doti
level2_code_but_district_name1,005014070050,Doti
level2_code_but_district_name1,005014070051,Doti
level2_code_but_district_name1,005014073001,Dadeldhura
level2_code_but_district_name1,005014073002,Dadeldhura
level2_code_but_district_name1,005014073003,Dadeldhura
level2_code_but_district_name1,005014073004,Dadeldhura
level2_code_but_district_name1,005014073005,Dadeldhura
level2_code_but_district_name1,005014073007,Dadeldhura
level2_code_but_district_name1,005014073009,Dadeldhura
level2_code_but_district_name1,005014073011,Dadeldhura
level2_code_but_district_name1,005014073012,Dadeldhura
level2_code_but_district_name1,005014073013,Dadeldhura
level2_code_but_district_name1,005014073014,Dadeldhura
level2_code_but_district_name1,005014073015,Dadeldhura
level2_code_but_district_name1,005014073016,Dadeldhura
level2_code_but_district_name1,005014073018,Dadeldhura
level2_code_but_district_name1,005014073019,Dadeldhura
level2_code_but_district_name1,005014073020,Dadeldhura
level2_code_but_district_name1,005014073021,Dadeldhura
level2_code_but_district_name1,005014074001,Baitadi
level2_code_but_district_name1,005014074004,Baitadi
level2_code_but_district_name1,005014074006,Baitadi
level2_code_but_district_name1,005014074007,Baitadi
level2_code_but_district_name1,005014074008,Baitadi
level2_code_but_district_name1,005014074009,Baitadi
level2_code_but_district_name1,005014074011,Baitadi
level2_code_but_district_name1,005014074013,Baitadi
level2_code_but_district_name1,005014074014,Baitadi
level2_code_but_district_name1,005014074016,Baitadi
level2_code_but_district_name1,005014074017,Baitadi
level2_code_but_district_name1,005014074020,Baitadi
level2_code_but_district_name1,005014074021,Baitadi
level2_code_but_district_name1,005014074022,Baitadi
level2_code_but_district_name1,005014074023,Baitadi
level2_code_but_district_name1,005014074024,Baitadi
level2_code_but_district_name1,005014074027,Baitadi
level2_code_but_district_name1,005014074028,Baitadi
level2_code_but_district_name1,005014074031,Baitadi
level2_code_but_district_name1,005014074034,Baitadi
level2_code_but_district_name1,005014074039,Baitadi
level2_code_but_district_name1,005014074040,Baitadi
level2_code_but_district_name1,005014074041,Baitadi
level2_code_but_district_name1,005014074043,Baitadi
level2_code_but_district_name1,005014074045,Baitadi
level2_code_but_district_name1,005014074046,Baitadi
level2_code_but_district_name1,005014074047,Baitadi
level2_code_but_district_name1,005014074048,Baitadi
level2_code_but_district_name1,005014074049,Baitadi
level2_code_but_district_name1,005014074051,Baitadi
level2_code_but_district_name1,005014074052,Baitadi
level2_code_but_district_name1,005014074053,Baitadi
level2_code_but_district_name1,005014074054,Baitadi
level2_code_but_district_name1,005014074055,Baitadi
level2_code_but_district_name1,005014074057,Baitadi
level2_code_but_district_name1,005014074058,Baitadi
level2_code_but_district_name1,005014074059,Baitadi
level2_code_but_district_name1,005014074060,Baitadi
level2_code_but_district_name1,005014074061,Baitadi
level2_code_but_district_name1,005014074062,Baitadi
level2_code_but_district_name1,005014074063,Baitadi
level2_code_but_district_name1,005014074064,Baitadi
level2_code_but_district_name1,005014074065,Baitadi
level2_code_but_district_name1,005014074068,Baitadi
level2_code_but_district_name1,005014074069,Baitadi
level2_code_but_district_name1,005015071001,Kailali
level2_code_but_district_name1,005015071002,Kailali
level2_code_but_district_name1,005015071003,Kailali
level2_code_but_district_name1,005015071004,Kailali
level2_code_but_district_name1,005015071005,Kailali
level2_code_but_district_name1,005015071006,Kailali
level2_code_but_district_name1,005015071007,Kailali
level2_code_but_district_name1,005015071008,Kailali
level2_code_but_district_name1,005015071009,Kailali
level2_code_but_district_name1,005015071010,Kailali
level2_code_but_district_name1,005015071011,Kailali
level2_code_but_district_name1,005015071012,Kailali
level2_code_but_district_name1,005015071013,Kailali
level2_code_but_district_name1,005015071014,Kailali
level2_code_but_district_name1,005015071015,Kailali
level2_code_but_district_name1,005015071016,Kailali
level2_code_but_district_name1,005015071017,Kailali
level2_code_but_district_name1,005015071018,Kailali
level2_code_but_district_name1,005015071019,Kailali
level2_code_but_district_name1,005015071020,Kailali
level2_code_but_district_name1,005015071021,Kailali
level2_code_but_district_name1,005015071022,Kailali
level2_code_but_district_name1,005015071023,Kailali
level2_code_but_district_name1,005015071024,Kailali
level2_code_but_district_name1,005015071025,Kailali
level2_code_but_district_name1,005015071026,Kailali
level2_code_but_district_name1,005015071027,Kailali
level2_code_but_district_name1,005015071028,Kailali
level2_code_but_district_name1,005015071029,Kailali
level2_code_but_district_name1,005015071030,Kailali
level2_code_but_district_name1,005015071031,Kailali
level2_code_but_district_name1,005015071032,Kailali
level2_code_but_district_name1,005015071033,Kailali
level2_code_but_district_name1,005015071034,Kailali
level2_code_but_district_name1,005015071035,Kailali
level2_code_but_district_name1,005015071036,Kailali
level2_code_but_district_name1,005015071037,Kailali
level2_code_but_district_name1,005015071038,Kailali
level2_code_but_district_name1,005015071039,Kailali
level2_code_but_district_name1,005015071040,Kailali
level2_code_but_district_name1,005015071041,Kailali
level2_code_but_district_name1,005015071042,Kailali
level2_code_but_district_name1,005015071043,Kailali
level2_code_but_district_name1,005015071044,Kailali
level2_code_but_district_name1,005015072001,Kanchanpur
level2_code_but_district_name1,005015072002,Kanchanpur
level2_code_but_district_name1,005015072003,Kanchanpur
level2_code_but_district_name1,005015072004,Kanchanpur
level2_code_but_district_name1,005015072005,Kanchanpur
level2_code_but_district_name1,005015072006,Kanchanpur
level2_code_but_district_name1,005015072007,Kanchanpur
level2_code_but_district_name1,005015072008,Kanchanpur
level2_code_but_district_name1,005015072009,Kanchanpur
level2_code_but_district_name1,005015072010,Kanchanpur
level2_code_but_district_name1,005015072011,Kanchanpur
level2_code_but_district_name1,005015072012,Kanchanpur
level2_code_but_district_name1,005015072013,Kanchanpur
level2_code_but_district_name1,005015072014,Kanchanpur
level2_code_but_district_name1,005015072015,Kanchanpur
level2_code_but_district_name1,005015072016,Kanchanpur
level2_code_but_district_name1,005015072017,Kanchanpur
level2_code_but_district_name1,005015072018,Kanchanpur
level2_code_but_district_name1,005015072019,Kanchanpur
level2_code_but_district_name1,005015072020,Kanchanpur
