observed_at,dataset_type,disaster_type,severity_encoded,people_affected,rainfall_1h_mm,rainfall_24h_mm,rainfall_probability_pct,wind_speed_kmh,wind_gust_kmh,temperature_c,humidity_pct,water_level_m,water_level_change_m,population_density_km2,elevation_m,distance_to_hospital_km,road_accessibility_score,nearby_incidents_24h,earthquake_magnitude,resource_pressure_pct,official_alert_level,fused_risk_signal,data_coverage_pct,target_risk_score
2021-01-01T00:00:00+00:00,synthetic,extreme_rain,3,36,40.66,256.51,89.42,31.14,53.03,36.93,82.8,4.04,0.59,530.23,1,8.81,56.18,3,0,25.89,2,56.8,74.79,92.51
2021-01-02T00:00:00+00:00,synthetic,fire,3,86,0.53,8.45,8.63,30.52,44.26,23.35,37.89,0.66,-0.01,2164.27,195.38,5.62,67.05,4,0,15.75,2,22.99,76.84,69.58
2021-01-03T00:00:00+00:00,synthetic,earthquake,3,105,11.83,26.35,28.27,0,11.28,27.19,86.77,1.46,-0.11,1166.83,175.92,4.34,64.87,2,5.18,90.21,2,52.01,94.15,98.04
2021-01-04T00:00:00+00:00,synthetic,fire,2,135,0.49,5.62,15.73,17.39,25.35,32.97,40.73,0.61,0.1,714.57,240.91,5.77,68.09,5,0,71.43,1,26.01,71.41,73.52
2021-01-05T00:00:00+00:00,synthetic,flood,2,9,17.67,177.23,61.53,5.79,11.73,35.34,66.98,4.97,0.2,4855.83,187.0,2.91,67.15,0,0,56.3,1,40.4,73.19,74.39
2021-01-06T00:00:00+00:00,synthetic,extreme_rain,3,77,12.64,92.94,35.77,14.36,29.14,30.65,48.34,6.72,0.24,1074.21,1,10.01,70.94,1,0,34.57,2,35.39,86.18,82.1
2021-01-07T00:00:00+00:00,synthetic,extreme_rain,2,17,4.44,75.89,33.16,26.85,28.84,25.97,68.97,1.06,-0.02,1239.24,263.74,8.61,76.27,0,0,47.7,1,25.59,91.7,72.42
2021-01-08T00:00:00+00:00,synthetic,cyclone,2,8,69.03,120.66,44.81,96.05,144.3,29.26,90.09,4.31,0.2,1357.72,178.32,9.12,72.71,0,0,35.86,1,29.92,72.26,88.76
2021-01-09T00:00:00+00:00,synthetic,other,4,68,11.11,68.49,54.55,25.7,40.48,28.46,95.31,0.32,0.41,1069.49,46.09,3.33,73.64,10,0,41.66,3,49.78,99.86,90.64
2021-01-10T00:00:00+00:00,synthetic,cyclone,1,20,16.78,72.66,39.73,143.29,182.08,23.12,94.32,5.52,1.03,738.65,39.72,4.96,68.8,4,0,51.82,0,26.37,87.09,92.02
2021-01-11T00:00:00+00:00,synthetic,cyclone,2,52,0.44,103.33,55.16,9.07,34.07,26.95,48.43,2.69,1.02,709.36,47.67,9.76,84.93,0,0,0,1,25.51,77.96,64.0
2021-01-12T00:00:00+00:00,synthetic,earthquake,3,9,10.03,2.01,19.49,18.27,18.27,35.01,40.81,0.72,0.06,1212.43,1,6.5,67.55,2,1.34,31.78,2,27.91,82.71,86.06
2021-01-13T00:00:00+00:00,synthetic,earthquake,3,34,0,47.33,31.34,28.37,39.79,32.9,77.02,1.17,0.29,734.27,48.28,3.18,72.25,6,5.78,50.62,2,54.37,80.61,97.0
2021-01-14T00:00:00+00:00,synthetic,cyclone,4,69,57.87,118.07,51.62,153.31,170.52,23.55,36.49,4.16,0.5,1706.5,244.82,1.76,44.38,4,0,28.46,3,49.0,75.79,98.86
2021-01-15T00:00:00+00:00,synthetic,earthquake,1,82,3.73,37.46,30.47,0,7.47,21.43,85.81,1.1,-0.14,406.82,1,4.01,78.88,5,5.2,44.02,0,31.32,90.61,85.9
2021-01-16T00:00:00+00:00,synthetic,extreme_rain,3,31,26.53,134.07,53.45,28.2,52.02,22.37,87.52,2.68,-0.38,498.78,1,5.66,79.51,1,0,72.62,2,44.08,79.12,90.19
2021-01-17T00:00:00+00:00,synthetic,landslide,2,32,7.13,37.03,30.4,8.61,14.72,28.51,39.59,2.56,0.09,315.54,81.28,1.78,43.09,0,0.87,59.81,1,26.29,82.43,66.57
2021-01-18T00:00:00+00:00,synthetic,extreme_rain,4,60,0,59.85,43.27,27.15,50.92,25.76,54.99,2.49,0.64,4326.52,1,17.46,75.08,0,0,59.96,3,45.15,92.66,90.38
2021-01-19T00:00:00+00:00,synthetic,fire,3,28,0,0.82,24.04,1.55,9.13,31.35,69.03,0,-0.0,421.0,94.45,6.9,48.26,0,0,59.5,2,26.79,74.15,76.91
2021-01-20T00:00:00+00:00,synthetic,landslide,2,39,7.16,226.34,74.86,11.64,27.51,31.63,52.19,2.23,0.5,2607.96,166.56,3.46,96.58,1,1.92,21.07,1,48.04,84.57,80.12
2021-01-21T00:00:00+00:00,synthetic,fire,3,6,0,2.12,15.53,30.08,38.5,23.07,58.88,0.79,-0.02,1200.91,92.76,7.21,83.18,0,0,61.76,2,27.25,92.56,80.67
2021-01-22T00:00:00+00:00,synthetic,other,2,1,13.99,0,29.59,17.78,37.44,19.05,80.26,1.63,-0.11,1364.7,21.67,20.66,71.47,1,0.8,44.25,1,18.59,93.33,38.32
2021-01-23T00:00:00+00:00,synthetic,landslide,1,82,21.47,167.38,53.18,7.11,7.11,22.43,88.52,2.85,0.28,3652.3,194.97,0.9,100,1,0,41.46,0,29.77,94.67,66.82
2021-01-24T00:00:00+00:00,synthetic,flood,2,64,17.38,44.65,29.18,11.01,27.86,27.02,77.1,4.77,0.7,831.61,141.25,6.28,64.07,6,0,58.49,1,32.19,80.09,79.98
2021-01-25T00:00:00+00:00,synthetic,fire,3,70,0,7.88,24.69,46.85,51.1,24.72,64.82,0.25,0.02,3446.76,288.49,7.27,38.11,0,0,47.05,2,25.52,85.93,91.75
2021-01-26T00:00:00+00:00,synthetic,fire,3,7,2.86,12.32,41.85,36.59,46.82,25.64,54.04,0.39,-0.03,217.13,161.44,2.27,44.27,2,0,26.96,2,23.77,91.24,78.56
2021-01-27T00:00:00+00:00,synthetic,landslide,2,168,28.5,130.59,43.55,11.93,30.41,30.16,38.38,4.67,-0.12,1017.33,95.62,19.82,75.36,1,1.7,53.86,1,38.71,74.48,87.49
2021-01-28T00:00:00+00:00,synthetic,cyclone,3,72,47.02,200.11,68.89,49.26,89.41,20.01,51.67,5.03,1.34,2435.48,1,5.89,59.94,0,0,53.86,2,56.4,72.44,97.02
2021-01-29T00:00:00+00:00,synthetic,landslide,3,22,16.91,222.08,91.22,10.48,17.71,29.71,54.38,3.09,0.25,1819.95,266.74,18.99,49.88,2,0.83,56.37,2,58.15,92.47,86.26
2021-01-30T00:00:00+00:00,synthetic,cyclone,2,22,42.84,361.94,100,95.82,116.04,29.84,83.08,3.98,0.28,1269.17,135.01,1.82,53.64,2,0,9.71,1,56.19,75.26,96.24
2021-01-31T00:00:00+00:00,synthetic,cyclone,1,19,0,26.3,31.49,132.2,150.65,22.83,55.37,1.37,0.98,5660.38,1,2.8,64.86,7,0,29.53,0,18.96,99.11,82.78
2021-02-01T00:00:00+00:00,synthetic,fire,2,48,1.37,12.17,20.63,26.18,35.9,20.87,79.72,0,0.1,1008.41,89.48,2.17,80.09,5,0,57.09,1,24.24,79.32,72.56
2021-02-02T00:00:00+00:00,synthetic,flood,3,29,0,93.94,26.68,16.93,27.04,16.73,89.43,3.71,1.17,1115.17,94.39,12.6,83.35,2,0,43.15,2,42.5,78.29,86.69
2021-02-03T00:00:00+00:00,synthetic,other,3,47,4.36,59.46,26.6,8.1,24.15,26.55,59.13,0.49,0.07,2712.85,1,10.07,71.59,1,0.41,81.83,2,40.25,95.68,91.7
2021-02-04T00:00:00+00:00,synthetic,fire,3,196,3.39,8.24,20.27,12.63,31.41,21.94,76.25,0.25,-0.09,305.93,1,14.51,50.49,1,0,23.19,2,21.52,74.63,74.18
2021-02-05T00:00:00+00:00,synthetic,fire,3,127,1.23,2.15,13.0,35.38,50.4,29.15,96.64,0.18,-0.04,5146.23,1,6.73,71.7,0,0,38.4,2,23.0,92.81,88.08
2021-02-06T00:00:00+00:00,synthetic,extreme_rain,2,22,31.57,54.49,28.55,35.1,53.16,25.55,64.05,2.51,-0.31,1210.2,99.34,0.58,59.4,5,0,34.16,1,23.14,77.62,80.39
2021-02-07T00:00:00+00:00,synthetic,earthquake,2,26,0,0,24.84,9.0,16.32,36.99,84.03,0.44,0.03,458.23,1,3.11,62.07,0,8.41,74.73,1,46.81,99.21,97.11
2021-02-08T00:00:00+00:00,synthetic,cyclone,2,13,38.05,211.39,89.94,55.34,88.7,31.66,43.28,1.22,1.41,4956.5,294.26,7.99,75.31,2,0,51.85,1,51.34,97.29,92.74
2021-02-09T00:00:00+00:00,synthetic,earthquake,4,72,4.79,29.8,26.18,19.35,34.62,24.93,80.63,0.56,0.13,2591.52,149.1,2.89,42.04,0,4.19,55.72,3,50.81,99.4,99.23
2021-02-10T00:00:00+00:00,synthetic,other,3,10,6.93,8.54,18.84,5.35,12.09,34.72,54.17,1.03,0.03,2964.57,1,1.75,100,6,0.05,59.42,2,32.85,84.78,84.36
2021-02-11T00:00:00+00:00,synthetic,flood,3,56,51.5,153.03,55.69,24.2,49.94,23.55,57.85,6.47,0.14,5078.86,22.05,12.56,38.18,0,0,13.57,2,37.52,99.43,89.58
2021-02-12T00:00:00+00:00,synthetic,earthquake,3,22,5.0,0,18.51,18.25,27.39,23.61,48.6,0.47,-0.1,1777.12,289.08,1.95,74.23,0,5.16,38.07,2,37.87,96.09,94.77
2021-02-13T00:00:00+00:00,synthetic,earthquake,1,68,5.08,0,15.68,35.57,41.79,32.02,57.81,0.54,-0.07,437.22,26.3,6.22,84.07,0,2.07,46.55,0,14.26,87.81,68.85
2021-02-14T00:00:00+00:00,synthetic,fire,2,27,1.64,0,27.35,31.65,49.35,22.77,55.49,0.38,0.08,1809.95,1,16.83,76.61,2,0,48.66,1,18.78,99.84,66.18
2021-02-15T00:00:00+00:00,synthetic,cyclone,4,63,6.93,170.44,59.3,116.38,162.84,26.62,78.27,7.28,-0.1,465.17,195.25,3.74,78.49,3,0,27.17,3,51.23,84.23,98.74
2021-02-16T00:00:00+00:00,synthetic,flood,3,35,62.58,163.92,74.26,27.34,45.2,23.09,48.4,3.23,0.87,491.73,1,7.66,70.06,3,0,4.74,2,43.28,89.7,84.57
2021-02-17T00:00:00+00:00,synthetic,landslide,2,50,30.87,243.93,82.43,14.63,23.86,15.75,57.11,1.24,0.13,1833.5,1,7.51,61.39,2,1.19,60.72,1,54.05,75.44,92.68
2021-02-18T00:00:00+00:00,synthetic,landslide,2,11,0,130.84,49.05,29.0,40.9,23.97,62.85,2.89,0.53,2640.31,202.23,0.62,79.96,2,0.86,48.8,1,39.29,78.2,81.86
2021-02-19T00:00:00+00:00,synthetic,other,2,62,0,7.89,16.62,23.7,26.6,30.99,81.75,0.95,0.17,388.52,22.78,5.32,74.0,0,0.06,17.3,1,13.07,83.09,53.22
2021-02-20T00:00:00+00:00,synthetic,fire,1,7,3.63,1.27,33.64,22.86,27.81,26.25,54.55,0.05,-0.03,3238.69,212.85,0.65,34.82,4,0,46.12,0,11.5,80.19,49.53
2021-02-21T00:00:00+00:00,synthetic,earthquake,3,16,4.29,22.16,7.26,16.78,34.52,21.09,54.92,0.42,-0.14,1521.7,323.42,5.81,46.11,5,2.41,30.52,2,34.69,83.19,78.37
2021-02-22T00:00:00+00:00,synthetic,fire,2,185,4.58,2.03,25.84,30.03,36.0,24.53,44.5,0.49,-0.0,1116.61,75.23,5.66,79.94,1,0,3.92,1,9.74,71.86,46.39
2021-02-23T00:00:00+00:00,synthetic,flood,3,42,36.42,218.36,70.05,17.54,30.16,22.38,50.88,0.46,0.55,2797.1,53.06,10.42,67.45,2,0,39.08,2,53.57,95.55,93.14
2021-02-24T00:00:00+00:00,synthetic,cyclone,3,17,24.44,314.48,100,80.4,87.33,24.59,75.7,3.71,0.46,2619.31,334.58,3.31,78.53,2,0,9.61,2,59.37,82.7,92.16
2021-02-25T00:00:00+00:00,synthetic,earthquake,4,11,0,47.08,22.05,9.79,18.19,25.34,46.39,1.07,0.13,2448.42,1,5.23,62.71,2,3.59,64.79,3,54.34,90.79,97.15
2021-02-26T00:00:00+00:00,synthetic,cyclone,2,5,41.54,135.9,71.87,78.49,98.61,26.46,52.75,3.1,0.9,943.49,1,4.43,100,4,0,12.28,1,34.2,81.46,86.07
2021-02-27T00:00:00+00:00,synthetic,cyclone,2,70,19.44,263.63,66.92,98.0,124.48,24.81,59.98,5.85,1.35,470.32,1,0.67,67.16,6,0,61.91,1,62.32,81.22,97.97
2021-02-28T00:00:00+00:00,synthetic,fire,3,10,2.45,5.83,25.13,35.24,38.65,21.57,80.82,1.08,0.02,4861.38,200.7,4.17,91.55,0,0,58.51,2,27.33,85.83,85.65
2021-03-01T00:00:00+00:00,synthetic,flood,1,113,20.17,60.06,45.4,9.03,14.47,33.86,67.98,5.06,0.58,1254.44,1,2.41,56.98,0,0,29.34,0,15.38,80.82,61.72
2021-03-02T00:00:00+00:00,synthetic,cyclone,2,11,0,147.93,51.64,97.31,124.11,30.64,75.5,4.6,0.7,888.61,89.78,0.77,96.29,2,0,45.45,1,39.01,94.91,89.31
2021-03-03T00:00:00+00:00,synthetic,extreme_rain,2,19,0,177.39,73.11,33.96,53.31,17.17,55.91,1.53,-0.07,3741.7,229.83,2.04,68.46,3,0,51.8,1,40.66,73.73,89.46
2021-03-04T00:00:00+00:00,synthetic,earthquake,3,18,0.27,37.8,25.51,9.27,20.54,19.5,45.5,0,0.14,914.17,1,37.23,76.35,0,4.02,60.11,2,44.12,83.32,88.13
2021-03-05T00:00:00+00:00,synthetic,fire,4,2,1.8,15.75,24.46,60.03,69.02,34.92,58.08,0.56,-0.11,427.03,411.73,7.96,79.56,2,0,41.75,3,34.47,81.49,83.69
2021-03-06T00:00:00+00:00,synthetic,cyclone,1,20,56.36,304.79,84.46,100.43,124.8,30.34,43.55,5.23,0.24,1453.44,96.56,0.88,74.39,0,0,14.17,0,40.34,72.22,87.26
2021-03-07T00:00:00+00:00,synthetic,landslide,2,4,13.91,284.73,88.95,22.35,35.32,25.4,85.63,1.35,0.57,2740.9,19.05,1.57,69.5,0,0.19,46.16,1,53.92,86.55,87.79
2021-03-08T00:00:00+00:00,synthetic,cyclone,2,35,43.26,183.22,61.59,54.32,86.38,24.39,66.68,2.45,1.17,836.12,1,0.96,74.63,4,0,19.74,1,42.61,96.05,89.41
2021-03-09T00:00:00+00:00,synthetic,other,3,7,7.46,54.19,38.95,12.9,16.45,22.67,73.12,1.32,0.13,1187.68,1,2.53,49.2,0,1.39,40.06,2,34.51,95.28,87.5
2021-03-10T00:00:00+00:00,synthetic,cyclone,2,43,0,509.53,100,131.65,163.2,29.83,64.26,6.02,1.76,1305.94,1,2.52,71.05,1,0,81.28,1,93.39,80.21,99.57
2021-03-11T00:00:00+00:00,synthetic,landslide,2,35,27.89,106.8,41.69,0.19,13.33,24.79,55.63,3.47,0.2,1029.87,80.71,2.4,78.12,1,0.64,33.69,1,30.61,87.33,76.78
2021-03-12T00:00:00+00:00,synthetic,earthquake,2,8,4.87,40.95,35.0,18.8,21.96,29.61,58.04,1.78,-0.0,463.15,144.31,6.37,84.82,0,5.68,20.06,1,33.55,82.1,87.92
2021-03-13T00:00:00+00:00,synthetic,flood,3,44,28.52,24.03,29.76,29.93,52.42,25.48,43.63,5.52,0.55,3215.57,143.37,11.09,47.4,3,0,85.08,2,39.35,79.99,93.73
2021-03-14T00:00:00+00:00,synthetic,fire,2,129,1.0,3.18,29.72,21.9,39.47,31.01,54.38,0.38,0.02,1423.79,36.07,4.99,46.89,1,0,46.64,1,17.68,96.96,76.82
2021-03-15T00:00:00+00:00,synthetic,other,3,85,8.96,36.91,34.02,18.74,28.51,27.62,54.76,0.85,-0.21,324.1,1,1.12,46.41,2,0,92.71,2,37.68,74.54,92.31
2021-03-16T00:00:00+00:00,synthetic,extreme_rain,3,32,24.07,264.44,78.72,27.34,30.83,28.25,52.58,2.27,0.15,974.01,1,14.16,62.25,2,0,50.18,2,59.09,78.95,83.24
2021-03-17T00:00:00+00:00,synthetic,earthquake,2,41,4.83,0,23.9,1.82,10.8,33.49,82.08,0.7,-0.16,2689.41,3.21,2.96,71.46,0,6.55,33.86,1,32.94,76.42,94.09
2021-03-18T00:00:00+00:00,synthetic,other,2,61,0.97,0,20.41,10.39,13.42,24.8,93.91,0.61,0.03,1339.17,1,0.74,84.83,3,0,70.27,1,23.21,96.35,77.4
2021-03-19T00:00:00+00:00,synthetic,fire,3,3,0,0,13.76,45.13,61.48,16.86,53.24,0.34,0.04,2962.18,226.31,0.26,34.24,4,0,48.03,2,28.05,71.12,88.25
2021-03-20T00:00:00+00:00,synthetic,earthquake,4,27,2.27,26.05,29.79,21.99,29.48,27.14,88.94,1.57,-0.01,581.29,90.84,4.3,69.47,3,1.2,57.83,3,43.46,96.91,90.14
2021-03-21T00:00:00+00:00,synthetic,other,4,6,1.28,11.96,28.66,17.35,31.01,22.13,45.06,1.27,0.01,992.54,3.92,5.95,90.87,0,0.33,35.67,3,32.93,90.58,82.95
2021-03-22T00:00:00+00:00,synthetic,extreme_rain,4,27,21.43,0,4.94,13.24,31.42,20.9,84.6,0.94,-0.24,3200.53,1.17,9.91,32.04,4,0,60.5,3,36.91,85.77,91.53
2021-03-23T00:00:00+00:00,synthetic,cyclone,3,10,31.53,162.04,50.26,50.31,75.06,26.54,38.64,4.34,0.63,1131.83,123.9,0.67,92.88,1,0,52.92,2,48.92,83.87,89.9
2021-03-24T00:00:00+00:00,synthetic,other,3,184,4.55,46.86,16.87,15.7,25.61,16.42,58.78,1.0,0.06,767.9,165.94,1.02,51.67,8,0,19.89,2,31.89,72.41,89.1
2021-03-25T00:00:00+00:00,synthetic,extreme_rain,1,23,30.76,181.44,77.42,14.13,36.12,34.2,73.74,3.24,0.51,927.27,74.61,1.83,59.87,0,0,47.84,0,32.95,98.09,66.09
2021-03-26T00:00:00+00:00,synthetic,flood,2,6,23.32,142.41,66.94,11.95,18.31,19.39,86.56,4.75,0.08,1369.45,1,10.47,100,0,0,93.93,1,42.41,77.11,73.23
2021-03-27T00:00:00+00:00,synthetic,landslide,3,4,1.12,325.06,91.6,19.32,21.79,30.03,68.89,1.89,0.08,1188.47,1,3.36,91.43,1,0.37,38.22,2,64.2,77.23,92.57
2021-03-28T00:00:00+00:00,synthetic,landslide,2,5,6.14,358.7,100,0,3.99,21.67,89.78,2.76,-0.27,613.59,57.32,7.84,40.78,0,0.35,20.49,1,54.42,79.99,77.57
2021-03-29T00:00:00+00:00,synthetic,flood,3,58,10.57,156.97,46.08,1.45,15.93,18.19,80.51,5.26,0.37,647.19,1,2.33,44.55,0,0,51.09,2,45.88,92.85,94.77
2021-03-30T00:00:00+00:00,synthetic,earthquake,2,229,5.53,46.53,19.08,17.3,25.9,36.27,95.89,0.65,-0.17,959.62,23.58,12.54,85.43,1,5.27,27.85,1,34.39,89.25,90.26
2021-03-31T00:00:00+00:00,synthetic,fire,4,40,0,7.98,27.28,18.67,29.38,22.54,76.53,0.3,0.02,285.09,142.5,1.73,74.27,1,0,71.47,3,38.73,70.47,95.21
2021-04-01T00:00:00+00:00,synthetic,cyclone,3,176,30.61,212.62,80.34,96.44,126.05,26.78,78.09,3.42,0.63,449.06,117.71,3.54,56.98,1,0,23.56,2,49.69,95.44,97.65
2021-04-02T00:00:00+00:00,synthetic,extreme_rain,3,46,44.04,131.67,49.4,9.85,30.2,22.54,70.71,6.0,0.47,4165.9,1,25.5,100,5,0,57.63,2,48.53,78.13,87.85
2021-04-03T00:00:00+00:00,synthetic,flood,1,15,12.15,58.23,32.08,26.37,54.45,18.18,78.43,1.18,0.26,2540.17,1,13.25,60.89,2,0,25.95,0,14.57,72.35,54.64
2021-04-04T00:00:00+00:00,synthetic,extreme_rain,4,12,23.9,134.13,59.8,8.77,34.31,25.21,73.97,0.47,0.66,451.07,219.23,3.08,69.03,7,0,17.55,3,52.14,93.94,89.63
2021-04-05T00:00:00+00:00,synthetic,extreme_rain,2,18,30.73,178.72,54.66,23.62,44.18,26.4,61.07,1.45,0.82,885.52,24.14,0.66,69.34,2,0,16.26,1,38.07,93.38,82.14
2021-04-06T00:00:00+00:00,synthetic,extreme_rain,1,13,49.77,1.03,34.26,22.74,43.59,25.17,41.74,6.58,0.34,379.84,1,0.56,79.85,0,0,45.6,0,10.02,79.14,48.39
2021-04-07T00:00:00+00:00,synthetic,fire,4,12,0,12.05,13.88,14.8,37.89,31.23,72.31,0.49,-0.04,429.1,1,1.94,71.33,1,0,53.11,3,35.59,86.37,92.97
2021-04-08T00:00:00+00:00,synthetic,extreme_rain,3,177,18.46,114.46,52.86,22.48,50.33,23.95,93.18,3.32,-0.43,538.99,78.83,3.85,80.41,1,0,19.37,2,31.88,96.09,81.75
2021-04-09T00:00:00+00:00,synthetic,fire,1,141,0,3.61,0,9.35,19.05,27.31,51.3,0,0.08,624.09,410.85,7.92,84.18,1,0,45.88,0,9.9,85.32,35.13
2021-04-10T00:00:00+00:00,synthetic,cyclone,3,28,0,138.45,58.31,38.61,73.82,21.6,39.23,5.35,1.18,5913.8,16.28,10.74,83.45,1,0,39.75,2,46.45,71.34,93.0
2021-04-11T00:00:00+00:00,synthetic,extreme_rain,2,13,44.25,281.58,91.4,32.73,66.47,24.82,72.31,2.2,-0.02,7922.39,93.91,1.43,88.22,2,0,40.57,1,50.58,81.67,93.61
2021-04-12T00:00:00+00:00,synthetic,extreme_rain,2,21,21.19,226.68,79.75,2.15,9.45,31.44,45.87,2.98,-0.2,219.44,1,2.63,73.09,1,0,37.31,1,41.73,90.21,75.91
2021-04-13T00:00:00+00:00,synthetic,other,2,24,2.57,86.19,30.63,20.67,31.55,29.76,63.41,1.32,0.08,901.44,248.44,7.06,60.98,23,0.71,18.01,1,42.51,71.61,69.12
2021-04-14T00:00:00+00:00,synthetic,earthquake,2,28,6.68,51.98,41.15,19.41,19.41,20.66,83.67,0.76,0.05,999.71,1,1.74,57.18,0,3.73,47.6,1,34.25,84.86,91.73
2021-04-15T00:00:00+00:00,synthetic,cyclone,1,77,46.19,268.23,77.23,46.39,97.09,26.67,49.93,5.59,-0.22,6780.39,1,4.18,100,1,0,53.76,0,41.57,94.32,95.93
2021-04-16T00:00:00+00:00,synthetic,cyclone,3,121,12.76,0,16.46,44.27,56.74,21.61,43.54,3.37,0.36,1224.02,243.66,2.42,100,2,0,67.97,2,31.65,92.5,90.6
2021-04-17T00:00:00+00:00,synthetic,fire,3,453,5.09,0,4.67,32.06,40.11,30.32,52.53,0.5,-0.02,1761.2,1,3.74,63.34,1,0,17.49,2,19.85,98.09,87.52
2021-04-18T00:00:00+00:00,synthetic,earthquake,3,106,0,36.5,42.46,14.03,19.85,33.72,87.71,0,-0.15,781.07,50.35,5.55,94.01,3,6.46,73.62,2,54.66,70.49,96.97
2021-04-19T00:00:00+00:00,synthetic,other,4,1,7.4,61.12,18.69,14.51,33.47,27.94,41.0,1.65,0.16,890.03,1,0.37,47.62,2,0.37,39.96,3,42.02,76.4,91.59
2021-04-20T00:00:00+00:00,synthetic,flood,4,25,26.66,198.33,82.66,11.82,11.93,24.33,97.56,3.88,0.36,422.11,73.27,2.63,61.69,5,0,67.44,3,65.72,74.29,95.66
2021-04-21T00:00:00+00:00,synthetic,cyclone,4,45,0,140.25,69.44,103.37,157.62,33.78,80.43,5.96,1.1,624.25,66.01,3.93,53.38,3,0,45.4,3,56.9,78.55,98.83
2021-04-22T00:00:00+00:00,synthetic,extreme_rain,2,113,52.39,175.76,62.94,12.94,23.72,30.34,59.37,4.96,0.23,1863.2,12.81,7.11,78.79,0,0,47.39,1,38.79,95.17,79.19
2021-04-23T00:00:00+00:00,synthetic,fire,1,31,0,11.67,31.4,26.28,37.01,26.76,85.91,0.46,-0.12,1099.34,65.16,5.38,62.87,2,0,42.04,0,9.95,86.09,46.89
2021-04-24T00:00:00+00:00,synthetic,fire,4,15,0,1.61,21.55,21.25,40.23,27.1,67.59,0.15,-0.06,1290.9,1,1.35,47.21,0,0,46.97,3,32.36,94.68,89.58
2021-04-25T00:00:00+00:00,synthetic,earthquake,2,35,5.04,39.03,40.18,22.39,23.64,26.39,67.06,1.11,-0.12,996.16,119.93,4.85,54.27,0,7.0,37.19,1,39.79,71.32,96.79
2021-04-26T00:00:00+00:00,synthetic,other,1,242,0.74,50.71,30.49,30.27,43.75,25.54,49.06,1.02,-0.1,1444.56,82.91,2.7,100,4,1.55,35.92,0,19.9,85.47,69.19
2021-04-27T00:00:00+00:00,synthetic,flood,3,35,24.52,128.17,42.14,23.0,31.1,27.57,60.83,2.41,0.46,1501.43,1,10.37,58.56,0,0,72.41,2,46.72,76.99,90.73
2021-04-28T00:00:00+00:00,synthetic,earthquake,2,154,0,6.81,30.48,12.44,14.62,26.91,66.84,1.63,0.01,554.73,1,0.31,74.04,1,4.41,83.39,1,37.9,89.12,92.48
2021-04-29T00:00:00+00:00,synthetic,fire,2,217,0,11.77,17.94,38.3,50.75,29.87,60.61,0.58,-0.12,1761.03,173.01,2.22,80.81,3,0,51.09,1,20.42,86.08,74.74
2021-04-30T00:00:00+00:00,synthetic,other,3,44,10.77,47.91,25.01,19.53,31.7,26.93,60.48,1.58,0.05,2177.31,156.16,3.08,77.37,1,1.04,38.14,2,32.75,83.57,88.0
2021-05-01T00:00:00+00:00,synthetic,extreme_rain,3,15,10.36,124.8,66.75,20.58,36.55,33.82,85.99,6.85,0.77,709.86,126.46,6.18,67.12,6,0,100,2,57.63,72.76,93.5
2021-05-02T00:00:00+00:00,synthetic,other,1,46,7.58,12.41,23.32,20.79,34.48,21.62,38.84,1.75,0.08,677.44,1,2.3,73.55,2,0.62,41.45,0,12.8,78.39,65.84
2021-05-03T00:00:00+00:00,synthetic,landslide,1,13,24.63,29.54,29.58,10.21,27.72,28.67,52.7,2.7,0.31,965.29,1,2.72,89.31,0,0.67,71.61,0,19.96,94.26,75.11
2021-05-04T00:00:00+00:00,synthetic,fire,2,74,0,4.43,0,40.19,58.22,24.5,46.86,1.21,-0.0,368.37,144.2,17.17,43.88,0,0,30.16,1,13.96,99.64,53.71
2021-05-05T00:00:00+00:00,synthetic,fire,2,12,0.1,5.19,33.8,24.07,35.23,28.88,68.16,0.5,0.0,2075.52,175.12,14.19,99.11,0,0,63.72,1,20.11,80.95,59.4
2021-05-06T00:00:00+00:00,synthetic,flood,1,62,0,327.21,94.09,16.27,34.38,37.12,95.81,3.27,0.5,1271.61,15.95,0.95,95.76,3,0,91.24,0,60.58,70.97,79.23
2021-05-07T00:00:00+00:00,synthetic,cyclone,2,8,12.32,468.17,100,122.52,163.21,34.44,57.08,2.81,0.24,555.11,296.86,7.76,62.32,3,0,43.45,1,75.6,93.61,98.49
2021-05-08T00:00:00+00:00,synthetic,extreme_rain,2,33,35.78,140.87,48.33,26.72,34.54,38.18,39.67,3.42,-0.52,891.53,1,1.24,47.7,0,0,54.46,1,32.12,75.1,80.97
2021-05-09T00:00:00+00:00,synthetic,fire,4,60,1.31,7.67,28.78,7.7,37.01,24.19,76.62,1.17,-0.05,1876.11,43.54,2.81,72.4,9,0,23.6,3,36.12,78.92,92.55
2021-05-10T00:00:00+00:00,synthetic,flood,2,66,40.31,183.96,67.0,11.22,31.71,30.4,46.65,4.62,0.23,579.46,281.25,2.58,87.08,1,0,15.65,1,34.84,96.56,79.34
2021-05-11T00:00:00+00:00,synthetic,earthquake,1,168,4.47,35.57,43.78,17.36,18.76,33.01,49.85,0.49,0.04,675.39,230.68,1.81,86.52,1,5.76,52.4,0,31.99,78.97,87.02
2021-05-12T00:00:00+00:00,synthetic,fire,3,8,0.24,12.48,41.89,25.66,40.94,31.52,60.03,0.13,-0.11,3593.53,1,41.32,46.21,0,0,17.82,2,20.17,79.78,46.61
2021-05-13T00:00:00+00:00,synthetic,earthquake,1,6,5.62,0,9.23,12.96,12.96,27.52,60.39,0.81,0.23,6572.47,246.32,14.72,42.57,0,3.22,30.33,0,16.29,88.55,63.25
2021-05-14T00:00:00+00:00,synthetic,extreme_rain,4,73,16.25,110.98,46.0,19.29,46.49,23.48,61.26,5.38,0.2,606.09,61.9,14.22,62.28,0,0,66.36,3,50.26,89.37,94.69
2021-05-15T00:00:00+00:00,synthetic,landslide,1,59,0,275.05,91.19,8.3,17.7,31.49,47.54,1.04,0.41,2463.36,153.49,5.89,86.93,0,1.86,81.21,0,55.26,81.05,89.57
2021-05-16T00:00:00+00:00,synthetic,fire,1,175,1.44,0,15.49,28.1,33.56,15.37,89.0,0.39,0.01,857.05,195.74,15.74,69.82,0,0,14.44,0,2.64,89.42,36.11
2021-05-17T00:00:00+00:00,synthetic,extreme_rain,2,12,0,182.89,62.35,16.33,42.19,30.3,48.75,6.8,-0.3,1866.74,42.75,6.56,96.63,3,0,33.93,1,36.97,79.06,87.79
2021-05-18T00:00:00+00:00,synthetic,cyclone,2,63,8.29,287.93,90.88,115.12,130.0,30.29,44.45,3.2,1.18,804.24,1,0.46,95.68,4,0,42.91,1,59.37,92.96,97.89
2021-05-19T00:00:00+00:00,synthetic,flood,3,23,8.51,207.6,84.33,9.36,17.97,17.35,87.96,0.61,-0.02,1238.99,1,9.08,73.85,3,0,69.37,2,55.72,96.29,88.52
2021-05-20T00:00:00+00:00,synthetic,landslide,4,293,12.58,143.23,50.09,3.16,3.16,28.12,74.97,3.09,0.23,671.29,166.62,15.25,56.41,1,0.14,25.82,3,48.19,87.41,89.36
2021-05-21T00:00:00+00:00,synthetic,cyclone,1,67,91.76,356.2,92.08,68.31,106.86,27.55,46.14,0.98,0.7,546.65,1,4.28,53.44,0,0,37.56,0,52.99,89.03,90.63
2021-05-22T00:00:00+00:00,synthetic,flood,3,8,6.22,162.37,54.08,27.54,53.32,20.85,36.13,4.39,-0.05,925.49,68.51,5.34,70.25,3,0,85.14,2,52.94,70.12,93.72
2021-05-23T00:00:00+00:00,synthetic,extreme_rain,1,74,18.2,309.17,100,8.08,29.21,29.5,94.73,3.41,0.55,381.93,1,15.32,60.7,13,0,21.31,0,54.1,97.55,71.0
2021-05-24T00:00:00+00:00,synthetic,fire,1,222,2.06,6.43,33.56,40.09,53.23,27.74,62.99,0.61,-0.0,681.14,102.32,6.31,45.08,0,0,74.59,0,14.18,73.71,73.73
2021-05-25T00:00:00+00:00,synthetic,earthquake,3,11,1.72,31.85,39.32,8.28,24.66,30.06,55.83,0.67,-0.2,626.96,1,5.18,78.39,0,3.92,74.76,2,44.04,70.08,95.37
2021-05-26T00:00:00+00:00,synthetic,extreme_rain,1,50,58.4,185.11,71.73,12.76,39.97,24.31,91.36,4.51,0.03,605.76,14.83,3.89,96.23,5,0,70.99,0,39.17,98.65,76.24
2021-05-27T00:00:00+00:00,synthetic,earthquake,2,6,1.15,36.38,27.01,7.33,7.33,30.37,85.54,0.79,0.04,3540.78,97.08,8.34,61.56,0,6.59,56.02,1,42.42,90.35,92.58
2021-05-28T00:00:00+00:00,synthetic,landslide,2,117,0,45.73,16.27,25.4,28.77,23.08,80.78,0.48,-0.07,1252.45,1,9.01,77.31,5,1.33,94.28,1,38.08,84.46,86.1
2021-05-29T00:00:00+00:00,synthetic,extreme_rain,3,5,5.03,91.56,46.34,7.16,23.84,30.38,42.48,2.24,0.64,495.75,76.92,7.22,59.18,1,0,53.36,2,40.58,84.92,77.37
2021-05-30T00:00:00+00:00,synthetic,extreme_rain,4,353,2.64,251.11,87.8,20.82,41.32,27.74,80.15,4.23,0.83,1404.83,1,4.26,51.83,4,0,76.44,3,75.25,80.9,98.19
2021-05-31T00:00:00+00:00,synthetic,fire,2,34,0,12.36,32.14,36.79,57.49,18.6,80.16,0.73,0.01,191.95,1,8.95,89.35,0,0,62.11,1,20.7,73.23,68.21
2021-06-01T00:00:00+00:00,synthetic,fire,3,37,1.7,12.78,20.99,20.57,38.59,27.93,76.42,0.52,-0.01,1247.37,1,6.16,97.9,6,0,29.05,2,27.5,88.18,72.36
2021-06-02T00:00:00+00:00,synthetic,earthquake,4,163,2.28,10.3,10.46,9.71,18.09,24.21,47.66,0.98,0.33,465.53,18.41,2.49,41.56,3,3.38,65.22,3,51.18,88.73,98.58
2021-06-03T00:00:00+00:00,synthetic,earthquake,3,97,0.5,0,27.52,16.95,24.36,29.36,58.99,1.74,0.17,7961.91,34.94,8.67,52.53,1,2.58,7.35,2,26.73,71.59,90.35
2021-06-04T00:00:00+00:00,synthetic,flood,3,5,18.68,196.72,57.49,24.97,38.91,17.47,96.48,7.17,0.55,2340.94,309.49,1.9,76.89,0,0,10.01,2,44.17,79.38,74.84
2021-06-05T00:00:00+00:00,synthetic,cyclone,2,74,83.8,453.5,100,157.5,197.88,38.43,81.31,6.09,0.99,705.58,1,9.39,79.54,0,0,75.33,1,80.94,73.58,99.54
2021-06-06T00:00:00+00:00,synthetic,flood,3,13,38.8,13.63,14.96,27.66,41.43,27.93,48.86,5.11,0.72,848.55,187.45,18.86,50.18,1,0,25.44,2,26.6,75.52,65.59
2021-06-07T00:00:00+00:00,synthetic,flood,3,18,2.61,154.64,59.53,15.28,19.58,30.26,37.51,2.85,0.06,1013.67,281.81,9.76,64.75,1,0,37.04,2,42.31,96.57,87.55
2021-06-08T00:00:00+00:00,synthetic,fire,3,8,0.45,16.4,36.51,35.83,44.68,26.41,39.12,0.04,-0.05,1014.2,338.56,16.0,77.64,7,0,67.47,2,35.48,90.11,85.58
2021-06-09T00:00:00+00:00,synthetic,other,3,14,4.83,52.21,36.13,9.76,22.63,31.54,42.45,2.04,0.08,607.44,281.34,16.93,84.31,1,0,25.59,2,28.09,70.18,56.93
2021-06-10T00:00:00+00:00,synthetic,extreme_rain,1,67,0,14.93,35.04,38.6,60.68,23.4,44.08,1.33,0.12,952.03,7.64,5.34,52.72,0,0,17.32,0,5.52,90.32,37.44
2021-06-11T00:00:00+00:00,synthetic,other,2,33,10.82,2.52,24.62,18.51,24.55,24.17,42.22,1.1,0.05,235.34,120.6,9.06,79.31,4,1.03,87.21,1,30.52,90.13,78.12
2021-06-12T00:00:00+00:00,synthetic,cyclone,2,71,19.65,395.49,100,43.6,55.22,23.82,71.8,1.87,2.16,840.26,116.53,7.46,90.24,5,0,61.35,1,81.33,86.97,96.17
2021-06-13T00:00:00+00:00,synthetic,earthquake,3,15,1.72,47.9,41.08,18.05,28.15,29.0,87.07,0,0.06,1585.59,1,10.43,72.46,1,2.35,67.33,2,42.02,96.74,93.43
2021-06-14T00:00:00+00:00,synthetic,landslide,2,199,11.23,429.39,100,25.45,36.29,26.56,64.28,2.35,0.3,1280.62,110.86,46.67,39.38,1,1.61,51.03,1,75.81,85.31,94.84
2021-06-15T00:00:00+00:00,synthetic,fire,3,12,0,5.52,37.77,56.87,79.42,27.45,49.74,0.43,0.01,1352.55,59.27,14.4,87.73,6,0,70.79,2,34.25,90.06,86.76
2021-06-16T00:00:00+00:00,synthetic,cyclone,2,69,58.35,338.82,100,97.3,167.64,19.23,67.53,3.96,0.16,537.6,176.92,1.34,60.23,2,0,29.32,1,56.33,80.59,97.11
2021-06-17T00:00:00+00:00,synthetic,other,2,31,14.17,5.09,25.57,14.33,26.3,21.91,72.22,2.03,0.06,620.39,1,7.57,50.16,1,0.04,40.26,1,17.06,89.42,61.89
2021-06-18T00:00:00+00:00,synthetic,fire,3,9,1.44,6.21,27.16,23.67,34.23,26.54,45.75,0.24,-0.01,1498.87,270.04,7.59,73.35,0,0,63.75,2,28.15,94.91,87.1
2021-06-19T00:00:00+00:00,synthetic,cyclone,3,236,59.76,374.92,96.58,68.84,98.22,25.08,91.8,5.31,0.01,423.41,94.79,5.18,72.43,6,0,30.0,2,71.22,87.99,97.6
2021-06-20T00:00:00+00:00,synthetic,other,3,23,0,28.53,16.46,24.15,28.55,34.97,71.3,1.86,0.13,6011.06,82.13,3.92,89.12,3,1.58,36.34,2,33.75,82.76,93.58
2021-06-21T00:00:00+00:00,synthetic,earthquake,2,212,0,15.6,28.32,6.94,19.34,23.88,88.86,1.07,0.08,1238.09,254.78,8.15,71.19,0,3.5,37.48,1,27.5,82.71,81.12
2021-06-22T00:00:00+00:00,synthetic,earthquake,2,73,0,0,24.04,2.33,7.86,21.27,38.28,0.62,0.06,556.28,218.43,10.7,77.86,1,5.28,42.12,1,32.51,81.67,76.77
2021-06-23T00:00:00+00:00,synthetic,extreme_rain,2,47,0.04,188.05,71.38,36.05,47.38,28.36,37.12,4.03,0.89,2256.28,97.25,20.39,80.99,1,0,19.14,1,39.25,87.99,80.91
2021-06-24T00:00:00+00:00,synthetic,cyclone,1,14,11.77,154.02,43.19,60.64,67.67,20.84,56.89,2.38,0.48,1622.36,1,1.56,97.94,6,0,48.01,0,34.34,94.47,72.75
2021-06-25T00:00:00+00:00,synthetic,landslide,1,9,6.32,118.05,24.04,11.53,21.1,28.42,71.97,1.59,0.55,3013.85,1,5.8,26.03,3,1.41,47.39,0,32.07,70.82,73.67
2021-06-26T00:00:00+00:00,synthetic,flood,2,16,17.13,247.91,79.87,12.58,12.89,30.23,71.14,4.34,0.16,1594.21,51.89,9.67,87.67,1,0,33.19,1,45.32,75.48,74.62
2021-06-27T00:00:00+00:00,synthetic,extreme_rain,2,13,1.88,0,8.85,16.14,16.14,26.62,65.38,2.67,0.4,1329.89,291.44,7.89,95.15,2,0,19.33,1,15.09,88.62,38.59
2021-06-28T00:00:00+00:00,synthetic,fire,2,13,3.48,0,6.7,34.35,57.21,27.67,67.65,0.19,-0.02,373.99,1,0.23,89.8,1,0,67.12,1,20.79,79.47,72.47
2021-06-29T00:00:00+00:00,synthetic,flood,3,11,30.35,145.62,49.98,12.11,22.07,29.4,71.28,2.45,0.25,1400.75,1,8.44,70.1,1,0,54.87,2,45.39,76.86,87.91
2021-06-30T00:00:00+00:00,synthetic,flood,3,28,12.07,0,20.64,23.96,51.5,25.79,41.24,0.3,0.17,968.32,212.69,5.34,54.21,0,0,29.85,2,22.2,74.9,80.73
2021-07-01T00:00:00+00:00,synthetic,landslide,2,7,21.11,54.29,31.8,12.16,27.05,23.99,74.8,1.25,0.05,1405.22,1,10.61,53.49,1,0,68.62,1,27.92,74.35,57.53
2021-07-02T00:00:00+00:00,synthetic,landslide,1,19,22.94,5.05,15.03,21.2,21.2,26.28,45.54,0.22,-0.05,2264.74,1,15.31,58.9,3,1.56,75.77,0,21.06,95.63,56.11
2021-07-03T00:00:00+00:00,synthetic,landslide,4,33,10.72,4.97,27.71,20.24,31.98,27.07,74.47,3.45,0.11,600.97,106.27,0.61,69.18,2,0.9,56.58,3,39.63,73.94,91.67
2021-07-04T00:00:00+00:00,synthetic,other,4,200,9.91,44.48,21.61,30.66,42.35,23.9,49.31,1.16,-0.09,1251.1,1,14.69,78.07,1,0,29.23,3,34.96,72.69,91.37
2021-07-05T00:00:00+00:00,synthetic,earthquake,1,28,1.94,41.59,21.09,18.2,18.2,31.24,59.55,1.0,0.0,958.12,192.23,1.84,87.39,1,3.62,45.88,0,24.93,81.35,72.59
2021-07-06T00:00:00+00:00,synthetic,earthquake,2,56,9.59,54.62,38.2,10.5,11.51,27.22,44.59,1.47,-0.27,741.94,139.12,0.82,74.07,1,3.09,15.3,1,26.05,99.09,76.19
2021-07-07T00:00:00+00:00,synthetic,flood,1,29,21.28,187.01,46.27,16.96,25.19,29.98,39.5,3.62,0.95,302.02,213.94,10.97,69.74,1,0,72.3,0,41.01,84.1,78.05
2021-07-08T00:00:00+00:00,synthetic,landslide,2,50,23.62,124.52,48.88,28.51,37.0,24.57,65.32,1.88,0.28,1462.39,295.83,3.45,100,0,0,33.68,1,30.39,78.96,57.89
2021-07-09T00:00:00+00:00,synthetic,earthquake,1,18,3.37,60.36,19.41,15.84,20.27,26.87,38.77,0.09,0.01,1008.23,44.1,1.2,75.63,0,3.58,11.03,0,20.04,89.34,81.51
2021-07-10T00:00:00+00:00,synthetic,extreme_rain,2,6,9.64,128.13,52.84,4.57,14.45,25.8,64.51,2.26,0.42,1654.09,262.17,5.73,76.92,1,0,19.18,1,29.74,96.03,53.3
2021-07-11T00:00:00+00:00,synthetic,cyclone,2,22,67.77,122.36,48.82,82.25,123.5,24.81,55.32,6.05,0.82,1803.78,48.14,5.42,44.06,1,0,21.8,1,31.52,89.23,87.03
2021-07-12T00:00:00+00:00,synthetic,flood,1,47,39.72,231.73,79.78,19.09,34.91,17.47,87.42,8.54,0.62,1056.98,47.89,1.75,66.93,3,0,89.91,0,49.51,84.04,80.56
2021-07-13T00:00:00+00:00,synthetic,extreme_rain,3,8,39.35,192.32,57.72,7.32,30.53,31.39,57.55,5.92,0.26,1157.03,1,6.87,67.77,0,0,44.9,2,48.47,83.76,92.53
2021-07-14T00:00:00+00:00,synthetic,extreme_rain,2,581,10.43,162.81,52.86,3.37,17.02,33.27,58.63,4.67,-0.03,3743.33,311.61,3.72,69.31,2,0,53.14,1,38.57,86.51,85.02
2021-07-15T00:00:00+00:00,synthetic,extreme_rain,3,17,16.82,420.83,100,13.77,13.77,30.65,71.68,2.1,0.51,1571.23,1,18.22,62.41,0,0,63.23,2,80.45,76.99,96.09
2021-07-16T00:00:00+00:00,synthetic,other,4,275,2.58,83.25,48.77,22.05,32.12,30.89,93.61,0.56,0.02,232.22,95.21,0.27,76.32,3,0,26.7,3,41.3,73.62,90.99
2021-07-17T00:00:00+00:00,synthetic,other,2,4,0.61,47.42,36.36,14.18,23.02,26.89,53.26,2.01,0.04,417.18,87.05,9.21,75.7,1,0,19.66,1,18.22,81.83,44.78
2021-07-18T00:00:00+00:00,synthetic,landslide,3,28,4.63,296.89,93.14,15.36,31.4,24.39,42.09,1.96,-0.06,784.35,154.28,5.77,91.94,0,0,44.55,2,59.32,82.41,94.13
2021-07-19T00:00:00+00:00,synthetic,earthquake,3,169,0,19.81,33.15,11.01,13.01,22.52,86.67,1.5,-0.03,1892.43,1,13.41,91.59,0,8.41,90.95,2,59.83,70.41,99.37
2021-07-20T00:00:00+00:00,synthetic,extreme_rain,3,89,23.14,51.55,35.36,17.57,26.06,23.24,64.29,2.23,0.46,2457.79,1,5.24,97.4,0,0,57.44,2,34.81,98.36,83.75
2021-07-21T00:00:00+00:00,synthetic,flood,4,43,7.04,196.36,75.05,19.29,32.11,27.51,68.35,5.76,-0.01,491.4,178.96,1.44,53.54,1,0,0.9,3,48.47,80.01,94.51
2021-07-22T00:00:00+00:00,synthetic,fire,4,18,0.99,5.04,30.3,13.13,47.14,28.69,80.98,0.29,-0.04,637.35,445.64,20.19,69.98,7,0,47.8,3,38.59,85.62,76.69
2021-07-23T00:00:00+00:00,synthetic,extreme_rain,4,14,0,39.91,18.28,33.23,64.63,39.4,96.47,4.21,0.66,687.32,1,13.89,61.7,0,0,38.22,3,38.95,74.35,95.23
2021-07-24T00:00:00+00:00,synthetic,cyclone,4,202,57.75,154.76,55.43,112.52,151.4,24.66,46.64,0.44,0.27,2671.34,1,19.0,80.3,5,0,59.61,3,58.65,92.87,98.58
2021-07-25T00:00:00+00:00,synthetic,cyclone,1,56,4.64,82.82,46.84,90.96,124.39,34.15,93.3,2.95,0.26,2681.76,34.85,3.43,60.73,1,0,52.39,0,21.48,98.51,76.49
2021-07-26T00:00:00+00:00,synthetic,landslide,2,26,11.71,0,19.36,36.9,39.17,16.92,84.58,2.02,0.16,956.94,1,9.3,58.61,2,1.25,56.83,1,24.35,85.62,69.76
2021-07-27T00:00:00+00:00,synthetic,fire,1,11,0.52,0,33.37,19.74,19.74,31.59,75.7,0.56,0.03,535.07,1,10.4,67.57,0,0,56.76,0,10.35,72.71,36.47
2021-07-28T00:00:00+00:00,synthetic,cyclone,2,6,15.95,417.39,100,69.43,109.66,28.76,63.31,7.27,1.41,1580.76,173.15,4.24,69.99,5,0,75.68,1,82.78,80.89,96.49
2021-07-29T00:00:00+00:00,synthetic,cyclone,1,11,45.35,155.91,66.99,82.52,122.69,31.51,95.51,1.89,1.38,637.72,208.05,10.26,84.65,3,0,50.44,0,37.09,70.11,78.58
2021-07-30T00:00:00+00:00,synthetic,other,2,41,16.64,39.24,23.2,6.11,24.46,27.86,76.16,1.78,0.13,959.16,7.3,5.55,62.07,2,0.44,10.06,1,18.07,71.1,69.3
2021-07-31T00:00:00+00:00,synthetic,other,2,86,12.72,49.31,33.35,18.68,27.94,34.41,82.78,0.5,-0.0,1375.51,77.2,23.73,69.93,0,0.7,26.1,1,20.68,95.3,50.62
2021-08-01T00:00:00+00:00,synthetic,flood,3,38,0,124.28,59.27,10.47,14.85,23.62,68.1,5.04,0.3,2565.16,55.24,30.5,42.65,6,0,48.13,2,45.9,99.85,78.14
2021-08-02T00:00:00+00:00,synthetic,earthquake,4,14,1.8,54.76,26.83,12.29,12.29,28.31,85.78,0.57,-0.24,680.65,1,9.36,77.03,0,4.54,29.5,3,48.28,76.37,96.95
2021-08-03T00:00:00+00:00,synthetic,extreme_rain,1,52,22.42,225.29,56.65,9.16,22.86,20.11,65.33,4.43,0.11,2445.45,153.34,2.81,72.04,1,0,24.16,0,32.73,88.82,73.14
2021-08-04T00:00:00+00:00,synthetic,other,2,32,0,32.72,56.31,14.2,14.2,20.27,70.97,1.15,-0.05,3904.66,263.62,15.33,41.17,0,0.15,87.06,1,27.81,81.69,77.99
2021-08-05T00:00:00+00:00,synthetic,cyclone,1,97,0,414.47,100,154.55,181.57,18.05,92.01,7.34,0.35,2097.22,1,5.21,77.91,0,0,62.25,0,62.67,74.62,98.64
2021-08-06T00:00:00+00:00,synthetic,earthquake,3,22,3.73,58.81,35.34,9.95,25.51,26.05,54.69,0.48,-0.26,1130.93,246.63,6.31,58.68,0,6.72,38.99,2,48.96,87.33,95.82
2021-08-07T00:00:00+00:00,synthetic,earthquake,1,34,2.23,19.49,28.97,0,5.92,31.86,38.2,1.18,0.12,1248.28,1,2.21,100,2,3.97,32.4,0,22.26,70.87,76.59
2021-08-08T00:00:00+00:00,synthetic,extreme_rain,3,58,3.94,242.82,95.75,23.14,32.4,24.99,85.55,4.61,0.7,815.03,1,1.55,71.73,0,0,8.64,2,50.19,90.96,88.51
2021-08-09T00:00:00+00:00,synthetic,flood,4,423,14.72,0,31.15,7.16,21.81,23.69,45.76,4.84,0.3,669.76,164.85,7.66,78.98,1,0,4.84,3,27.19,93.04,81.72
2021-08-10T00:00:00+00:00,synthetic,cyclone,1,14,61.81,60.67,39.16,120.94,165.9,14.29,70.73,3.92,0.04,1291.02,175.24,1.96,81.18,0,0,64.3,0,19.07,80.27,92.08
2021-08-11T00:00:00+00:00,synthetic,extreme_rain,3,25,39.14,154.09,59.83,28.87,34.61,19.66,40.7,6.94,1.11,1875.18,17.72,21.85,77.82,4,0,49.06,2,52.09,94.51,79.1
2021-08-12T00:00:00+00:00,synthetic,cyclone,2,36,36.58,395.09,92.67,90.02,130.95,25.79,35.51,3.38,0.98,1578.97,199.08,5.91,83.12,7,0,36.16,1,72.43,99.59,98.0
2021-08-13T00:00:00+00:00,synthetic,fire,3,21,1.54,11.63,31.08,35.86,48.15,29.62,61.29,0,0.1,1990.66,79.01,3.65,58.61,0,0,50.46,2,26.97,78.65,89.61
2021-08-14T00:00:00+00:00,synthetic,other,2,48,0.28,30.95,24.23,15.7,22.66,29.53,73.09,0.67,0.07,823.93,1,1.39,58.43,1,0,24.29,1,17.22,87.34,65.08
2021-08-15T00:00:00+00:00,synthetic,other,2,1879,3.87,0,14.22,12.92,20.31,21.97,77.13,0.81,0.28,1418.97,112.5,9.72,66.01,1,0.96,68.72,1,25.43,90.52,77.39
2021-08-16T00:00:00+00:00,synthetic,cyclone,2,23,2.59,258.65,84.6,100.45,133.46,25.36,64.81,3.35,1.13,70.11,1,11.2,68.82,6,0,50.2,1,58.54,75.07,91.89
2021-08-17T00:00:00+00:00,synthetic,flood,1,63,15.5,89.27,41.3,15.65,25.51,24.88,84.3,2.62,0.39,1365.49,85.98,2.08,68.68,6,0,17.82,0,20.69,77.09,43.8
2021-08-18T00:00:00+00:00,synthetic,landslide,1,8,21.25,252.91,95.08,18.8,37.37,24.52,45.56,0.1,0.19,1784.55,1,1.66,79.41,3,1.99,28.87,0,44.88,81.96,85.89
2021-08-19T00:00:00+00:00,synthetic,earthquake,2,3,0,37.23,17.6,8.77,11.32,21.42,52.17,1.45,-0.05,865.54,227.09,5.29,77.84,1,4.36,42.52,1,33.76,78.11,89.42
2021-08-20T00:00:00+00:00,synthetic,other,3,12,0,81.6,43.1,24.79,32.75,28.17,52.85,1.59,-0.08,1507.84,1,12.47,62.07,0,0,52.66,2,34.85,75.79,80.23
2021-08-21T00:00:00+00:00,synthetic,flood,1,41,13.49,114.33,62.71,20.8,45.39,29.52,97.7,0.48,-0.01,3067.1,105.16,0.82,59.13,0,0,36.88,0,20.29,93.08,78.85
2021-08-22T00:00:00+00:00,synthetic,extreme_rain,2,21,43.34,32.44,38.59,33.49,53.7,33.72,48.76,3.47,0.59,2566.6,1,18.47,77.64,2,0,55.12,1,26.35,89.3,76.87
2021-08-23T00:00:00+00:00,synthetic,fire,4,4,0.85,3.72,21.56,25.95,45.56,19.76,84.48,0.75,0.03,376.65,209.56,5.07,56.72,7,0,23.63,3,34.44,86.2,88.67
2021-08-24T00:00:00+00:00,synthetic,flood,2,19,0,251.68,95.09,0,8.56,25.51,53.83,4.19,0.23,311.06,1,10.0,99.15,0,0,52.38,1,48.76,81.7,84.37
2021-08-25T00:00:00+00:00,synthetic,flood,2,86,6.42,64.07,46.38,17.49,27.12,27.39,84.63,6.44,0.65,1079.47,1,5.34,66.11,4,0,0,1,22.15,71.28,67.38
2021-08-26T00:00:00+00:00,synthetic,flood,3,16,24.25,295.61,92.53,26.5,33.28,18.97,86.71,0,0.28,2063.7,339.77,6.74,74.69,0,0,42.98,2,60.61,72.92,87.34
2021-08-27T00:00:00+00:00,synthetic,cyclone,2,85,54.17,396.2,100,27.3,57.78,24.5,42.61,5.39,0.48,1575.47,235.38,1.03,66.44,4,0,54.1,1,70.9,74.24,94.78
2021-08-28T00:00:00+00:00,synthetic,fire,3,45,1.71,10.18,28.77,20.41,30.57,28.13,46.0,0.51,0.03,1312.38,6.06,4.52,40.08,0,0,54.9,2,27.26,90.75,83.34
2021-08-29T00:00:00+00:00,synthetic,cyclone,1,16,50.04,379.78,100,96.58,113.0,30.24,85.19,7.67,0.48,1148.06,1,5.43,93.24,0,0,48.74,0,56.77,90.56,92.91
2021-08-30T00:00:00+00:00,synthetic,fire,2,243,0.12,6.05,21.15,20.59,36.21,32.4,71.52,0.49,-0.01,1020.66,220.97,1.2,77.23,0,0,37.37,1,15.41,82.57,69.23
2021-08-31T00:00:00+00:00,synthetic,extreme_rain,4,21,10.91,52.48,36.64,31.35,52.92,20.06,96.46,4.32,0.09,1015.14,131.87,18.41,63.6,1,0,36.77,3,38.19,76.07,86.13
2021-09-01T00:00:00+00:00,synthetic,landslide,2,42,34.33,211.17,71.13,7.87,19.21,17.87,50.61,1.91,0.37,583.73,1,5.16,78.15,1,0.73,34.36,1,44.37,83.03,83.77
2021-09-02T00:00:00+00:00,synthetic,landslide,1,23,28.18,304.93,100,24.41,51.21,27.63,94.85,1.16,0.44,280.03,1,12.05,74.18,1,0.76,46.52,0,50.27,73.98,89.86
2021-09-03T00:00:00+00:00,synthetic,earthquake,4,27,5.02,103.91,39.11,16.67,30.33,24.76,53.69,2.04,0.02,1543.87,12.02,14.37,50.37,0,2.82,22.69,3,49.14,92.59,94.67
2021-09-04T00:00:00+00:00,synthetic,extreme_rain,3,649,0,269.74,100,1.08,29.49,30.96,50.03,3.17,0.57,472.67,200.55,6.76,62.58,2,0,54.28,2,62.59,73.41,95.58
2021-09-05T00:00:00+00:00,synthetic,fire,2,145,5.06,5.34,9.23,12.46,24.7,31.89,63.47,0,0.05,980.57,1,3.27,49.7,4,0,51.95,1,21.46,81.04,76.85
2021-09-06T00:00:00+00:00,synthetic,extreme_rain,1,90,0,328.42,95.02,16.66,37.55,24.43,56.84,2.78,0.52,397.37,1,4.8,85.44,2,0,27.85,0,48.62,83.32,90.77
2021-09-07T00:00:00+00:00,synthetic,extreme_rain,2,47,15.53,210.57,53.14,20.48,39.41,23.93,49.29,4.17,1.02,2359.17,1,7.67,47.71,1,0,40.25,1,46.43,81.16,85.03
2021-09-08T00:00:00+00:00,synthetic,earthquake,3,264,10.62,30.77,34.07,19.04,33.87,26.49,54.97,0.78,-0.1,1436.13,82.64,2.66,75.2,0,7.25,44.17,2,48.89,80.32,98.48
2021-09-09T00:00:00+00:00,synthetic,earthquake,4,36,0,47.34,22.89,30.28,40.44,25.48,56.34,0.65,-0.02,1460.98,1,15.84,99.6,12,4.89,38.64,3,60.84,73.37,95.24
2021-09-10T00:00:00+00:00,synthetic,fire,2,58,0,8.22,16.43,22.76,23.82,37.25,57.75,0.3,-0.04,1206.0,213.32,7.79,88.39,0,0,57.5,1,19.13,74.44,70.09
2021-09-11T00:00:00+00:00,synthetic,other,3,67,0.43,8.94,10.64,15.63,21.7,30.34,97.27,1.3,0.14,997.88,44.69,9.13,31.93,1,0.91,58.82,2,31.89,85.76,89.69
2021-09-12T00:00:00+00:00,synthetic,earthquake,3,53,13.29,50.49,28.37,0,15.17,25.86,35.15,1.01,-0.06,546.19,158.22,5.65,100,4,2.97,54.81,2,43.71,77.88,93.08
2021-09-13T00:00:00+00:00,synthetic,extreme_rain,3,16,18.96,202.82,79.47,0.61,6.54,18.4,45.26,2.05,-0.02,1416.72,149.45,14.19,55.8,2,0,28.62,2,46.99,71.76,85.6
2021-09-14T00:00:00+00:00,synthetic,earthquake,4,8,0.48,0.17,27.7,14.06,16.57,35.83,85.39,1.26,-0.03,1348.25,138.35,10.13,93.75,2,6.02,53.78,3,53.22,78.14,96.15
2021-09-15T00:00:00+00:00,synthetic,extreme_rain,2,28,14.95,94.28,41.59,30.04,44.83,24.35,42.18,0.74,0.09,596.64,176.56,6.65,100,4,0,20.67,1,26.66,83.81,50.32
2021-09-16T00:00:00+00:00,synthetic,flood,2,6,25.1,179.01,59.9,16.02,25.94,27.68,62.17,5.84,0.44,2577.48,50.92,27.78,81.56,1,0,45.8,1,40.7,75.89,72.3
2021-09-17T00:00:00+00:00,synthetic,flood,3,301,23.77,12.76,3.53,17.93,34.89,25.54,45.12,4.94,0.46,2265.59,142.39,3.03,63.31,0,0,72.03,2,32.82,85.02,92.0
2021-09-18T00:00:00+00:00,synthetic,extreme_rain,3,25,1.81,55.01,32.84,19.02,23.24,22.67,64.35,7.37,0.67,291.88,257.86,27.86,91.33,1,0,24.62,2,31.18,85.59,51.98
2021-09-19T00:00:00+00:00,synthetic,fire,2,39,1.18,0,28.12,23.19,38.26,28.15,46.3,0.32,-0.01,3552.12,1,13.53,65.04,0,0,79.75,1,22.33,99.96,65.97
2021-09-20T00:00:00+00:00,synthetic,fire,3,76,0.29,1.57,25.75,34.81,51.58,18.52,72.4,0,-0.01,868.23,151.12,3.63,100,0,0,24.07,2,20.47,92.69,76.72
2021-09-21T00:00:00+00:00,synthetic,other,1,11,1.25,12.2,32.72,6.45,17.7,25.76,74.18,0.06,0.07,1344.24,281.76,0.73,76.4,2,0.25,47.45,0,12.69,72.89,43.89
2021-09-22T00:00:00+00:00,synthetic,flood,2,46,8.65,69.36,18.72,18.55,30.01,25.73,46.14,1.95,0.01,1160.52,215.62,10.11,100,0,0,42.6,1,24.03,89.78,65.22
2021-09-23T00:00:00+00:00,synthetic,other,1,82,5.57,22.08,26.41,15.26,22.02,23.87,96.6,2.04,-0.0,1987.66,1,4.95,75.33,1,0,0,0,3.43,79.61,35.54
2021-09-24T00:00:00+00:00,synthetic,flood,3,19,10.05,108.98,55.01,3.29,10.43,25.19,45.7,1.57,0.87,3456.77,164.21,1.87,74.68,0,0,71.28,2,46.28,86.15,89.99
2021-09-25T00:00:00+00:00,synthetic,flood,3,139,0,193.37,68.05,16.39,42.67,32.84,57.89,0.08,0.09,771.08,99.74,7.87,62.28,1,0,10.97,2,42.42,83.08,85.88
2021-09-26T00:00:00+00:00,synthetic,fire,2,62,0,0,24.08,28.11,45.46,31.32,66.79,0.92,0.04,2226.86,1,5.85,62.15,1,0,28.43,1,14.14,79.0,81.1
2021-09-27T00:00:00+00:00,synthetic,extreme_rain,2,162,6.35,121.74,55.66,1.75,19.68,22.66,57.95,1.71,0.68,2046.75,216.64,6.67,61.46,3,0,21.36,1,32.27,74.43,66.71
2021-09-28T00:00:00+00:00,synthetic,landslide,2,18,13.39,0,15.72,27.24,27.24,32.23,92.06,2.57,0.04,1534.13,1,1.91,72.51,3,0,48.83,1,19.37,76.06,76.11
2021-09-29T00:00:00+00:00,synthetic,earthquake,4,29,3.77,40.12,42.9,0.93,14.19,24.28,42.05,1.41,0.07,3133.04,179.51,3.16,59.24,2,6.95,85.39,3,66.99,92.03,99.37
2021-09-30T00:00:00+00:00,synthetic,flood,2,13,0,111.57,45.87,17.76,48.39,33.67,65.89,8.4,0.15,601.7,91.1,1.09,88.8,0,0,66.14,1,34.03,81.24,81.05
2021-10-01T00:00:00+00:00,synthetic,flood,2,324,10.33,245.57,94.05,35.08,36.16,38.75,57.86,1.89,-0.42,2740.99,1,8.21,33.54,3,0,46.64,1,46.16,94.37,90.02
2021-10-02T00:00:00+00:00,synthetic,flood,4,61,5.1,122.42,42.85,40.22,49.74,31.19,65.98,3.76,0.42,1973.15,1,11.71,75.89,2,0,48.91,3,51.17,92.11,96.55
2021-10-03T00:00:00+00:00,synthetic,other,3,34,1.88,71.83,44.64,18.74,30.03,24.76,41.98,1.28,0.03,3379.76,130.8,7.18,77.88,2,0.88,64.8,2,40.65,77.49,90.2
2021-10-04T00:00:00+00:00,synthetic,extreme_rain,2,25,40.15,343.54,100,0,8.43,36.77,49.14,3.29,0.46,383.4,1,12.27,73.67,1,0,32.33,1,58.12,98.44,90.1
2021-10-05T00:00:00+00:00,synthetic,cyclone,1,21,13.8,93.16,22.66,37.72,75.17,19.83,42.47,2.76,1.83,764.07,256.77,3.21,78.5,3,0,41.75,0,30.23,91.41,73.97
2021-10-06T00:00:00+00:00,synthetic,landslide,2,52,20.87,387.38,100,29.18,34.48,26.19,48.37,1.39,0.21,566.11,81.68,7.29,93.8,0,1.2,5.26,1,60.08,81.5,92.76
2021-10-07T00:00:00+00:00,synthetic,fire,4,8,0.9,2.17,32.35,21.63,38.08,22.65,43.31,0.49,0.01,700.8,1,5.74,100,2,0,43.47,3,33.73,79.52,91.39
2021-10-08T00:00:00+00:00,synthetic,cyclone,2,18,13.74,267.66,100,0,30.2,27.67,70.01,2.85,1.98,2322.25,211.55,5.09,33.89,1,0,61.64,1,61.9,97.69,82.69
2021-10-09T00:00:00+00:00,synthetic,extreme_rain,3,11,19.78,105.28,41.67,25.57,40.96,32.19,52.19,4.86,0.6,1053.57,216.5,0.92,40.21,0,0,53.54,2,41.29,96.73,91.76
2021-10-10T00:00:00+00:00,synthetic,cyclone,2,29,59.76,734.23,100,123.27,183.86,28.0,79.59,8.41,0.72,789.53,140.79,3.27,68.93,6,0,58.9,1,100,84.4,99.6
2021-10-11T00:00:00+00:00,synthetic,extreme_rain,2,167,41.22,98.96,46.05,4.35,4.35,25.54,60.13,9.29,0.43,4708.06,89.11,7.22,75.52,0,0,52.2,1,31.44,75.34,82.62
2021-10-12T00:00:00+00:00,synthetic,other,1,29,6.72,28.68,15.61,16.36,20.33,31.28,70.47,1.25,0.0,2017.13,1,8.09,88.08,4,0.41,66.74,0,19.9,82.69,55.8
2021-10-13T00:00:00+00:00,synthetic,other,4,80,0.5,10.35,49.96,26.7,39.71,23.13,50.67,1.31,0.1,1219.41,196.52,0.58,80.18,4,0.73,27.07,3,36.03,82.83,89.88
2021-10-14T00:00:00+00:00,synthetic,cyclone,3,35,46.44,237.68,88.52,76.11,109.15,32.11,53.75,5.92,0.77,760.22,20.99,7.58,69.81,0,0,53.26,2,57.94,87.62,98.3
2021-10-15T00:00:00+00:00,synthetic,fire,2,7,1.08,0.54,28.36,45.04,50.76,18.96,54.08,0.5,-0.04,999.73,64.49,7.47,71.81,1,0,20.77,1,12.39,94.39,58.48
2021-10-16T00:00:00+00:00,synthetic,cyclone,1,5,6.22,392.34,100,84.12,121.46,27.41,44.6,4.27,0.23,1578.51,1,1.48,47.36,0,0,22.93,0,52.38,91.08,95.73
2021-10-17T00:00:00+00:00,synthetic,fire,1,409,0,7.77,12.23,5.39,11.79,21.72,80.0,0.23,-0.02,1473.09,44.84,4.66,90.13,2,0,21.96,0,6.4,85.85,45.8
2021-10-18T00:00:00+00:00,synthetic,fire,3,50,0,3.07,12.81,30.59,40.35,22.37,80.06,0.35,0.07,987.96,59.88,4.04,49.97,1,0,19.1,2,20.96,84.05,87.97
2021-10-19T00:00:00+00:00,synthetic,earthquake,1,4,3.33,10.39,33.53,7.65,11.01,27.61,97.95,0,0.18,365.67,135.23,1.33,81.63,3,0.83,64.36,0,18.62,80.76,47.1
2021-10-20T00:00:00+00:00,synthetic,earthquake,2,39,9.08,22.68,31.36,0,10.13,21.4,77.18,1.32,0.15,658.39,19.57,0.33,84.22,5,4.6,43.74,1,37.15,91.19,88.39
2021-10-21T00:00:00+00:00,synthetic,fire,4,4,2.17,0,3.64,29.25,31.84,27.1,44.72,0.43,-0.14,1109.91,139.99,3.14,78.25,3,0,36.19,3,32.24,80.91,72.98
2021-10-22T00:00:00+00:00,synthetic,other,2,8,12.56,91.79,45.41,15.81,20.08,22.61,63.9,0.33,0.09,1895.13,1,7.66,87.46,1,0.57,72.28,1,34.97,95.57,86.31
2021-10-23T00:00:00+00:00,synthetic,other,1,17,8.19,5.3,8.87,20.45,27.23,25.88,90.18,0,-0.11,2122.87,54.15,17.9,73.08,0,0,0,0,0.08,99.18,39.94
2021-10-24T00:00:00+00:00,synthetic,fire,1,11,0,10.36,11.28,24.79,24.79,28.87,54.0,0.16,-0.01,999.33,1,7.39,61.26,2,0,71.55,0,15.65,71.11,50.01
2021-10-25T00:00:00+00:00,synthetic,earthquake,2,39,0,50.31,16.36,6.63,13.58,29.11,66.97,1.62,-0.12,3513.46,72.39,2.1,77.57,1,3.29,30.2,1,29.53,73.71,86.92
2021-10-26T00:00:00+00:00,synthetic,other,3,242,1.1,29.47,13.38,29.04,29.04,26.54,55.65,0.71,0.0,1227.77,22.11,10.75,81.9,3,0.81,30.17,2,29.82,87.47,78.16
2021-10-27T00:00:00+00:00,synthetic,other,2,19,6.18,2.1,15.36,11.63,20.78,21.25,63.84,1.45,0.13,1507.58,108.8,39.61,53.65,3,0.16,0,1,11.82,99.04,28.24
2021-10-28T00:00:00+00:00,synthetic,cyclone,2,24,33.74,269.11,69.65,128.55,157.76,31.18,38.07,4.24,0.83,1215.15,1,1.16,31.8,0,0,89.37,1,60.54,96.83,98.92
2021-10-29T00:00:00+00:00,synthetic,earthquake,2,41,8.16,37.94,32.86,12.29,13.24,23.7,85.39,2.26,-0.08,971.23,1,4.92,51.2,1,6.8,24.23,1,37.74,89.94,95.87
2021-10-30T00:00:00+00:00,synthetic,fire,2,11,0,12.99,18.87,19.78,25.13,25.39,82.29,0.35,0.01,1880.53,1,0.62,49.54,7,0,12.48,1,17.47,85.08,74.12
2021-10-31T00:00:00+00:00,synthetic,flood,3,118,48.73,316.98,100,19.72,27.87,23.63,51.2,4.17,0.46,3201.66,50.31,13.86,73.16,0,0,25.89,2,61.01,73.44,94.19
2021-11-01T00:00:00+00:00,synthetic,flood,3,3,3.75,116.6,47.22,31.96,62.22,33.73,49.9,5.4,0.95,806.28,238.68,2.09,99.69,7,0,50.27,2,49.37,85.26,87.02
2021-11-02T00:00:00+00:00,synthetic,cyclone,2,47,23.87,269.03,100,56.4,95.91,37.38,84.27,7.08,0.91,1555.52,38.74,0.61,87.32,2,0,60.12,1,57.25,86.13,91.32
2021-11-03T00:00:00+00:00,synthetic,fire,3,94,2.85,4.47,26.94,42.21,51.86,26.6,40.65,0.93,0.02,376.76,310.69,1.67,69.84,4,0,42.68,2,27.54,90.95,80.41
2021-11-04T00:00:00+00:00,synthetic,other,2,4,9.89,74.33,53.85,0,0,26.81,65.02,0.86,0.15,1006.21,245.2,28.53,59.12,2,0.09,63.62,1,31.0,97.04,46.13
2021-11-05T00:00:00+00:00,synthetic,extreme_rain,4,57,17.08,204.76,80.9,7.06,18.49,29.57,58.34,6.26,0.27,1006.43,110.8,25.04,52.59,1,0,64.01,3,62.23,75.79,87.99
2021-11-06T00:00:00+00:00,synthetic,flood,3,7,17.06,143.91,57.66,40.12,51.95,29.17,89.8,4.39,0.25,533.52,120.6,3.16,62.51,3,0,87.54,2,52.66,87.07,94.69
2021-11-07T00:00:00+00:00,synthetic,fire,3,52,0,7.57,13.15,8.12,16.65,32.28,77.41,0.57,-0.01,143.57,35.06,0.2,96.6,2,0,39.33,2,25.56,89.5,60.97
2021-11-08T00:00:00+00:00,synthetic,other,2,14,5.08,74.53,41.23,14.78,20.4,26.28,39.69,0.72,0.13,898.69,158.91,0.6,70.38,2,0,77.29,1,33.11,77.5,82.98
2021-11-09T00:00:00+00:00,synthetic,landslide,3,11,11.25,217.99,83.47,14.39,24.94,36.59,92.75,1.83,0.21,2749.01,1,1.89,91.85,1,1.18,56.97,2,57.79,81.32,95.69
2021-11-10T00:00:00+00:00,synthetic,other,2,18,16.48,18.7,30.75,21.16,35.62,31.31,77.57,0,0.22,445.46,119.16,4.23,45.52,1,0.63,19.96,1,17.61,70.78,76.73
2021-11-11T00:00:00+00:00,synthetic,cyclone,2,44,25.75,306.48,99.83,146.3,187.2,31.97,82.53,7.15,1.1,615.42,59.34,1.95,50.73,3,0,61.05,1,63.69,79.34,97.56
2021-11-12T00:00:00+00:00,synthetic,cyclone,3,43,37.7,136.37,44.55,86.97,118.37,33.23,78.77,4.34,1.13,1163.5,159.31,1.52,55.38,0,0,74.44,2,51.4,99.46,96.52
2021-11-13T00:00:00+00:00,synthetic,cyclone,1,27,14.24,0,3.33,80.41,123.16,30.55,87.04,3.34,0.52,2040.18,1,4.59,72.6,3,0,59.34,0,15.67,70.2,75.89
2021-11-14T00:00:00+00:00,synthetic,flood,3,14,21.98,152.14,60.01,22.54,46.52,33.07,41.99,5.24,0.59,669.5,90.86,12.96,73.38,6,0,74.83,2,55.49,98.08,85.37
2021-11-15T00:00:00+00:00,synthetic,earthquake,3,12,0.3,35.22,29.9,0,6.19,29.55,44.36,0.7,0.07,1269.25,1,2.68,46.87,6,3.43,57.18,2,45.95,77.42,91.34
2021-11-16T00:00:00+00:00,synthetic,extreme_rain,1,25,6.1,203.15,62.2,0,18.13,21.59,80.09,0.1,0.95,325.29,25.95,9.74,56.85,1,0,26.14,0,34.62,84.84,63.43
2021-11-17T00:00:00+00:00,synthetic,earthquake,2,15,8.39,5.11,12.92,0.79,12.17,26.57,37.59,0.51,0.05,929.65,207.01,2.06,98.89,0,7.36,45.17,1,39.11,85.37,91.64
2021-11-18T00:00:00+00:00,synthetic,earthquake,3,22,0,40.06,32.53,8.79,22.17,28.02,55.74,0,0.15,2878.66,159.14,7.22,79.19,0,4.94,0.44,2,36.43,79.08,92.68
2021-11-19T00:00:00+00:00,synthetic,other,3,33,8.78,47.84,30.41,26.41,40.77,14.59,94.94,0,0.1,1837.44,1,20.41,100,4,1.15,45.15,2,37.01,95.96,70.45
2021-11-20T00:00:00+00:00,synthetic,landslide,3,19,17.84,377.47,100,19.02,19.17,27.65,86.06,0.81,0.3,3741.93,1,1.65,48.11,1,0.57,52.91,2,74.81,95.03,97.69
2021-11-21T00:00:00+00:00,synthetic,earthquake,3,34,3.81,33.23,29.72,0,6.15,25.31,54.19,1.73,0.0,1295.25,1,0.46,99.76,1,3.4,27.36,2,35.93,75.14,93.32
2021-11-22T00:00:00+00:00,synthetic,extreme_rain,4,17,13.66,130.84,55.81,19.47,36.27,30.97,65.13,3.13,0.02,1387.8,215.74,1.32,77.69,4,0,35.1,3,49.34,72.06,94.45
2021-11-23T00:00:00+00:00,synthetic,other,2,66,8.28,108.13,35.9,12.3,17.77,29.12,75.72,0.53,0.22,717.24,32.99,6.5,70.32,2,0.02,62.86,1,35.05,97.57,77.99
2021-11-24T00:00:00+00:00,synthetic,earthquake,2,11,4.43,20.31,38.99,22.54,31.91,37.75,78.98,0,-0.06,400.57,1,1.92,96.94,5,3.69,40.81,1,32.56,91.67,83.12
2021-11-25T00:00:00+00:00,synthetic,landslide,2,13,27.84,112.99,55.63,6.89,24.28,26.31,77.23,2.04,0.12,1973.44,74.24,4.34,59.91,0,0,61.8,1,33.3,83.93,80.99
2021-11-26T00:00:00+00:00,synthetic,fire,3,9,0.21,11.73,18.54,55.34,75.59,34.32,48.62,0.56,0.01,1185.68,251.58,0.57,72.31,0,0,15.03,2,20.14,90.9,83.48
2021-11-27T00:00:00+00:00,synthetic,other,2,36,6.93,11.8,23.25,3.73,17.84,20.18,38.98,0.36,-0.03,888.21,80.5,1.56,100,0,0.86,48.37,1,20.57,98.76,72.25
2021-11-28T00:00:00+00:00,synthetic,flood,2,34,27.85,0,29.0,13.88,29.81,31.54,63.9,4.6,0.58,456.2,136.46,1.68,66.58,1,0,54.37,1,21.51,71.98,65.91
2021-11-29T00:00:00+00:00,synthetic,other,3,35,3.51,88.17,46.21,1.96,14.49,27.56,96.62,2.4,0.11,481.46,80.98,6.98,38.71,3,0,74.3,2,42.89,89.99,89.9
2021-11-30T00:00:00+00:00,synthetic,flood,3,276,0,63.23,34.15,13.0,23.31,27.39,93.17,6.36,0.1,403.04,12.54,9.91,65.38,1,0,40.19,2,32.14,87.94,85.11
2021-12-01T00:00:00+00:00,synthetic,fire,4,45,1.4,5.7,15.31,42.97,55.53,23.19,55.26,0.13,-0.01,807.87,1,5.43,92.17,0,0,28.63,3,29.77,83.27,82.04
2021-12-02T00:00:00+00:00,synthetic,flood,1,7,6.92,257.56,87.79,17.06,49.92,23.66,71.31,4.92,0.51,1824.87,65.79,4.96,51.94,0,0,55.03,0,43.36,99.03,87.62
2021-12-03T00:00:00+00:00,synthetic,landslide,2,31,5.61,151.35,35.31,26.34,33.42,25.38,80.78,3.73,0.84,7946.62,86.49,3.36,66.53,4,0.95,47.51,1,44.96,77.72,91.12
2021-12-04T00:00:00+00:00,synthetic,fire,2,19,0.58,9.83,31.46,16.51,38.11,26.88,93.72,0.08,-0.02,906.1,74.21,2.58,52.3,10,0,82.5,1,31.92,74.87,83.15
2021-12-05T00:00:00+00:00,synthetic,other,3,159,0.76,50.47,32.25,4.6,12.25,36.16,35.78,1.96,-0.03,2441.47,1,7.26,68.59,2,0.11,67.0,2,35.88,93.13,91.5
2021-12-06T00:00:00+00:00,synthetic,extreme_rain,4,9,7.69,114.12,48.88,0,29.36,28.64,71.07,2.09,0.14,1857.98,207.36,5.33,88.1,3,0,27.64,3,45.78,93.93,77.83
2021-12-07T00:00:00+00:00,synthetic,other,3,67,2.89,76.31,61.24,11.14,13.88,29.8,46.7,1.91,0.14,2426.95,135.61,8.52,85.32,0,1.78,65.19,2,42.93,71.77,83.53
2021-12-08T00:00:00+00:00,synthetic,landslide,1,10,17.79,107.02,21.38,0,14.82,26.43,82.69,4.01,0.2,3217.55,188.14,0.3,77.72,1,1.47,79.38,0,33.32,88.13,76.02
2021-12-09T00:00:00+00:00,synthetic,earthquake,2,7,8.59,1.07,30.66,11.95,28.22,24.03,79.05,2.07,0.28,846.49,1,9.04,77.45,5,3.75,62.45,1,36.0,94.45,88.39
2021-12-10T00:00:00+00:00,synthetic,earthquake,2,241,0,39.06,51.87,11.66,19.26,19.75,79.07,1.58,-0.13,1508.1,1,4.64,67.83,1,2.34,9.53,1,21.56,73.01,75.26
2021-12-11T00:00:00+00:00,synthetic,fire,2,9,1.33,5.1,21.67,37.39,37.39,27.15,40.63,0.59,0.04,1871.12,1,1.29,61.58,2,0,48.28,1,19.09,83.05,77.52
2021-12-12T00:00:00+00:00,synthetic,extreme_rain,3,50,0,388.75,100,26.72,38.3,26.65,76.2,4.84,0.24,2014.09,267.78,1.77,33.72,0,0,24.15,2,68.2,93.55,98.21
2021-12-13T00:00:00+00:00,synthetic,other,3,35,0,16.46,30.9,22.45,33.94,18.14,93.84,1.2,0.05,725.42,71.5,6.24,54.52,0,0.69,28.98,2,25.5,73.79,83.63
2021-12-14T00:00:00+00:00,synthetic,extreme_rain,4,113,7.75,93.53,38.38,12.58,27.68,26.84,97.8,2.03,0.67,941.75,188.06,11.31,91.13,3,0,31.02,3,46.54,91.2,88.98
2021-12-15T00:00:00+00:00,synthetic,fire,1,500,0.29,3.44,12.51,46.4,63.01,16.87,45.03,0.2,0.13,2367.04,55.65,10.47,29.39,4,0,42.61,0,11.91,70.65,76.7
2021-12-16T00:00:00+00:00,synthetic,fire,2,48,0,12.42,10.37,14.61,32.03,27.79,43.67,0.9,-0.01,2456.54,216.4,6.08,92.04,4,0,63.46,1,24.09,90.88,63.86
2021-12-17T00:00:00+00:00,synthetic,earthquake,3,93,6.19,21.74,20.25,7.59,10.96,26.36,42.48,1.15,-0.09,752.41,36.27,20.31,86.04,1,4.9,61.19,2,44.66,81.9,92.96
2021-12-18T00:00:00+00:00,synthetic,earthquake,3,45,1.05,11.11,22.65,5.64,9.82,24.11,52.24,0,-0.08,1528.92,116.33,4.7,75.12,2,2.17,40.69,2,32.35,92.36,80.74
2021-12-19T00:00:00+00:00,synthetic,other,4,33,0.07,21.02,31.73,13.61,24.07,30.04,82.47,2.09,0.05,1727.57,249.0,11.91,74.62,0,0.04,20.96,3,30.66,76.22,73.61
2021-12-20T00:00:00+00:00,synthetic,extreme_rain,1,11,0,195.56,60.68,14.33,14.8,16.33,35.01,3.24,0.22,378.89,7.37,13.35,100,1,0,57.2,0,35.67,79.02,62.93
2021-12-21T00:00:00+00:00,synthetic,cyclone,4,32,68.61,323.23,100,85.91,102.94,23.62,80.93,4.06,0.43,1385.24,86.24,0.26,92.3,0,0,75.6,3,78.56,82.66,99.39
2021-12-22T00:00:00+00:00,synthetic,cyclone,2,68,21.81,215.41,91.67,69.87,109.82,25.95,73.03,6.96,1.12,560.1,125.91,7.5,80.52,1,0,20.37,1,43.89,72.33,95.52
2021-12-23T00:00:00+00:00,synthetic,flood,3,18,19.67,0,12.41,22.94,51.8,26.21,41.24,3.4,0.14,368.26,219.43,14.58,42.31,0,0,25.79,2,21.34,71.44,79.44
2021-12-24T00:00:00+00:00,synthetic,earthquake,3,112,7.12,48.76,5.42,22.87,38.11,23.35,73.35,0.77,-0.14,1121.08,162.09,9.31,82.53,0,4.16,36.67,2,40.22,91.2,93.67
2021-12-25T00:00:00+00:00,synthetic,landslide,2,40,0.13,221.98,86.38,25.27,33.14,30.54,93.56,1.19,0.29,342.9,1,13.06,65.23,0,0.39,39.02,1,44.27,94.25,86.04
2021-12-26T00:00:00+00:00,synthetic,flood,4,18,25.49,252.29,92.24,17.12,21.57,20.25,73.26,3.51,-0.17,2946.18,98.4,9.69,71.07,7,0,77.76,3,73.04,98.94,94.24
2021-12-27T00:00:00+00:00,synthetic,extreme_rain,2,5,13.66,309.16,89.49,14.48,25.61,34.06,59.8,2.56,0.58,548.43,127.6,12.48,91.04,0,0,13.16,1,50.36,97.69,73.76
2021-12-28T00:00:00+00:00,synthetic,extreme_rain,1,26,18.36,0,23.97,9.66,25.26,31.13,92.53,3.59,1.08,478.62,46.34,8.97,68.04,1,0,46.54,0,14.57,70.21,54.3
2021-12-29T00:00:00+00:00,synthetic,other,3,7,1.33,26.13,32.68,19.64,24.78,28.25,81.87,0.58,-0.02,1911.55,2.34,3.12,85.27,5,0.54,49.13,2,33.51,97.03,87.04
2021-12-30T00:00:00+00:00,synthetic,landslide,1,285,0,0,21.38,22.81,37.53,26.54,78.12,4.76,0.07,664.15,85.06,9.48,74.37,7,0,35.56,0,12.36,71.56,44.44
2021-12-31T00:00:00+00:00,synthetic,other,3,16,5.83,0,13.99,5.42,12.01,18.23,79.17,2.6,0.04,1119.41,105.16,36.12,34.23,0,0.96,50.71,2,28.21,85.07,60.54
2022-01-01T00:00:00+00:00,synthetic,landslide,1,95,25.82,398.48,100,21.89,36.06,30.66,94.41,1.61,0.15,1229.42,157.52,27.43,73.35,0,0.63,65.75,0,62.28,91.35,83.92
2022-01-02T00:00:00+00:00,synthetic,landslide,2,20,23.7,164.08,59.28,16.67,26.53,24.22,59.2,2.28,0.33,1834.9,1,3.14,95.83,3,0.22,26.04,1,37.07,96.62,74.34
2022-01-03T00:00:00+00:00,synthetic,landslide,1,14,0,61.59,48.51,27.01,29.64,30.64,56.88,4.54,0.42,2363.53,202.08,1.17,83.01,3,0.97,59.98,0,25.58,80.98,58.88
2022-01-04T00:00:00+00:00,synthetic,extreme_rain,1,57,0,90.69,60.97,22.3,44.9,31.22,59.2,0,0.73,1705.66,20.58,8.28,68.94,2,0,24.9,0,20.63,93.38,43.95
2022-01-05T00:00:00+00:00,synthetic,fire,4,31,3.16,3.34,22.85,26.35,37.57,25.14,94.35,0.27,0.07,1649.86,71.24,13.4,65.91,0,0,60.15,3,35.55,78.33,92.26
2022-01-06T00:00:00+00:00,synthetic,landslide,1,13,36.07,152.83,52.5,11.28,24.58,30.24,86.91,3.75,0.13,901.49,38.16,8.96,48.16,1,0,31.45,0,25.46,76.58,73.32
2022-01-07T00:00:00+00:00,synthetic,earthquake,2,309,8.74,77.82,45.39,14.45,14.45,29.03,80.76,0,-0.1,1653.1,203.14,11.88,72.61,2,6.32,60.56,1,48.31,81.06,92.65
2022-01-08T00:00:00+00:00,synthetic,fire,3,40,1.9,8.63,22.81,47.93,62.98,29.26,68.19,0.51,0.04,624.77,209.2,3.51,64.68,0,0,40.24,2,24.48,91.8,91.61
2022-01-09T00:00:00+00:00,synthetic,other,4,77,4.49,56.0,22.5,17.89,35.28,32.34,50.36,1.02,0.01,1510.13,110.42,1.05,63.94,3,0.48,73.68,3,47.89,86.31,95.15
2022-01-10T00:00:00+00:00,synthetic,earthquake,4,5,2.57,22.64,27.82,9.23,24.1,28.17,41.41,1.15,-0.06,269.28,23.19,1.79,82.86,5,4.9,31.42,3,50.76,98.68,96.27
2022-01-11T00:00:00+00:00,synthetic,earthquake,1,24,5.69,45.99,25.89,25.98,35.52,27.02,51.72,1.29,-0.22,512.42,223.22,6.86,52.93,0,4.71,56.27,0,28.69,97.21,81.73
2022-01-12T00:00:00+00:00,synthetic,other,3,28,5.35,41.07,23.69,10.59,14.94,20.18,61.08,1.36,0.03,15420.11,201.72,2.28,100,0,0,79.89,2,35.44,93.81,94.97
2022-01-13T00:00:00+00:00,synthetic,earthquake,2,32,6.83,61.02,53.92,8.28,9.17,31.31,43.42,2.28,0.13,1294.05,111.72,0.64,58.26,1,3.97,56.28,1,38.81,73.3,89.59
2022-01-14T00:00:00+00:00,synthetic,earthquake,2,14,0,59.85,31.99,0,10.81,32.19,65.04,1.07,-0.08,1610.02,1,8.33,88.21,2,1.43,70.44,1,33.34,87.82,78.49
2022-01-15T00:00:00+00:00,synthetic,landslide,1,2,27.05,292.36,85.35,17.53,17.55,35.57,37.02,2.18,0.34,3393.5,42.18,2.88,87.65,3,0.16,39.45,0,46.75,92.53,82.17
2022-01-16T00:00:00+00:00,synthetic,cyclone,2,36,51.1,347.44,100,37.08,73.78,14.74,73.12,0.68,1.26,776.77,1,9.51,100,1,0,63.74,1,68.27,72.32,95.83
2022-01-17T00:00:00+00:00,synthetic,extreme_rain,3,15,2.7,158.79,65.08,27.2,53.61,22.7,69.76,1.65,-0.11,254.63,96.33,2.32,66.47,1,0,69.73,2,47.85,89.15,93.08
2022-01-18T00:00:00+00:00,synthetic,flood,1,9,18.46,186.29,58.59,29.46,42.68,23.42,66.64,3.45,0.35,3864.98,32.93,3.08,86.47,0,0,36.82,0,30.76,93.25,78.98
2022-01-19T00:00:00+00:00,synthetic,flood,2,173,2.92,83.79,37.07,16.57,35.01,22.56,57.7,0.65,0.05,1702.35,220.88,9.13,65.09,2,0,61.55,1,30.97,95.68,79.25
2022-01-20T00:00:00+00:00,synthetic,fire,4,64,3.29,7.96,17.67,42.39,54.22,30.4,64.03,0.31,-0.03,3236.44,9.74,2.45,73.08,0,0,28.44,3,29.91,99.58,95.24
2022-01-21T00:00:00+00:00,synthetic,earthquake,2,62,4.36,8.47,2.63,21.11,27.88,28.47,96.58,2.47,-0.16,928.36,154.6,6.86,67.07,1,3.75,52.69,1,29.73,71.71,89.73
2022-01-22T00:00:00+00:00,synthetic,other,2,7,4.9,42.11,38.86,15.88,23.14,21.39,83.4,2.3,0.25,1035.76,1,16.13,75.49,1,0.68,72.84,1,30.25,75.98,81.25
2022-01-23T00:00:00+00:00,synthetic,earthquake,4,12,7.37,37.22,29.82,11.78,16.83,27.28,50.88,0.62,-0.06,1638.23,122.4,11.57,82.28,0,2.81,0,3,36.59,75.28,89.27
2022-01-24T00:00:00+00:00,synthetic,landslide,3,1,0,290.9,87.24,28.05,43.1,22.58,78.65,2.43,0.13,455.58,136.91,3.8,84.34,1,0.08,40.56,2,59.92,81.67,90.62
2022-01-25T00:00:00+00:00,synthetic,flood,3,331,0,53.01,49.45,13.08,24.96,23.53,80.5,5.02,0.93,5840.39,334.57,19.01,73.41,1,0,30.64,2,33.33,99.65,76.21
2022-01-26T00:00:00+00:00,synthetic,other,3,38,10.31,1.21,17.56,29.5,39.38,28.09,66.45,0.41,-0.05,670.17,251.26,7.97,86.63,1,0.69,39.65,2,25.91,99.97,81.27
2022-01-27T00:00:00+00:00,synthetic,fire,1,25,0.3,2.06,17.63,22.15,34.47,35.79,97.71,0.55,-0.06,1458.0,21.39,3.36,85.47,1,0,19.74,0,4.31,94.18,54.31
2022-01-28T00:00:00+00:00,synthetic,flood,3,50,1.91,156.93,74.05,16.07,30.07,31.42,85.01,4.19,0.55,3878.9,1,13.36,77.4,2,0,78.65,2,53.34,83.92,94.91
2022-01-29T00:00:00+00:00,synthetic,other,2,47,3.3,2.37,26.01,27.98,37.18,31.37,59.78,0.03,-0.14,2899.32,74.23,1.31,54.29,2,0,21.95,1,13.14,71.55,63.55
2022-01-30T00:00:00+00:00,synthetic,cyclone,1,4,0,373.04,100,64.87,102.38,27.12,83.51,2.51,1.21,1304.62,100.44,12.71,29.99,0,0,41.11,0,58.23,74.59,92.39
2022-01-31T00:00:00+00:00,synthetic,cyclone,2,44,17.21,0,13.25,89.11,111.18,24.21,75.22,6.73,0.93,601.9,86.23,10.79,100,3,0,36.34,1,21.61,87.38,82.18
2022-02-01T00:00:00+00:00,synthetic,flood,1,15,49.59,301.64,86.36,17.52,36.56,27.9,53.82,4.79,0.53,2189.94,1,1.65,72.14,1,0,66.8,0,51.7,97.11,84.98
2022-02-02T00:00:00+00:00,synthetic,extreme_rain,3,33,0,78.34,45.81,29.49,43.13,15.26,51.86,9.35,0.59,286.95,218.76,0.85,99.55,0,0,38.4,2,35.25,84.45,79.97
2022-02-03T00:00:00+00:00,synthetic,flood,2,14,4.77,253.44,99.82,6.01,20.27,25.34,90.62,3.09,0.96,10702.4,56.74,6.13,87.64,3,0,31.58,1,51.28,82.71,93.19
2022-02-04T00:00:00+00:00,synthetic,extreme_rain,4,94,15.86,235.48,81.81,20.9,41.99,22.06,46.71,5.53,0.62,617.56,1,21.02,47.61,1,0,37.08,3,62.81,77.36,95.59
2022-02-05T00:00:00+00:00,synthetic,landslide,3,180,5.48,83.48,55.61,15.51,26.31,36.42,61.57,2.09,0.12,739.28,198.14,5.24,81.6,2,0.33,54.73,2,39.07,92.69,79.87
2022-02-06T00:00:00+00:00,synthetic,earthquake,1,23,7.83,35.16,29.11,14.87,27.47,36.57,37.33,0.57,0.17,1291.9,102.56,10.7,70.46,2,4.82,67.25,0,33.23,86.0,91.47
2022-02-07T00:00:00+00:00,synthetic,cyclone,2,69,76.87,272.51,66.86,108.18,115.43,30.34,73.93,5.81,0.79,1227.58,1,8.35,58.33,1,0,75.37,1,59.04,70.88,97.59
2022-02-08T00:00:00+00:00,synthetic,flood,1,315,22.49,86.51,42.47,16.85,25.19,30.69,78.34,7.97,0.37,2802.46,263.13,0.38,70.85,5,0,51.04,0,25.43,93.75,66.53
2022-02-09T00:00:00+00:00,synthetic,fire,3,21,0.89,9.03,15.15,42.75,64.68,31.18,40.22,0.62,0.04,366.11,1,26.21,57.55,0,0,43.28,2,25.09,86.76,73.94
2022-02-10T00:00:00+00:00,synthetic,other,2,19,5.41,90.46,38.85,24.36,35.02,28.36,43.19,1.67,-0.07,337.91,253.86,10.04,54.45,7,0.57,43.48,1,33.65,97.5,62.88
2022-02-11T00:00:00+00:00,synthetic,fire,1,1,0.42,15.94,24.91,24.24,38.38,24.11,51.73,0.31,-0.09,1392.45,169.56,14.62,69.58,5,0,30.17,0,10.91,97.81,34.96
2022-02-12T00:00:00+00:00,synthetic,flood,2,7,1.19,93.67,38.64,24.41,34.07,30.6,42.0,5.09,0.1,2272.76,191.98,1.47,76.43,2,0,59.39,1,32.05,73.46,77.08
2022-02-13T00:00:00+00:00,synthetic,flood,2,22,22.2,67.66,34.66,16.39,39.57,30.2,92.19,3.33,0.12,4640.33,1,4.78,75.78,2,0,56.87,1,28.58,88.66,77.84
2022-02-14T00:00:00+00:00,synthetic,extreme_rain,4,27,18.22,58.39,47.59,26.68,45.35,23.24,41.89,8.1,0.42,601.12,112.67,0.56,54.83,2,0,9.64,3,36.45,94.57,89.81
2022-02-15T00:00:00+00:00,synthetic,cyclone,1,73,36.66,167.1,65.75,131.01,161.82,23.97,76.83,3.5,0.78,1075.2,1,5.52,62.87,1,0,31.91,0,30.5,95.95,89.43
2022-02-16T00:00:00+00:00,synthetic,other,4,43,11.27,25.88,49.83,1.64,23.39,17.07,90.26,0.81,-0.01,1092.32,61.77,3.12,21.63,3,0.58,62.2,3,42.38,90.36,91.51
2022-02-17T00:00:00+00:00,synthetic,fire,3,100,4.06,5.19,14.08,19.74,36.84,28.98,35.53,0.7,0.1,399.44,12.2,0.92,37.43,3,0,12.6,2,21.78,97.82,81.5
2022-02-18T00:00:00+00:00,synthetic,landslide,1,8,5.07,194.38,68.51,12.51,18.13,24.95,76.92,3.37,0.18,1255.02,289.03,2.56,46.05,0,0.4,57.46,0,35.76,93.07,78.51
2022-02-19T00:00:00+00:00,synthetic,landslide,2,6,44.98,361.68,100,26.15,26.15,20.65,43.77,1.55,0.5,845.71,289.1,17.7,48.44,2,1.35,54.92,1,69.45,93.03,93.73
2022-02-20T00:00:00+00:00,synthetic,earthquake,4,25,7.35,49.14,23.26,1.72,6.28,33.3,95.32,0.91,0.06,976.42,46.9,19.12,65.29,1,3.2,23.14,3,44.75,82.63,92.43
2022-02-21T00:00:00+00:00,synthetic,other,4,65,6.33,88.39,71.12,3.45,6.59,31.18,86.78,2.18,0.08,1693.44,91.82,12.79,48.33,0,0.9,37.6,3,44.47,86.96,93.85
2022-02-22T00:00:00+00:00,synthetic,extreme_rain,2,29,14.88,174.01,64.94,17.78,29.14,27.03,73.04,3.82,-0.12,5607.88,47.45,31.67,84.75,0,0,14.62,1,30.9,73.63,61.35
2022-02-23T00:00:00+00:00,synthetic,flood,2,28,18.15,191.44,68.61,0.35,25.92,23.29,67.23,6.35,0.46,468.89,1,0.92,79.84,0,0,55.95,1,43.37,90.99,84.34
2022-02-24T00:00:00+00:00,synthetic,landslide,1,22,0.91,194.82,79.6,4.14,14.53,37.51,95.66,0.75,-0.3,332.54,197.24,5.81,85.25,2,0,46.18,0,31.79,84.04,50.93
2022-02-25T00:00:00+00:00,synthetic,extreme_rain,4,33,28.38,125.62,62.58,27.88,45.42,20.83,39.3,4.07,0.62,647.79,16.72,7.47,51.58,4,0,36.43,3,51.95,95.18,96.32
2022-02-26T00:00:00+00:00,synthetic,fire,2,10,0,1.97,22.93,12.78,35.64,36.16,65.01,0.64,-0.04,2859.2,1,6.73,65.51,4,0,48.45,1,19.98,92.8,72.81
2022-02-27T00:00:00+00:00,synthetic,other,3,25,13.66,60.45,16.02,34.24,47.09,33.98,58.79,0,0.07,1304.31,106.68,10.09,64.25,2,1.34,69.46,2,41.71,99.67,89.69
2022-02-28T00:00:00+00:00,synthetic,cyclone,2,39,16.43,185.61,65.26,98.84,153.24,36.04,66.55,1.99,0.74,2190.06,1,22.15,92.95,3,0,32.21,1,42.18,80.69,92.12
2022-03-01T00:00:00+00:00,synthetic,cyclone,1,31,67.65,5.2,12.52,121.91,138.06,34.9,44.95,2.4,0.96,1094.59,55.2,12.06,69.03,0,0,54.38,0,15.23,78.64,67.93
2022-03-02T00:00:00+00:00,synthetic,cyclone,3,7,0,86.02,36.05,80.36,113.4,24.63,93.22,7.14,0.46,2385.85,187.08,2.12,73.06,1,0,46.01,2,37.68,89.9,89.81
2022-03-03T00:00:00+00:00,synthetic,flood,1,49,18.63,182.63,64.96,13.05,14.01,28.77,88.54,8.1,0.16,303.94,169.99,0.3,65.29,0,0,16.04,0,25.59,99.14,52.93
2022-03-04T00:00:00+00:00,synthetic,flood,3,4,21.78,129.36,61.68,10.4,19.49,24.35,56.62,4.26,0.17,855.13,211.72,5.58,89.82,0,0,65.4,2,44.16,97.54,85.65
2022-03-05T00:00:00+00:00,synthetic,landslide,1,303,16.4,338.92,100,26.85,29.97,26.99,66.18,2.24,0.66,602.81,1,1.96,63.53,1,0,71.34,0,57.61,92.06,91.56
2022-03-06T00:00:00+00:00,synthetic,earthquake,4,13,9.01,61.66,25.34,14.36,17.27,26.44,69.84,0.17,-0.12,477.7,1,4.66,93.46,0,5.82,77.67,3,62.23,73.68,98.14
2022-03-07T00:00:00+00:00,synthetic,extreme_rain,1,29,22.03,84.35,41.67,11.53,18.42,28.0,47.96,7.07,0.33,668.6,103.5,2.29,63.31,2,0,5.16,0,14.27,75.53,44.3
2022-03-08T00:00:00+00:00,synthetic,fire,3,4,0,4.51,8.08,50.32,56.41,23.37,85.87,0.9,0.02,292.61,85.9,9.06,74.15,2,0,68.23,2,30.51,86.6,88.0
2022-03-09T00:00:00+00:00,synthetic,extreme_rain,3,7,31.5,102.72,60.23,3.85,23.72,26.22,54.33,6.47,0.38,1860.93,49.63,2.24,67.82,0,0,44.91,2,38.29,89.82,85.9
2022-03-10T00:00:00+00:00,synthetic,other,2,9,4.66,61.88,45.3,0,10.72,31.19,38.12,0.27,0.07,834.89,108.71,1.39,71.45,5,0,29.0,1,25.02,73.43,69.53
2022-03-11T00:00:00+00:00,synthetic,flood,4,134,37.91,192.5,71.83,21.2,29.77,30.61,39.5,6.18,0.12,484.72,51.57,0.81,61.19,0,0,44.57,3,55.7,82.79,97.48
2022-03-12T00:00:00+00:00,synthetic,earthquake,2,103,0,41.07,33.54,4.98,5.68,38.9,39.94,1.49,0.03,2401.34,1,1.69,61.9,4,5.61,76.52,1,46.89,72.32,92.07
2022-03-13T00:00:00+00:00,synthetic,landslide,3,57,0,12.22,30.23,12.05,21.31,21.69,78.66,0.89,-0.05,802.63,1,5.99,83.63,4,1.6,35.53,2,31.64,83.35,83.86
2022-03-14T00:00:00+00:00,synthetic,fire,2,20,4.69,2.99,25.77,25.06,31.61,26.0,40.13,0.61,-0.11,1831.19,1,5.4,73.05,2,0,24.82,1,13.87,82.63,66.51
2022-03-15T00:00:00+00:00,synthetic,landslide,1,10,27.52,29.18,22.0,0,10.76,30.67,79.85,1.35,0.33,809.44,143.82,14.12,69.39,6,0.61,60.42,0,22.65,73.57,35.92
2022-03-16T00:00:00+00:00,synthetic,other,2,16,11.45,12.08,26.88,29.15,39.45,32.32,58.3,0,-0.16,630.78,183.53,1.01,82.46,6,0.07,76.15,1,27.33,89.48,72.81
2022-03-17T00:00:00+00:00,synthetic,fire,2,4,0,4.66,23.97,16.43,29.17,36.73,81.05,0.57,-0.01,1176.51,1,18.42,66.11,3,0,64.21,1,22.48,82.92,57.28
2022-03-18T00:00:00+00:00,synthetic,earthquake,2,87,1.2,5.37,6.77,15.83,27.36,24.78,35.42,0.56,0.1,1430.69,141.41,9.84,100,0,5.26,86.5,1,40.49,94.98,87.82
2022-03-19T00:00:00+00:00,synthetic,flood,2,136,8.0,205.42,73.99,13.12,28.53,31.72,81.34,6.0,0.28,437.99,292.28,9.55,63.6,0,0,55.43,1,44.03,90.16,78.65
2022-03-20T00:00:00+00:00,synthetic,flood,2,218,13.8,47.85,16.99,34.2,42.34,30.26,90.18,5.9,0.23,493.28,248.18,2.16,60.59,0,0,57.71,1,25.28,98.52,77.95
2022-03-21T00:00:00+00:00,synthetic,other,3,42,4.3,16.04,18.29,4.16,7.1,22.38,69.24,0.26,0.1,704.7,124.22,21.6,94.83,5,1.14,18.39,2,29.14,78.86,51.44
2022-03-22T00:00:00+00:00,synthetic,landslide,3,7,0,368.37,100,9.42,24.64,28.92,53.33,3.34,0.26,828.51,18.69,10.4,43.43,1,0.58,52.81,2,73.54,85.22,95.26
2022-03-23T00:00:00+00:00,synthetic,other,4,5,5.44,27.87,30.77,11.3,23.84,33.53,55.77,1.07,-0.03,326.62,123.17,2.58,50.2,0,0,59.0,3,37.83,88.15,93.27
2022-03-24T00:00:00+00:00,synthetic,flood,3,8,10.02,161.63,53.26,29.98,40.26,36.63,82.57,3.87,-0.04,659.76,176.94,2.4,79.2,1,0,61.43,2,47.04,85.8,88.76
2022-03-25T00:00:00+00:00,synthetic,cyclone,2,17,39.96,81.55,54.7,114.72,147.96,27.4,35.93,6.38,0.93,3397.79,284.84,0.98,69.15,0,0,29.16,1,27.7,94.91,93.3
2022-03-26T00:00:00+00:00,synthetic,cyclone,3,16,4.01,278.7,83.27,71.65,116.21,23.64,52.92,4.56,0.28,663.94,1,0.74,93.15,1,0,39.97,2,58.82,91.09,97.49
2022-03-27T00:00:00+00:00,synthetic,cyclone,1,23,48.46,220.95,80.26,90.65,107.5,30.83,50.75,5.37,0.2,728.53,188.23,7.21,53.77,9,0,76.65,0,48.51,74.24,91.31
2022-03-28T00:00:00+00:00,synthetic,cyclone,2,525,8.87,315.97,73.67,39.96,86.27,27.5,65.43,2.93,1.15,3145.97,130.65,2.19,75.86,1,0,69.87,1,65.05,86.64,97.35
2022-03-29T00:00:00+00:00,synthetic,extreme_rain,1,53,37.94,185.29,56.66,27.5,31.95,25.45,53.54,3.96,0.83,365.54,222.09,1.31,76.82,3,0,23.16,0,32.95,97.66,61.64
2022-03-30T00:00:00+00:00,synthetic,extreme_rain,3,15,36.42,127.17,59.92,9.76,27.1,22.69,46.29,5.75,0.75,1044.73,165.82,2.81,68.78,6,0,0,2,39.79,84.11,86.09
2022-03-31T00:00:00+00:00,synthetic,flood,2,10,20.57,113.13,57.24,6.34,18.95,24.6,60.41,5.19,0.25,1217.92,117.21,6.94,82.97,4,0,37.98,1,32.86,77.64,58.55
2022-04-01T00:00:00+00:00,synthetic,cyclone,3,6,74.44,156.45,58.01,81.03,113.0,29.88,35.17,3.95,0.51,1513.42,153.54,6.0,84.84,8,0,23.3,2,47.89,76.95,88.71
2022-04-02T00:00:00+00:00,synthetic,landslide,4,4,8.08,361.75,100,19.82,33.56,27.69,67.89,2.98,0.34,856.66,14.17,0.87,88.77,2,0.26,30.84,3,77.05,85.92,96.3
2022-04-03T00:00:00+00:00,synthetic,cyclone,3,27,75.95,0,23.15,73.89,76.02,23.56,70.27,8.57,0.38,1949.73,1,0.2,76.57,1,0,15.89,2,21.57,99.94,85.32
2022-04-04T00:00:00+00:00,synthetic,landslide,1,21,6.57,230.74,75.12,6.86,19.47,17.6,86.87,2.0,0.21,4775.85,83.65,0.24,66.79,0,1.3,67.55,0,44.82,95.9,86.51
2022-04-05T00:00:00+00:00,synthetic,fire,3,75,0,13.07,33.52,26.83,47.07,30.27,73.68,0.39,-0.06,458.99,1,13.09,94.07,0,0,54.83,2,27.15,70.5,82.46
2022-04-06T00:00:00+00:00,synthetic,other,2,18,4.59,4.67,11.66,11.72,27.69,19.78,94.29,0,0.1,1670.13,72.29,0.32,81.02,2,0.33,37.29,1,18.36,79.33,57.57
2022-04-07T00:00:00+00:00,synthetic,cyclone,1,6,18.79,330.57,90.41,54.3,77.54,25.11,82.62,2.19,0.38,1819.71,45.17,9.02,75.26,0,0,59.96,0,52.36,73.98,90.07
2022-04-08T00:00:00+00:00,synthetic,flood,2,12,7.25,202.23,64.92,1.71,23.53,24.94,44.81,3.53,0.84,460.6,1,5.18,93.41,4,0,40.29,1,46.94,87.06,84.11
2022-04-09T00:00:00+00:00,synthetic,extreme_rain,3,57,0,204.01,62.67,3.61,35.21,27.9,70.52,3.32,0.14,1122.24,98.49,17.85,83.72,1,0,29.57,2,47.29,89.75,79.6
2022-04-10T00:00:00+00:00,synthetic,flood,2,79,14.28,186.46,58.07,24.16,45.8,21.38,50.35,1.28,0.98,868.91,1,4.05,61.29,2,0,19.37,1,40.38,91.7,83.92
2022-04-11T00:00:00+00:00,synthetic,cyclone,4,30,11.29,412.41,100,132.64,144.92,25.56,43.18,3.35,1.96,953.16,1,15.24,66.88,8,0,57.45,3,100,79.99,99.72
2022-04-12T00:00:00+00:00,synthetic,flood,1,19,33.22,122.46,58.71,12.19,27.42,31.67,78.27,4.36,-0.23,696.12,155.86,8.08,77.24,4,0,28.97,0,21.98,90.96,44.67
2022-04-13T00:00:00+00:00,synthetic,fire,3,66,0,0,9.23,31.19,45.27,30.34,86.86,0.26,-0.08,937.37,1,6.18,72.17,0,0,18.46,2,18.91,88.32,73.86
2022-04-14T00:00:00+00:00,synthetic,other,1,11,3.07,48.38,27.38,22.34,31.5,28.6,81.16,1.1,0.17,1742.67,145.08,2.12,80.87,1,0.81,41.49,0,17.34,89.68,58.2
2022-04-15T00:00:00+00:00,synthetic,fire,2,136,0,6.26,12.37,40.24,46.49,22.55,68.71,0.36,-0.03,1871.1,168.02,2.09,53.7,4,0,24.69,1,16.26,80.95,75.13
2022-04-16T00:00:00+00:00,synthetic,other,4,52,5.9,55.9,25.78,0,8.52,29.09,58.27,1.66,0.06,1156.36,169.05,4.38,56.16,0,0.43,59.99,3,43.1,82.77,94.58
2022-04-17T00:00:00+00:00,synthetic,extreme_rain,2,58,8.48,334.95,89.73,16.83,32.01,28.68,96.23,2.79,0.34,894.83,73.55,0.61,56.42,0,0,40.88,1,57.26,90.67,90.6
2022-04-18T00:00:00+00:00,synthetic,landslide,3,315,44.2,53.22,28.13,13.91,23.18,26.84,81.79,3.69,0.06,356.65,109.72,9.05,56.58,0,0.61,69.24,2,36.97,72.38,89.93
2022-04-19T00:00:00+00:00,synthetic,fire,3,44,0,14.67,20.61,9.2,14.68,24.46,52.95,0.28,-0.15,1246.69,1,19.19,65.73,0,0,75.19,2,30.56,70.15,76.53
2022-04-20T00:00:00+00:00,synthetic,landslide,2,20,20.02,303.27,100,20.59,20.59,27.36,56.82,2.12,0.39,398.94,154.3,7.05,48.78,0,0,9.65,1,48.06,83.33,85.74
2022-04-21T00:00:00+00:00,synthetic,fire,3,34,2.08,1.34,9.38,16.61,33.14,27.59,71.85,0.22,-0.01,321.39,252.7,5.28,84.9,0,0,45.12,2,24.25,88.73,69.15
2022-04-22T00:00:00+00:00,synthetic,cyclone,2,122,0,427.08,100,51.87,75.82,29.98,82.33,10.33,0.9,540.46,235.87,1.38,68.84,0,0,50.6,1,72.85,82.55,95.68
2022-04-23T00:00:00+00:00,synthetic,cyclone,3,30,25.71,473.13,100,70.84,81.25,27.2,83.06,2.98,0.16,582.32,84.23,18.09,55.23,0,0,59.15,2,84.23,89.69,98.99
2022-04-24T00:00:00+00:00,synthetic,extreme_rain,3,4,32.78,80.49,19.41,5.98,26.06,21.78,89.4,0.91,-0.38,796.18,1,0.67,61.42,1,0,43.17,2,32.35,95.51,80.87
2022-04-25T00:00:00+00:00,synthetic,landslide,1,39,0,230.43,83.92,14.76,20.87,34.6,50.43,2.08,0.53,1725.18,112.52,1.94,78.88,2,0.87,64.94,0,46.22,91.66,72.24
2022-04-26T00:00:00+00:00,synthetic,flood,1,24,0,168.17,46.07,0,29.92,25.66,86.81,4.02,0.09,1536.41,73.3,10.49,56.6,0,0,25.27,0,25.17,93.06,62.53
2022-04-27T00:00:00+00:00,synthetic,earthquake,3,100,7.89,0,20.86,5.75,14.4,33.74,63.87,1.95,-0.11,4626.81,1,1.07,89.58,0,3.86,29.42,2,32.33,91.27,92.36
2022-04-28T00:00:00+00:00,synthetic,other,3,11,5.15,67.15,29.22,18.25,18.71,23.12,81.86,0.79,0.15,596.71,12.98,3.15,58.9,0,0,91.53,2,41.3,90.85,85.89
2022-04-29T00:00:00+00:00,synthetic,landslide,1,6,18.93,0,9.55,21.75,36.45,26.96,58.81,0.76,0.24,1200.95,1,16.12,67.84,8,0,28.54,0,12.75,97.78,27.41
2022-04-30T00:00:00+00:00,synthetic,extreme_rain,2,18,28.69,257.3,72.98,42.14,57.87,18.84,84.33,5.93,1.07,278.51,122.47,3.09,44.71,1,0,82.14,1,59.79,85.72,95.72
2022-05-01T00:00:00+00:00,synthetic,landslide,3,32,13.18,66.09,54.71,25.09,32.97,28.08,46.18,3.37,0.32,2295.89,383.68,5.18,71.07,0,0.46,80.71,2,41.45,99.38,85.72
2022-05-02T00:00:00+00:00,synthetic,earthquake,2,9,10.3,21.71,20.5,26.02,45.96,28.39,47.44,0.9,0.1,1452.17,1,10.64,74.97,0,5.68,36.18,1,34.67,86.27,93.24
2022-05-03T00:00:00+00:00,synthetic,landslide,3,89,2.98,121.31,45.54,26.56,31.18,22.53,77.7,3.06,0.27,920.85,140.71,6.98,60.19,0,0,65.23,2,43.63,85.09,87.72
2022-05-04T00:00:00+00:00,synthetic,extreme_rain,2,24,14.7,0,20.56,14.13,19.01,22.61,68.42,6.02,0.78,3128.41,374.59,7.11,58.9,3,0,41.95,1,21.86,73.09,54.34
2022-05-05T00:00:00+00:00,synthetic,earthquake,1,4,3.96,42.34,38.33,5.76,15.91,23.2,58.36,0.79,-0.06,668.63,1,3.78,73.97,3,5.81,47.08,0,33.08,79.19,92.09
2022-05-06T00:00:00+00:00,synthetic,extreme_rain,3,6,0,284.48,100,9.85,29.0,30.3,66.69,2.0,0.51,267.34,47.77,2.72,86.72,3,0,33.27,2,61.1,95.69,91.46
2022-05-07T00:00:00+00:00,synthetic,flood,4,74,27.5,169.32,73.37,0,3.13,25.67,96.56,3.19,-0.42,1243.44,183.17,5.4,75.69,1,0,40.18,3,50.24,91.97,92.03
2022-05-08T00:00:00+00:00,synthetic,other,2,32,6.98,56.3,38.59,20.74,30.71,22.64,77.69,0.86,0.11,1673.9,1,13.44,86.18,5,0,32.8,1,25.23,91.12,69.88
2022-05-09T00:00:00+00:00,synthetic,earthquake,3,140,4.88,0,26.99,20.85,20.85,28.9,67.35,0.01,0.14,655.5,57.97,0.49,85.88,0,5.62,66.4,2,45.49,95.54,97.55
2022-05-10T00:00:00+00:00,synthetic,cyclone,2,13,71.39,123.67,33.58,93.99,108.15,27.43,71.21,8.34,0.66,2802.06,235.44,2.91,81.52,1,0,31.92,1,32.7,70.19,86.7
2022-05-11T00:00:00+00:00,synthetic,other,3,81,4.39,42.92,35.79,22.34,25.12,25.9,89.85,0.82,0.1,664.22,1,2.58,87.91,7,0.47,59.63,2,39.4,97.85,87.39
2022-05-12T00:00:00+00:00,synthetic,extreme_rain,2,14,23.55,163.92,55.51,21.64,40.8,20.29,40.85,5.64,0.15,805.74,47.28,9.54,68.88,1,0,25.47,1,33.82,75.25,77.39
2022-05-13T00:00:00+00:00,synthetic,cyclone,3,19,72.57,207.82,55.96,72.29,81.9,19.62,87.7,3.99,0.71,847.03,91.18,0.83,67.91,4,0,45.64,2,55.91,83.02,96.93
2022-05-14T00:00:00+00:00,synthetic,other,1,68,16.46,25.41,39.71,2.56,14.33,22.33,46.0,0.59,0.01,432.11,236.78,1.65,75.88,3,0,37.58,0,12.25,85.56,47.61
2022-05-15T00:00:00+00:00,synthetic,landslide,3,89,12.53,0,22.64,19.68,31.95,22.16,68.09,2.86,0.72,353.18,81.58,2.82,73.64,5,0.1,41.61,2,31.38,74.75,80.37
2022-05-16T00:00:00+00:00,synthetic,flood,2,121,34.97,94.64,53.24,19.79,42.56,30.17,42.93,5.16,0.29,2293.61,53.82,2.73,26.28,2,0,32.53,1,28.24,85.44,88.29
2022-05-17T00:00:00+00:00,synthetic,other,1,15,0,63.4,24.57,16.98,16.98,30.85,76.66,0.82,0.09,1518.96,255.91,5.14,65.64,2,0.99,70.14,0,25.26,87.38,69.12
2022-05-18T00:00:00+00:00,synthetic,other,3,11,17.75,56.24,27.42,16.84,27.84,22.46,42.42,0.84,0.07,1328.32,104.73,2.95,47.1,2,0.48,18.34,2,29.45,78.38,83.82
2022-05-19T00:00:00+00:00,synthetic,other,3,27,0,8.38,19.16,14.88,17.39,32.42,42.96,0.94,0.11,246.51,55.62,5.49,71.82,0,1.25,82.2,2,36.13,80.43,91.23
2022-05-20T00:00:00+00:00,synthetic,fire,4,70,0,11.63,28.41,13.92,25.72,25.0,58.59,0.92,0.05,663.6,217.7,5.21,99.1,4,0,35.59,3,35.25,73.0,87.88
2022-05-21T00:00:00+00:00,synthetic,landslide,2,21,0,1.94,34.48,13.89,16.57,25.32,81.21,2.34,0.82,1154.68,44.93,4.53,57.43,0,1.41,73.77,1,29.84,87.82,84.15
2022-05-22T00:00:00+00:00,synthetic,flood,4,2,7.28,245.33,77.87,32.6,47.93,32.86,94.49,4.75,0.8,1524.18,1,1.5,73.48,8,0,38.4,3,70.77,74.56,98.29
2022-05-23T00:00:00+00:00,synthetic,fire,3,38,2.72,8.51,22.55,41.09,44.63,35.65,37.58,0.59,-0.03,680.9,61.1,5.45,61.99,5,0,37.63,2,27.63,95.14,72.49
2022-05-24T00:00:00+00:00,synthetic,earthquake,3,16,0,47.02,38.49,3.68,7.84,23.96,80.62,1.51,-0.26,1357.29,200.95,12.69,50.52,8,2.18,19.87,2,36.83,78.28,84.31
2022-05-25T00:00:00+00:00,synthetic,earthquake,3,11,1.73,16.22,22.6,11.2,19.96,34.44,75.49,0.73,-0.1,2628.87,1,6.53,47.47,5,4.13,34.05,2,39.97,72.96,93.89
2022-05-26T00:00:00+00:00,synthetic,flood,2,62,39.53,278.29,88.46,29.47,50.36,25.99,94.59,6.29,0.06,1354.14,8.61,19.72,79.79,3,0,19.06,1,47.55,72.96,80.3
2022-05-27T00:00:00+00:00,synthetic,fire,4,12,0.86,8.59,23.79,18.56,33.23,24.79,56.96,0,0.02,348.81,1,32.95,67.36,0,0,80.41,3,39.62,94.46,73.16
2022-05-28T00:00:00+00:00,synthetic,other,2,7,10.47,24.9,35.39,23.98,36.39,29.25,45.62,1.0,-0.02,1743.52,83.33,13.56,57.91,1,0,33.84,1,17.76,70.48,56.82
2022-05-29T00:00:00+00:00,synthetic,landslide,2,4,0,50.81,36.82,16.42,18.97,35.83,90.91,1.61,-0.06,2614.69,190.69,2.14,65.28,1,0,20.89,1,18.38,78.82,59.12
2022-05-30T00:00:00+00:00,synthetic,cyclone,4,49,19.99,350.46,100,154.65,184.88,21.09,97.9,4.68,0.85,2751.64,149.63,11.68,79.23,8,0,58.29,3,87.18,75.77,99.49
2022-05-31T00:00:00+00:00,synthetic,landslide,3,14,21.63,271.33,100,3.98,23.84,37.19,84.41,0.92,-0.12,747.02,142.27,13.76,67.48,10,0.55,45.48,2,65.82,85.22,95.18
2022-06-01T00:00:00+00:00,synthetic,fire,4,67,0.31,5.48,21.31,15.18,36.06,29.31,91.44,0.5,-0.03,157.71,1,6.26,74.78,0,0,49.23,3,33.36,84.3,83.8
2022-06-02T00:00:00+00:00,synthetic,extreme_rain,3,68,34.31,273.4,86.5,0,5.76,25.14,54.81,6.92,0.62,951.1,31.0,5.91,55.65,5,0,55.53,2,65.92,70.2,89.86
2022-06-03T00:00:00+00:00,synthetic,cyclone,2,13,82.52,302.13,86.31,101.45,133.8,28.55,46.53,2.06,0.25,1754.0,181.26,8.45,80.21,2,0,51.63,1,56.4,79.34,91.92
2022-06-04T00:00:00+00:00,synthetic,landslide,2,85,5.27,0,41.38,11.33,23.83,17.87,95.21,1.36,0.25,889.47,64.69,23.19,68.29,1,1.69,44.65,1,23.15,75.65,67.57
2022-06-05T00:00:00+00:00,synthetic,cyclone,2,9,11.96,34.33,29.95,87.6,114.06,37.71,41.79,5.03,0.92,1157.69,16.48,4.12,39.68,5,0,12.52,1,22.99,90.49,82.35
2022-06-06T00:00:00+00:00,synthetic,cyclone,4,194,6.84,0,21.22,90.7,154.41,28.92,57.57,4.5,0.02,831.87,75.5,0.87,54.59,1,0,38.9,3,31.9,97.5,98.87
2022-06-07T00:00:00+00:00,synthetic,fire,3,14,2.41,10.09,16.23,3.87,22.77,31.95,62.41,0,-0.03,1366.71,164.54,3.51,58.45,0,0,41.15,2,24.49,72.47,78.7
2022-06-08T00:00:00+00:00,synthetic,flood,2,44,11.49,43.26,34.83,18.99,18.99,28.14,95.91,4.1,0.05,1919.72,83.16,0.65,93.27,2,0,24.18,1,19.42,81.55,69.0
2022-06-09T00:00:00+00:00,synthetic,earthquake,1,12,4.28,36.4,25.91,0,7.47,16.45,35.3,0.95,0.14,1501.86,103.47,7.16,81.73,0,2.8,56.99,0,23.72,77.21,60.11
2022-06-10T00:00:00+00:00,synthetic,other,3,41,9.63,24.07,29.58,17.72,36.79,27.7,35.66,1.31,0.14,12575.67,120.37,3.68,100,1,0.16,47.39,2,29.4,90.78,90.36
2022-06-11T00:00:00+00:00,synthetic,flood,4,29,4.47,100.02,40.67,11.93,23.36,33.81,90.69,1.94,0.27,384.79,34.81,18.68,52.1,0,0,59.8,3,48.12,98.51,89.35
2022-06-12T00:00:00+00:00,synthetic,cyclone,1,23,73.06,277.21,91.07,88.92,111.7,13.46,83.42,3.9,0.57,1458.16,87.74,4.01,49.7,1,0,68.75,0,49.27,91.75,90.29
2022-06-13T00:00:00+00:00,synthetic,flood,2,47,16.89,0,1.22,38.58,59.13,30.4,68.3,1.96,-0.07,559.89,27.46,0.46,74.77,2,0,57.03,1,19.54,86.71,82.24
2022-06-14T00:00:00+00:00,synthetic,landslide,3,57,19.07,79.67,42.23,17.89,26.77,27.96,59.32,1.74,0.32,767.81,206.67,0.25,46.13,1,0.69,81.99,2,44.77,90.57,89.61
2022-06-15T00:00:00+00:00,synthetic,fire,2,33,0,8.58,23.66,5.92,35.12,24.38,63.98,0.23,-0.06,285.78,223.67,49.41,100,5,0,42.22,1,20.32,91.32,22.99
2022-06-16T00:00:00+00:00,synthetic,cyclone,4,25,87.95,0,35.79,99.29,144.07,21.93,80.95,6.98,1.2,3488.6,1,1.0,92.68,1,0,45.79,3,39.02,93.52,94.73
2022-06-17T00:00:00+00:00,synthetic,earthquake,3,2,8.09,15.23,14.79,8.57,13.3,29.29,78.72,1.06,-0.15,2984.39,124.65,0.37,74.67,0,4.92,69.8,2,44.4,81.58,96.88
2022-06-18T00:00:00+00:00,synthetic,extreme_rain,3,10,35.64,287.9,78.17,2.48,9.87,29.2,39.12,9.07,0.15,288.74,1,10.07,45.37,3,0,47.29,2,62.2,70.64,90.9
2022-06-19T00:00:00+00:00,synthetic,other,4,19,5.6,61.43,52.36,26.16,29.04,35.7,45.29,0.54,0.25,1404.0,187.74,2.89,58.94,0,1.05,33.18,3,41.71,73.55,94.89
2022-06-20T00:00:00+00:00,synthetic,cyclone,2,27,2.51,323.55,100,76.75,135.31,27.39,56.66,2.86,0.14,2659.64,193.51,4.07,68.69,2,0,41.21,1,56.54,80.19,95.06
2022-06-21T00:00:00+00:00,synthetic,flood,4,169,23.14,112.81,46.49,13.53,30.36,23.71,45.65,5.12,0.62,2786.5,9.76,0.61,27.4,2,0,46.09,3,50.54,95.54,97.65
2022-06-22T00:00:00+00:00,synthetic,landslide,2,74,0,151.34,55.66,13.98,27.28,22.13,78.8,2.18,0.22,865.46,1,14.39,72.36,2,0.06,43.69,1,36.9,78.11,79.15
2022-06-23T00:00:00+00:00,synthetic,fire,4,78,1.28,1.38,15.36,9.29,15.94,33.9,85.79,0.86,0.05,1073.95,140.47,17.12,76.61,2,0,40.89,3,33.39,73.21,84.76
2022-06-24T00:00:00+00:00,synthetic,flood,3,60,39.49,157.83,65.19,14.79,31.49,26.57,62.28,4.66,0.17,548.6,104.8,6.64,79.23,6,0,48.78,2,49.36,90.57,87.25
2022-06-25T00:00:00+00:00,synthetic,landslide,4,38,7.13,226.43,82.54,24.88,30.94,31.91,96.28,2.13,0.12,446.67,108.22,1.43,65.2,0,0.77,50.96,3,63.25,91.0,97.76
2022-06-26T00:00:00+00:00,synthetic,extreme_rain,3,15,18.85,69.16,27.66,19.4,41.34,29.91,38.88,5.95,-0.08,1403.65,79.34,1.93,86.55,0,0,68.44,2,36.22,84.82,87.28
2022-06-27T00:00:00+00:00,synthetic,extreme_rain,4,49,46.07,208.42,86.3,26.74,35.57,30.07,65.81,1.29,0.62,2184.4,230.67,9.09,64.09,0,0,22.07,3,56.1,86.38,92.55
2022-06-28T00:00:00+00:00,synthetic,extreme_rain,4,14,26.78,276.15,100,7.14,23.09,23.27,35.88,5.8,0.49,1015.87,80.43,0.2,51.22,0,0,20.36,3,63.24,93.74,95.06
2022-06-29T00:00:00+00:00,synthetic,extreme_rain,2,9,26.53,104.74,36.9,29.25,44.18,22.97,41.68,5.32,0.32,2147.9,140.41,4.84,92.86,1,0,58.78,1,33.54,98.59,74.06
2022-06-30T00:00:00+00:00,synthetic,extreme_rain,1,19,3.28,153.26,40.4,21.43,27.6,23.38,96.14,4.45,1.23,1932.75,24.81,0.97,73.96,0,0,39.27,0,31.63,71.89,73.49
2022-07-01T00:00:00+00:00,synthetic,fire,3,136,0.23,8.74,9.41,47.88,51.79,22.85,73.39,0.83,-0.03,694.44,130.5,16.25,43.18,8,0,50.14,2,32.34,94.4,88.6
2022-07-02T00:00:00+00:00,synthetic,landslide,2,191,0,189.68,79.5,26.99,42.64,30.51,74.88,3.19,0.29,2583.45,45.36,4.18,75.47,0,0.49,10.12,1,35.5,79.82,90.89
2022-07-03T00:00:00+00:00,synthetic,other,4,40,6.64,7.35,28.29,0,3.68,28.16,75.57,0.38,0.1,1170.34,81.3,8.44,87.48,4,0.44,40.97,3,37.29,82.64,83.01
2022-07-04T00:00:00+00:00,synthetic,earthquake,2,6,0,39.59,20.82,1.9,7.16,23.82,69.66,1.59,0.17,1015.86,22.78,0.96,78.91,5,4.54,42.2,1,38.79,88.87,87.6
2022-07-05T00:00:00+00:00,synthetic,extreme_rain,3,4,44.36,109.16,55.48,6.97,16.58,30.96,57.5,5.12,-0.05,3190.01,1,4.81,78.86,0,0,40.14,2,36.08,72.43,88.82
2022-07-06T00:00:00+00:00,synthetic,earthquake,1,26,6.06,30.12,21.57,9.27,13.48,27.93,49.66,0.18,-0.18,2353.87,91.64,5.71,95.84,0,3.41,52.88,0,22.47,74.58,77.17
2022-07-07T00:00:00+00:00,synthetic,other,3,25,8.41,63.37,40.64,6.47,18.11,27.35,74.54,0.24,0.14,528.48,105.37,3.01,100,1,0.37,65.05,2,37.94,88.68,77.97
2022-07-08T00:00:00+00:00,synthetic,earthquake,2,17,4.4,7.56,6.37,16.53,20.31,24.63,70.92,0.71,0.05,1647.42,1,1.43,68.64,0,3.71,56.09,1,30.4,92.42,90.89
2022-07-09T00:00:00+00:00,synthetic,other,3,73,3.46,17.41,11.54,2.33,11.96,23.76,89.01,0.5,0.0,2989.57,330.21,2.78,94.31,0,0.53,42.31,2,27.32,77.46,77.82
2022-07-10T00:00:00+00:00,synthetic,cyclone,1,20,121.08,222.73,70.9,92.18,134.16,29.47,43.94,5.03,0.86,657.71,86.76,24.77,69.11,0,0,25.71,0,35.64,83.71,74.07
2022-07-11T00:00:00+00:00,synthetic,other,4,14,5.66,55.23,32.41,0,10.73,23.75,60.04,0.82,-0.11,1932.11,219.8,2.23,51.85,0,0,38.33,3,36.97,81.32,87.73
2022-07-12T00:00:00+00:00,synthetic,flood,1,62,0,143.35,66.69,15.34,28.23,27.09,90.03,0,0.89,616.72,88.55,2.22,66.21,5,0,47.08,0,34.13,95.06,78.96
2022-07-13T00:00:00+00:00,synthetic,fire,1,6,0,3.18,12.95,25.54,31.79,24.67,96.96,0.52,-0.08,1209.12,237.55,5.45,53.24,0,0,31.9,0,5.74,93.02,34.62
2022-07-14T00:00:00+00:00,synthetic,landslide,2,17,24.49,0,29.65,10.57,25.47,32.89,47.97,0.75,0.26,1166.95,1,6.87,51.75,4,0,30.5,1,17.99,90.8,74.01
2022-07-15T00:00:00+00:00,synthetic,flood,2,168,43.47,241.0,63.8,17.25,20.86,17.85,48.8,0.31,0.84,3106.11,60.73,10.85,54.06,4,0,46.21,1,52.63,80.53,93.0
2022-07-16T00:00:00+00:00,synthetic,fire,3,26,0.6,0.34,26.3,43.05,61.06,31.17,48.05,0,0.01,1612.93,233.18,9.87,65.98,2,0,57.96,2,28.13,94.83,82.11
2022-07-17T00:00:00+00:00,synthetic,extreme_rain,3,15,19.53,215.79,71.42,14.83,23.75,26.47,79.14,4.66,0.75,544.48,175.12,6.24,45.36,0,0,48.73,2,54.41,95.84,90.72
2022-07-18T00:00:00+00:00,synthetic,fire,3,144,1.34,6.16,29.66,33.45,57.95,23.45,64.56,0,-0.06,513.76,1,0.68,70.98,2,0,82.67,2,32.93,79.69,93.12
2022-07-19T00:00:00+00:00,synthetic,cyclone,4,24,69.81,270.04,74.22,125.2,163.04,16.23,53.48,1.13,0.81,928.11,84.07,3.44,93.36,0,0,31.77,3,66.16,74.88,98.66
2022-07-20T00:00:00+00:00,synthetic,earthquake,2,12,4.48,13.02,17.41,0,14.1,18.14,94.73,0.56,-0.15,1417.26,7.23,1.77,80.68,5,5.25,24.82,1,33.0,73.48,87.87
2022-07-21T00:00:00+00:00,synthetic,landslide,2,85,30.85,331.21,100,8.92,21.1,23.83,92.91,3.21,0.14,392.88,56.8,2.29,52.35,0,0.66,37.62,1,57.2,97.2,96.62
2022-07-22T00:00:00+00:00,synthetic,landslide,2,18,26.64,231.7,89.47,10.94,10.94,27.12,84.65,2.41,-0.08,1787.64,1,1.85,81.95,0,1.48,65.83,1,51.68,73.38,92.06
2022-07-23T00:00:00+00:00,synthetic,extreme_rain,2,5,15.79,274.6,95.04,14.84,34.26,24.82,82.91,2.8,1.0,1055.81,151.33,6.9,90.18,4,0,71.77,1,62.09,84.33,88.11
2022-07-24T00:00:00+00:00,synthetic,flood,2,6,5.59,106.54,34.95,13.39,31.75,22.36,82.59,4.08,-0.27,2894.12,1,9.67,47.59,0,0,18.46,1,22.76,74.72,78.63
2022-07-25T00:00:00+00:00,synthetic,cyclone,3,332,0.14,196.58,57.47,50.98,90.54,22.23,64.6,7.41,1.01,457.71,46.52,30.23,95.6,1,0,59.08,2,56.06,84.63,94.66
2022-07-26T00:00:00+00:00,synthetic,other,1,29,11.32,1.3,11.69,4.55,8.04,36.05,70.66,0.46,-0.16,1168.27,19.44,2.03,68.37,0,0,60.81,0,10.28,80.46,49.91
2022-07-27T00:00:00+00:00,synthetic,earthquake,2,85,0,36.46,39.81,6.22,6.92,26.69,80.53,1.59,-0.05,4150.26,147.27,8.73,95.47,2,3.3,51.29,1,32.83,78.74,82.37
2022-07-28T00:00:00+00:00,synthetic,landslide,2,40,21.76,383.84,100,10.37,14.74,37.5,63.65,2.31,0.11,319.94,218.06,2.04,100,10,0.72,37.35,1,71.5,99.73,89.93
2022-07-29T00:00:00+00:00,synthetic,cyclone,2,7,7.34,297.59,98.71,103.18,154.13,24.45,41.04,2.84,0.36,813.95,60.51,0.92,73.67,0,0,0,1,45.49,92.29,95.52
2022-07-30T00:00:00+00:00,synthetic,fire,2,25,0.83,8.95,14.0,25.31,32.19,28.7,86.98,1.01,-0.01,1600.64,223.12,2.17,37.36,0,0,32.55,1,14.9,76.09,66.84
2022-07-31T00:00:00+00:00,synthetic,cyclone,1,12,88.34,308.16,91.96,69.09,126.05,33.25,63.11,5.13,0.08,442.79,44.57,15.57,82.66,0,0,36.99,0,44.03,76.97,82.58
2022-08-01T00:00:00+00:00,synthetic,other,2,33,0,88.08,29.34,20.21,23.05,24.0,79.32,1.54,-0.1,3073.34,115.99,2.72,48.74,1,0.86,16.47,1,24.39,88.03,74.42
2022-08-02T00:00:00+00:00,synthetic,extreme_rain,3,106,13.55,78.99,35.64,13.16,32.27,27.69,63.06,2.85,0.54,1970.62,53.2,8.74,64.79,0,0,28.0,2,33.21,82.72,88.36
2022-08-03T00:00:00+00:00,synthetic,fire,4,61,0.97,9.6,19.38,18.78,31.35,32.54,63.55,0,0.13,3086.87,83.5,17.33,62.2,0,0,42.84,3,33.5,78.79,93.04
2022-08-04T00:00:00+00:00,synthetic,other,3,13,0,67.77,38.07,16.67,26.28,28.28,84.08,1.28,0.14,966.26,1,0.2,93.74,0,0.88,38.46,2,34.43,86.6,81.79
2022-08-05T00:00:00+00:00,synthetic,earthquake,3,30,0,28.07,12.54,9.52,29.3,25.19,50.48,0.6,0.1,1103.85,104.99,1.19,74.25,0,4.65,69.48,2,46.34,75.25,95.85
2022-08-06T00:00:00+00:00,synthetic,flood,2,33,15.56,76.3,36.91,23.37,36.91,22.54,60.53,3.54,0.34,2382.7,42.58,4.4,32.69,2,0,10.13,1,22.26,77.54,64.39
2022-08-07T00:00:00+00:00,synthetic,fire,3,21,2.48,14.56,27.77,60.8,82.89,24.26,85.01,0.46,0.01,306.64,80.16,10.44,57.46,3,0,19.59,2,23.72,81.89,82.42
2022-08-08T00:00:00+00:00,synthetic,landslide,2,19,25.42,188.85,55.86,7.25,18.66,36.22,65.21,0.93,0.36,1014.24,1,7.42,47.79,1,1.28,55.98,1,47.16,80.57,88.54
2022-08-09T00:00:00+00:00,synthetic,landslide,1,31,1.01,127.2,65.06,16.26,25.98,21.69,82.79,3.1,0.37,796.1,1,2.98,91.42,0,0,20.73,0,20.82,83.0,39.29
2022-08-10T00:00:00+00:00,synthetic,cyclone,4,14,85.81,278.73,96.36,173.79,219.95,28.11,95.07,4.65,0.06,814.46,72.87,17.26,79.91,0,0,30.07,3,63.16,75.83,99.39
2022-08-11T00:00:00+00:00,synthetic,cyclone,2,61,53.64,472.23,100,0,11.0,25.23,69.52,6.57,0.35,1432.89,1,2.94,41.23,3,0,29.38,1,74.09,97.04,96.74
2022-08-12T00:00:00+00:00,synthetic,extreme_rain,3,456,5.09,282.25,85.32,24.82,29.64,29.12,85.51,1.07,0.31,165.87,1,19.69,75.79,0,0,100,2,69.44,77.73,96.79
2022-08-13T00:00:00+00:00,synthetic,other,2,22,7.55,59.96,38.56,15.15,34.01,31.78,62.23,1.3,-0.15,1249.32,1,1.94,38.62,2,1.09,10.98,1,21.29,82.43,64.26
2022-08-14T00:00:00+00:00,synthetic,flood,2,11,24.43,86.83,44.49,28.79,61.13,34.11,44.45,5.66,0.26,678.32,76.19,11.43,57.48,2,0,68.14,1,33.57,82.86,78.75
2022-08-15T00:00:00+00:00,synthetic,flood,1,2,32.55,319.03,100,12.57,35.14,27.1,93.12,2.58,0.33,2494.61,122.96,0.64,77.87,0,0,59.84,0,50.73,93.69,83.66
2022-08-16T00:00:00+00:00,synthetic,fire,3,7,1.01,8.61,20.05,35.9,49.3,25.42,64.78,0.09,-0.0,1946.87,40.44,10.48,49.01,0,0,42.81,2,24.72,83.58,86.18
2022-08-17T00:00:00+00:00,synthetic,cyclone,3,45,50.18,144.22,61.25,56.55,110.72,26.31,55.96,7.73,0.91,916.87,1,0.26,100,0,0,59.72,2,48.58,79.6,95.99
2022-08-18T00:00:00+00:00,synthetic,landslide,3,89,1.15,154.88,52.64,24.01,41.13,32.41,76.47,0.95,0.51,1055.71,123.35,0.48,79.77,0,0.39,54.2,2,48.04,81.92,93.85
2022-08-19T00:00:00+00:00,synthetic,extreme_rain,4,12,30.78,48.63,38.19,14.12,16.81,27.16,57.73,5.33,-0.13,865.22,171.49,4.79,86.66,0,0,48.73,3,37.96,80.29,86.08
2022-08-20T00:00:00+00:00,synthetic,cyclone,2,98,33.45,227.95,86.71,65.9,95.83,21.76,80.3,1.29,0.8,1112.73,373.4,6.64,33.4,2,0,0.11,1,40.98,86.41,90.25
2022-08-21T00:00:00+00:00,synthetic,cyclone,1,91,68.12,216.66,95.15,13.25,22.57,19.62,77.11,4.92,0.79,711.44,1,12.6,52.2,0,0,41.11,0,37.36,87.39,77.83
2022-08-22T00:00:00+00:00,synthetic,fire,2,2,0.82,12.12,35.74,14.54,28.75,31.74,48.45,1.12,0.03,1223.57,1,11.08,69.51,2,0,35.63,1,17.62,89.84,76.33
2022-08-23T00:00:00+00:00,synthetic,earthquake,2,19,5.46,0,19.74,11.24,15.54,19.77,57.77,1.62,-0.07,1063.49,63.13,18.72,68.7,0,4.37,32.92,1,26.69,92.95,81.79
2022-08-24T00:00:00+00:00,synthetic,earthquake,4,434,6.88,20.87,35.52,11.09,31.22,29.05,84.71,1.81,-0.05,416.95,227.82,10.58,91.2,1,4.19,66.38,3,51.56,80.6,96.97
2022-08-25T00:00:00+00:00,synthetic,fire,3,13,1.66,0.12,5.91,44.58,50.07,30.74,83.88,0.4,0.01,2779.34,1,6.99,75.47,0,0,66.48,2,28.03,82.07,77.78
2022-08-26T00:00:00+00:00,synthetic,landslide,4,28,22.37,339.0,86.52,39.02,56.73,33.62,61.18,2.24,-0.16,711.39,253.68,1.55,89.09,0,0.85,50.72,3,75.56,95.13,99.21
2022-08-27T00:00:00+00:00,synthetic,earthquake,1,1,1.67,35.46,46.06,3.03,8.27,36.52,38.46,0.77,0.11,1755.05,58.19,12.62,66.73,0,4.24,30.87,0,23.08,79.01,62.75
2022-08-28T00:00:00+00:00,synthetic,landslide,2,66,4.19,0,16.28,29.24,29.24,37.26,83.38,2.81,0.25,441.53,62.24,1.43,78.16,1,1.36,51.0,1,23.3,79.55,76.12
2022-08-29T00:00:00+00:00,synthetic,flood,3,53,49.89,171.22,56.55,11.1,22.56,27.02,92.89,5.26,0.48,2829.95,307.12,6.03,64.48,2,0,29.36,2,45.83,82.61,92.97
2022-08-30T00:00:00+00:00,synthetic,extreme_rain,4,24,12.81,49.65,46.94,21.37,36.05,19.06,42.98,6.85,0.5,2254.14,76.34,2.85,85.96,3,0,86.08,3,50.36,92.14,96.13
2022-08-31T00:00:00+00:00,synthetic,other,3,58,6.8,67.4,45.3,14.94,18.99,21.07,53.12,0.37,0.06,1175.44,123.16,1.5,95.89,1,0.34,33.63,2,32.27,77.47,69.04
2022-09-01T00:00:00+00:00,synthetic,other,3,67,12.23,4.93,0.78,19.44,27.46,26.59,35.18,0.97,0.19,332.52,1,1.84,70.0,0,0,51.18,2,26.74,76.31,89.11
2022-09-02T00:00:00+00:00,synthetic,flood,3,88,26.68,148.82,59.71,22.23,44.14,33.76,76.73,3.71,0.59,766.45,231.75,7.98,58.68,2,0,49.67,2,47.33,84.7,92.39
2022-09-03T00:00:00+00:00,synthetic,earthquake,3,31,0,15.92,20.32,13.91,24.14,28.2,49.13,1.2,-0.08,517.95,64.37,10.26,80.99,1,1.9,45.58,2,32.21,76.03,79.94
2022-09-04T00:00:00+00:00,synthetic,other,2,40,3.91,79.33,52.67,18.59,37.25,29.78,52.82,0.68,0.09,1208.93,89.43,2.22,52.42,3,0.76,14.94,1,25.34,94.29,79.3
2022-09-05T00:00:00+00:00,synthetic,other,3,115,2.05,118.17,65.49,5.74,23.78,36.03,71.93,0.57,0.13,1965.27,74.09,1.5,69.6,0,0,33.22,2,36.81,88.87,88.0
2022-09-06T00:00:00+00:00,synthetic,extreme_rain,2,7,31.33,14.97,29.69,11.49,26.42,30.9,37.76,3.17,0.34,1041.32,36.84,22.11,81.2,0,0,67.9,1,23.71,84.01,58.8
2022-09-07T00:00:00+00:00,synthetic,cyclone,3,16,46.64,218.52,78.84,72.37,105.29,22.2,94.11,2.71,-0.54,6510.53,121.62,18.0,65.04,2,0,57.64,2,51.5,77.24,94.75
2022-09-08T00:00:00+00:00,synthetic,fire,3,11,0.3,0.21,27.69,49.04,61.57,29.28,36.69,0.15,-0.06,849.88,1,2.28,49.63,1,0,34.05,2,22.63,72.93,78.03
2022-09-09T00:00:00+00:00,synthetic,extreme_rain,1,67,0,68.94,27.8,18.3,34.72,18.55,87.59,5.31,1.01,812.64,1,0.22,77.8,3,0,41.9,0,23.26,82.95,64.37
2022-09-10T00:00:00+00:00,synthetic,extreme_rain,3,58,53.71,231.62,72.81,9.3,30.3,23.41,91.64,3.76,0.41,643.54,108.54,2.17,100,1,0,16.7,2,49.64,97.51,93.76
2022-09-11T00:00:00+00:00,synthetic,earthquake,3,16,5.77,22.34,3.26,0,1.9,28.75,78.75,1.86,-0.0,251.74,154.96,10.34,88.22,1,2.79,47.56,2,36.38,97.02,79.46
2022-09-12T00:00:00+00:00,synthetic,landslide,3,65,8.39,167.91,74.57,7.99,11.13,25.68,65.9,0.77,0.45,1169.97,31.37,5.21,68.18,0,1.32,43.24,2,50.15,95.14,92.45
2022-09-13T00:00:00+00:00,synthetic,landslide,3,19,17.68,99.93,37.75,13.82,22.19,26.65,45.39,1.21,0.02,147.01,1,0.21,73.04,3,0.54,10.36,2,33.99,92.27,71.97
2022-09-14T00:00:00+00:00,synthetic,extreme_rain,2,9,10.58,100.8,48.48,41.02,66.44,25.97,45.03,3.57,0.72,2599.38,201.56,8.89,85.55,2,0,43.74,1,33.15,86.37,69.49
2022-09-15T00:00:00+00:00,synthetic,landslide,1,84,26.89,52.96,37.69,17.35,29.38,23.8,75.11,1.23,-0.04,1952.55,1,4.41,74.16,0,0.55,73.08,0,20.97,72.66,76.31
2022-09-16T00:00:00+00:00,synthetic,extreme_rain,2,13,0,126.53,37.98,18.51,37.04,28.12,60.84,1.87,0.65,1555.16,171.49,3.29,41.57,0,0,38.77,1,33.42,95.68,83.77
2022-09-17T00:00:00+00:00,synthetic,cyclone,4,31,7.78,254.92,58.28,105.48,105.48,22.05,64.84,8.44,0.69,534.0,285.64,9.39,44.55,0,0,39.63,3,65.19,96.41,97.39
2022-09-18T00:00:00+00:00,synthetic,landslide,3,41,0,168.51,62.6,21.81,33.67,26.01,80.69,2.11,-0.06,382.24,116.52,7.75,67.75,0,0.85,24.69,2,42.92,85.85,91.75
2022-09-19T00:00:00+00:00,synthetic,landslide,4,40,0,422.37,100,24.91,40.68,26.13,47.08,3.55,0.25,2914.88,18.41,1.45,100,3,0.88,41.54,3,88.42,95.96,98.7
2022-09-20T00:00:00+00:00,synthetic,extreme_rain,3,105,25.49,146.74,80.05,16.46,36.97,29.02,38.88,2.52,0.65,1810.66,1,1.38,62.67,10,0,18.72,2,48.23,90.65,84.37
2022-09-21T00:00:00+00:00,synthetic,flood,4,66,11.66,292.18,88.97,19.96,39.32,21.66,64.39,5.66,0.39,1196.47,125.56,9.13,63.86,4,0,47.99,3,72.84,96.36,96.83
2022-09-22T00:00:00+00:00,synthetic,flood,2,22,0,98.65,35.77,13.48,23.59,30.56,66.54,4.85,0.85,6375.7,338.37,6.62,59.06,1,0,45.94,1,33.13,82.22,73.31
2022-09-23T00:00:00+00:00,synthetic,cyclone,3,38,28.21,40.28,42.37,92.08,125.45,27.13,86.85,9.4,0.76,846.39,156.46,0.2,51.31,2,0,30.69,2,31.75,87.88,90.15
2022-09-24T00:00:00+00:00,synthetic,extreme_rain,2,87,51.6,5.93,19.77,7.33,28.24,27.45,97.81,6.23,0.04,4496.1,28.67,2.42,66.08,0,0,26.99,1,13.79,75.84,76.47
2022-09-25T00:00:00+00:00,synthetic,other,1,81,2.58,0,13.92,23.83,34.27,22.77,84.82,0.35,-0.02,1147.76,187.44,9.62,82.18,3,0.13,20.23,0,6.33,71.39,46.15
2022-09-26T00:00:00+00:00,synthetic,extreme_rain,4,19,29.75,290.06,98.95,26.63,58.42,35.17,51.0,5.88,-0.21,2467.24,1,10.07,49.33,0,0,64.92,3,69.46,80.22,98.16
2022-09-27T00:00:00+00:00,synthetic,flood,2,103,9.01,193.92,76.37,29.9,29.9,27.87,49.96,1.83,0.59,2081.7,101.34,23.1,81.44,2,0,56.33,1,45.94,95.89,55.42
2022-09-28T00:00:00+00:00,synthetic,cyclone,1,8,8.02,204.6,50.26,103.27,120.59,25.79,51.08,2.56,0.41,2691.44,1,34.93,64.24,0,0,41.44,0,34.07,94.22,66.8
2022-09-29T00:00:00+00:00,synthetic,fire,2,65,0,6.31,1.39,14.19,27.14,25.25,58.07,0,-0.05,1316.78,1,6.42,66.56,9,0,15.12,1,18.43,81.52,65.96
2022-09-30T00:00:00+00:00,synthetic,cyclone,3,13,70.63,221.52,64.82,94.37,111.46,31.73,79.08,6.79,0.78,153.19,79.72,11.98,67.26,8,0,55.61,2,62.91,99.7,96.75
2022-10-01T00:00:00+00:00,synthetic,fire,1,8,0.41,10.02,7.99,29.32,49.11,26.13,86.58,0.75,-0.05,1362.75,1,7.6,91.84,5,0,29.14,0,10.2,78.54,42.51
2022-10-02T00:00:00+00:00,synthetic,flood,3,14,16.73,362.95,100,14.74,36.46,23.4,60.64,0.95,0.53,1922.98,224.32,6.25,52.93,1,0,68.31,2,75.31,72.18,98.12
2022-10-03T00:00:00+00:00,synthetic,other,3,72,8.94,49.36,53.55,11.18,24.2,19.52,45.35,1.88,0.07,2064.62,174.73,10.38,89.29,4,0,39.13,2,32.5,92.57,82.66
2022-10-04T00:00:00+00:00,synthetic,flood,1,30,53.17,148.8,62.15,20.7,32.8,24.38,53.46,2.18,0.54,3804.84,1,13.49,100,0,0,67.41,0,32.69,88.2,62.66
2022-10-05T00:00:00+00:00,synthetic,other,2,2,4.85,28.34,35.37,10.92,16.52,24.4,60.4,0.63,0.08,643.81,15.67,0.2,50.54,0,0,45.64,1,20.04,95.89,76.2
2022-10-06T00:00:00+00:00,synthetic,extreme_rain,3,27,21.11,180.9,61.58,20.18,33.94,28.13,49.62,4.79,1.02,2179.45,1,10.26,68.46,1,0,65.05,2,55.33,98.12,92.0
2022-10-07T00:00:00+00:00,synthetic,earthquake,4,27,6.53,1.03,0,29.02,31.54,32.11,69.41,2.26,0.1,1429.64,140.73,1.73,85.05,1,5.41,70.38,3,54.32,99.29,98.15
2022-10-08T00:00:00+00:00,synthetic,fire,1,19,1.76,8.42,28.85,23.28,40.53,29.31,64.64,0.8,0.03,818.44,132.71,2.25,68.65,13,0,46.15,0,19.88,73.25,54.6
2022-10-09T00:00:00+00:00,synthetic,landslide,4,198,35.75,69.19,21.69,18.72,27.52,18.91,73.21,0.8,0.25,1808.84,1,1.5,21.81,0,1.2,38.43,3,44.08,77.02,96.45
2022-10-10T00:00:00+00:00,synthetic,fire,3,156,1.13,8.43,8.43,17.96,36.28,17.63,42.5,0.24,0.02,652.97,175.5,4.18,68.52,3,0,21.75,2,23.41,84.35,75.22
2022-10-11T00:00:00+00:00,synthetic,flood,3,32,41.63,0,13.65,28.15,42.99,31.5,97.3,6.71,0.43,1940.12,13.63,6.94,65.02,12,0,55.4,2,37.73,98.11,79.09
2022-10-12T00:00:00+00:00,synthetic,extreme_rain,4,5,19.51,126.64,34.77,5.91,20.53,35.36,42.99,6.58,0.35,4495.98,6.34,5.35,64.53,2,0,31.68,3,48.26,97.56,91.91
2022-10-13T00:00:00+00:00,synthetic,other,4,56,0,35.53,27.8,6.07,10.79,23.74,63.47,1.16,-0.08,1112.39,250.01,2.88,97.15,3,0,16.9,3,33.32,86.37,77.1
2022-10-14T00:00:00+00:00,synthetic,fire,2,35,3.43,4.05,23.76,48.83,69.48,21.77,76.81,0.83,0.02,1025.85,155.98,19.02,67.98,1,0,39.11,1,16.41,83.84,52.59
2022-10-15T00:00:00+00:00,synthetic,cyclone,3,12,6.05,190.31,55.7,125.81,146.78,22.37,78.82,6.64,1.27,1060.59,117.26,8.01,48.53,0,0,26.22,2,49.88,96.49,96.98
2022-10-16T00:00:00+00:00,synthetic,extreme_rain,3,11,31.43,76.12,35.36,6.88,12.58,34.33,53.53,5.96,0.39,1960.95,15.65,19.05,79.71,1,0,34.01,2,34.0,89.15,60.87
2022-10-17T00:00:00+00:00,synthetic,extreme_rain,2,203,44.05,90.08,39.28,22.63,22.63,19.02,93.73,3.74,-0.28,3981.03,177.49,2.11,81.07,2,0,56.1,1,29.13,75.34,81.68
2022-10-18T00:00:00+00:00,synthetic,earthquake,3,57,0,63.78,20.89,14.18,31.28,28.61,47.23,1.8,0.32,1986.45,216.78,20.91,67.02,0,3.44,43.72,2,43.44,88.84,91.09
2022-10-19T00:00:00+00:00,synthetic,flood,3,13,6.57,307.57,93.5,14.49,37.25,26.35,87.14,1.06,0.46,2177.35,1,1.88,72.06,1,0,36.83,2,62.65,76.07,95.49
2022-10-20T00:00:00+00:00,synthetic,landslide,2,12,21.35,164.88,55.78,6.32,6.32,28.02,63.77,1.05,0.6,2590.07,185.79,7.22,47.15,0,0.9,78.76,1,47.67,88.47,90.06
2022-10-21T00:00:00+00:00,synthetic,flood,1,20,10.71,13.64,15.61,26.56,28.96,21.88,95.2,1.47,0.22,1146.24,92.97,15.46,51.84,6,0,3.66,0,8.2,95.92,34.22
2022-10-22T00:00:00+00:00,synthetic,cyclone,2,18,0,209.24,63.94,83.62,122.28,20.29,46.2,2.95,0.87,2979.13,1,6.21,65.79,8,0,50.04,1,52.86,73.87,94.95
2022-10-23T00:00:00+00:00,synthetic,cyclone,4,77,101.48,10.48,10.06,80.64,117.69,17.41,39.36,5.81,0.21,382.83,113.99,0.98,100,5,0,72.81,3,43.42,70.17,97.21
2022-10-24T00:00:00+00:00,synthetic,earthquake,2,43,0,32.96,9.29,11.1,11.1,28.93,53.44,0.51,-0.12,1961.03,175.94,1.09,96.82,6,4.26,37.96,1,35.78,82.4,90.46
2022-10-25T00:00:00+00:00,synthetic,extreme_rain,2,202,0,244.98,87.41,16.43,34.22,32.96,35.45,4.08,-0.17,1820.22,180.07,5.49,81.91,0,0,15.11,1,39.26,79.15,83.48
2022-10-26T00:00:00+00:00,synthetic,flood,2,35,45.04,307.89,100,10.02,16.02,23.21,96.32,5.19,0.72,1328.04,150.56,3.62,62.76,0,0,16.53,1,51.52,86.86,87.86
2022-10-27T00:00:00+00:00,synthetic,earthquake,2,155,4.69,10.58,32.43,0,4.2,30.87,38.99,1.07,0.23,581.17,1,3.49,60.35,1,6.23,53.96,1,39.64,90.62,96.12
2022-10-28T00:00:00+00:00,synthetic,landslide,2,83,0,246.97,89.31,11.54,19.63,24.37,91.49,2.26,0.57,947.84,55.1,0.74,55.63,4,0.79,52.87,1,55.55,79.75,92.95
2022-10-29T00:00:00+00:00,synthetic,earthquake,2,21,3.27,25.59,21.75,4.05,14.27,30.82,86.08,0.5,-0.28,2333.06,142.39,11.56,61.49,0,6.21,69.31,1,40.76,93.25,94.22
2022-10-30T00:00:00+00:00,synthetic,cyclone,1,38,31.79,147.1,49.96,116.7,130.51,18.1,43.71,7.13,0.28,548.22,1,9.98,49.01,6,0,42.29,0,31.45,98.54,84.93
2022-10-31T00:00:00+00:00,synthetic,cyclone,2,33,35.75,305.2,94.91,140.6,186.06,25.05,48.27,6.28,-0.07,2244.3,1,19.66,61.79,5,0,21.41,1,52.12,92.2,95.89
2022-11-01T00:00:00+00:00,synthetic,extreme_rain,3,12,37.3,27.17,8.89,0,10.04,22.32,93.5,3.08,0.6,286.46,108.97,4.32,54.78,1,0,79.4,2,37.36,72.81,86.74
2022-11-02T00:00:00+00:00,synthetic,other,2,94,9.66,77.02,42.56,7.88,13.48,37.92,44.15,1.21,-0.11,369.94,95.33,1.53,88.65,1,0.82,45.64,1,28.17,71.45,82.07
2022-11-03T00:00:00+00:00,synthetic,landslide,2,53,37.08,173.2,61.59,29.42,52.95,30.46,81.78,1.51,0.53,1435.47,38.28,17.12,75.69,0,0,41.23,1,38.83,85.87,82.49
2022-11-04T00:00:00+00:00,synthetic,fire,2,15,1.91,4.63,13.05,41.21,55.31,29.41,84.76,0.05,-0.06,1642.57,236.76,10.49,47.03,0,0,46.47,1,16.64,90.49,73.34
2022-11-05T00:00:00+00:00,synthetic,extreme_rain,3,23,0,101.42,27.72,15.51,33.32,26.75,93.63,5.67,0.05,1901.05,301.6,3.02,22.31,1,0,54.29,2,38.97,91.47,90.31
2022-11-06T00:00:00+00:00,synthetic,cyclone,4,10,22.07,175.34,66.11,105.73,136.46,23.24,84.05,4.2,0.15,931.67,26.88,2.57,85.25,6,0,46.11,3,58.89,70.77,99.11
2022-11-07T00:00:00+00:00,synthetic,fire,1,36,2.42,3.77,3.53,27.69,47.81,30.25,89.44,0.28,0.02,553.45,165.52,0.95,71.82,0,0,19.73,0,4.12,94.83,43.72
2022-11-08T00:00:00+00:00,synthetic,extreme_rain,1,1,16.5,130.01,45.78,21.41,35.97,22.34,56.93,2.79,-0.27,4622.29,95.18,3.85,50.41,3,0,31.21,0,22.27,78.55,54.97
2022-11-09T00:00:00+00:00,synthetic,other,3,411,7.11,63.25,43.96,18.55,23.3,27.18,45.2,0.67,0.06,1119.07,103.34,0.2,97.11,2,0.18,26.27,2,30.73,85.49,85.49
2022-11-10T00:00:00+00:00,synthetic,cyclone,4,9,22.02,287.69,100,56.93,102.63,23.89,95.09,5.07,0.63,1118.12,180.49,0.75,96.81,1,0,55.49,3,72.46,84.76,98.18
2022-11-11T00:00:00+00:00,synthetic,landslide,2,32,55.18,203.46,85.02,14.28,20.8,24.59,60.36,1.41,0.23,917.6,79.3,0.9,74.42,0,0.52,54.4,1,44.95,94.68,88.35
2022-11-12T00:00:00+00:00,synthetic,fire,1,16,3.53,1.51,20.96,32.65,49.91,30.64,65.6,0.65,-0.03,479.51,32.58,23.48,74.22,2,0,52.4,0,11.04,84.02,44.86
2022-11-13T00:00:00+00:00,synthetic,earthquake,3,115,10.47,37.73,28.96,13.16,13.61,33.49,75.73,0.96,0.11,1272.34,1,7.71,65.88,0,5.27,28.16,2,41.96,87.94,97.15
2022-11-14T00:00:00+00:00,synthetic,fire,2,52,1.47,10.53,28.29,3.55,9.05,26.64,65.23,0.27,-0.12,2201.34,1,5.69,65.1,1,0,64.84,1,21.14,77.99,73.48
2022-11-15T00:00:00+00:00,synthetic,landslide,3,11,18.94,279.01,76.77,18.13,25.42,26.25,48.5,0.52,0.09,281.33,95.67,12.1,63.72,0,0,73.87,2,63.23,71.53,93.72
2022-11-16T00:00:00+00:00,synthetic,fire,3,39,1.79,0.35,9.37,32.63,46.02,28.94,96.49,0.46,0.02,346.79,80.91,6.34,46.56,5,0,49.09,2,28.97,98.88,85.44
2022-11-17T00:00:00+00:00,synthetic,extreme_rain,3,4,28.99,28.47,18.99,16.69,28.99,23.37,96.92,2.59,0.25,909.3,10.69,0.9,67.67,7,0,63.07,2,37.61,99.18,84.4
2022-11-18T00:00:00+00:00,synthetic,earthquake,1,23,3.44,31.16,21.68,11.85,21.71,28.74,61.68,1.6,0.24,1267.17,101.84,7.31,79.11,5,2.94,50.91,0,26.92,97.11,62.49
2022-11-19T00:00:00+00:00,synthetic,landslide,3,9,0,0,25.16,1.86,18.04,25.79,65.71,2.38,-0.57,719.73,122.66,6.09,65.63,0,0.36,24.05,2,18.56,90.23,64.21
2022-11-20T00:00:00+00:00,synthetic,other,3,42,2.22,0,14.37,31.28,46.48,26.36,36.61,0.66,0.13,5810.3,1,18.25,65.64,2,0,29.42,2,23.57,83.59,83.29
2022-11-21T00:00:00+00:00,synthetic,earthquake,4,36,9.48,42.55,22.9,17.96,23.29,31.53,49.36,1.62,0.08,1403.55,76.99,24.02,69.86,8,5.04,47.82,3,59.63,71.23,94.7
2022-11-22T00:00:00+00:00,synthetic,fire,3,20,1.75,8.94,12.94,26.24,30.64,20.24,86.34,0,0.02,465.98,130.01,6.18,100,3,0,42.03,2,27.14,99.96,71.67
2022-11-23T00:00:00+00:00,synthetic,other,4,14,6.73,74.35,38.62,14.78,22.86,26.47,62.02,1.09,0.16,590.31,163.62,8.44,84.37,7,0.55,34.87,3,47.25,89.51,82.45
2022-11-24T00:00:00+00:00,synthetic,other,3,21,13.28,50.09,23.33,17.06,23.58,24.81,89.58,1.54,0.18,4878.29,144.92,5.41,79.96,3,0.5,27.83,2,31.82,83.85,89.53
2022-11-25T00:00:00+00:00,synthetic,cyclone,2,19,49.58,314.55,90.76,99.48,123.72,23.21,69.62,3.07,0.88,869.41,68.15,7.62,88.77,2,0,71.69,1,64.66,79.35,94.46
2022-11-26T00:00:00+00:00,synthetic,cyclone,2,42,15.94,308.17,100,75.37,115.21,32.22,57.13,5.68,0.56,1923.82,62.13,8.14,64.35,1,0,25.1,1,53.12,72.11,92.94
2022-11-27T00:00:00+00:00,synthetic,flood,2,24,0,223.1,78.04,18.22,22.03,23.02,53.82,4.39,0.87,297.45,3.9,3.33,91.51,0,0,73.87,1,52.4,99.14,77.77
2022-11-28T00:00:00+00:00,synthetic,earthquake,2,29,5.44,45.03,20.21,21.3,21.41,21.35,70.99,0.52,0.1,1877.82,1,0.2,73.91,1,4.39,28.3,1,32.99,93.48,94.06
2022-11-29T00:00:00+00:00,synthetic,earthquake,2,63,11.13,35.84,33.61,20.89,23.99,21.97,56.86,0,0.06,887.17,195.77,10.3,88.68,1,3.57,42.66,1,31.81,97.76,77.32
2022-11-30T00:00:00+00:00,synthetic,flood,4,83,8.82,0,22.98,21.79,41.74,34.04,41.29,4.69,0.59,6063.89,1,10.1,72.97,2,0,37.79,3,35.35,81.18,93.87
2022-12-01T00:00:00+00:00,synthetic,other,1,27,0,38.15,9.86,12.58,21.72,18.76,35.86,0.17,0.02,669.52,1,33.49,95.47,0,0.49,74.33,0,19.56,94.06,24.63
2022-12-02T00:00:00+00:00,synthetic,fire,1,11,1.91,11.27,17.48,3.35,10.6,31.12,64.06,0.76,0.03,637.31,1,9.31,82.32,1,0,32.85,0,8.19,80.51,22.9
2022-12-03T00:00:00+00:00,synthetic,other,3,81,0,17.9,28.15,25.77,32.83,32.38,56.33,0.5,0.04,2476.41,84.47,0.34,25.94,2,0.64,29.58,2,27.18,74.37,86.71
2022-12-04T00:00:00+00:00,synthetic,landslide,3,73,17.61,140.44,45.88,37.21,40.29,28.53,47.07,2.42,0.38,3668.75,225.29,16.2,60.19,2,0.51,53.12,2,47.42,94.98,86.47
2022-12-05T00:00:00+00:00,synthetic,cyclone,1,170,50.83,153.5,44.63,107.53,132.66,28.02,66.69,5.84,1.21,892.57,1,0.3,57.83,0,0,69.98,0,37.06,74.34,91.14
2022-12-06T00:00:00+00:00,synthetic,cyclone,3,40,82.42,325.65,100,119.64,182.58,24.73,51.5,3.89,0.75,929.92,140.22,5.05,87.28,11,0,53.59,2,77.3,71.6,99.3
2022-12-07T00:00:00+00:00,synthetic,cyclone,3,33,10.18,265.87,93.12,99.88,121.49,19.65,90.07,7.4,0.58,3121.44,29.43,11.28,63.53,2,0,32.01,2,58.17,92.06,98.05
2022-12-08T00:00:00+00:00,synthetic,other,3,39,4.87,6.85,14.77,14.18,23.9,36.06,89.3,0.36,0.17,3959.45,13.53,0.77,37.17,4,0,38.57,2,27.83,99.59,88.47
2022-12-09T00:00:00+00:00,synthetic,cyclone,3,37,34.57,73.02,38.26,144.54,158.56,16.05,70.69,4.97,1.09,473.23,340.91,29.55,99.66,2,0,25.05,2,36.34,99.5,87.89
2022-12-10T00:00:00+00:00,synthetic,cyclone,1,11,80.68,0,8.68,94.63,132.81,18.71,77.63,4.39,0.08,312.73,1,0.32,74.23,0,0,59.63,0,11.13,91.45,86.81
2022-12-11T00:00:00+00:00,synthetic,flood,4,9,25.5,143.23,36.11,20.4,28.08,24.44,54.49,3.46,0.72,1355.23,42.7,4.61,69.64,1,0,45.27,3,53.76,95.99,92.4
2022-12-12T00:00:00+00:00,synthetic,cyclone,2,15,16.74,425.97,100,78.18,78.18,29.52,39.65,5.14,0.72,1873.23,134.28,16.33,56.05,0,0,6.11,1,63.84,97.15,90.61
2022-12-13T00:00:00+00:00,synthetic,fire,2,3,2.09,3.88,23.29,46.44,46.44,27.81,82.89,0.51,0.01,1168.6,1,6.27,43.26,3,0,21.12,1,14.72,82.9,76.88
2022-12-14T00:00:00+00:00,synthetic,cyclone,2,27,46.25,402.11,100,57.22,81.18,27.64,57.94,2.68,1.26,575.84,1,5.84,56.88,1,0,74.38,1,76.73,81.13,95.92
2022-12-15T00:00:00+00:00,synthetic,cyclone,3,67,9.31,281.67,88.65,96.07,124.1,27.44,91.53,6.44,0.16,4020.86,1,1.45,54.15,0,0,70.14,2,63.23,81.06,99.61
2022-12-16T00:00:00+00:00,synthetic,landslide,1,77,40.09,103.58,48.59,19.94,29.41,25.82,43.68,1.23,0.48,903.74,88.33,0.54,38.95,2,0.12,35.72,0,23.22,77.99,72.57
2022-12-17T00:00:00+00:00,synthetic,landslide,4,90,0,361.83,100,25.19,25.19,34.89,42.96,3.85,0.08,1690.75,231.0,2.98,94.7,0,1.1,7.18,3,72.42,95.35,96.25
2022-12-18T00:00:00+00:00,synthetic,landslide,2,55,36.65,352.71,100,0,3.61,33.01,90.91,1.99,0.25,791.66,132.22,1.32,76.79,4,1.64,30.71,1,65.23,96.56,92.07
2022-12-19T00:00:00+00:00,synthetic,earthquake,3,52,1.34,38.63,37.86,9.56,19.12,28.68,70.43,1.01,-0.36,463.93,1,18.06,96.85,3,3.69,28.98,2,37.52,90.94,89.4
2022-12-20T00:00:00+00:00,synthetic,flood,1,59,37.75,218.15,75.32,29.59,29.73,28.84,35.93,6.71,0.32,142.08,90.82,5.9,64.27,0,0,52.51,0,37.25,98.71,68.6
2022-12-21T00:00:00+00:00,synthetic,earthquake,2,124,10.26,9.04,15.58,5.81,11.48,24.56,87.69,0.18,-0.25,1154.27,1,5.67,78.11,1,3.98,83.44,1,35.58,72.64,90.13
2022-12-22T00:00:00+00:00,synthetic,cyclone,1,9,37.58,268.17,78.82,120.77,160.01,35.6,80.89,2.68,1.06,418.84,1,5.77,60.22,0,0,35.92,0,43.94,83.14,93.76
2022-12-23T00:00:00+00:00,synthetic,cyclone,4,159,25.43,244.45,77.28,156.84,182.18,28.44,46.14,1.29,0.12,2017.77,100.26,6.21,75.54,0,0,76.21,3,67.63,94.01,99.72
2022-12-24T00:00:00+00:00,synthetic,fire,1,16,2.2,13.86,16.85,8.9,17.74,27.87,86.95,0.14,-0.07,986.71,116.44,0.36,54.03,1,0,66.42,0,14.09,87.82,63.24
2022-12-25T00:00:00+00:00,synthetic,cyclone,1,30,53.34,518.44,100,99.2,120.31,30.13,60.59,3.33,0.63,1707.05,5.19,1.07,79.59,1,0,15.66,0,69.0,88.63,97.4
2022-12-26T00:00:00+00:00,synthetic,landslide,4,44,34.35,72.71,35.11,34.88,36.11,31.11,89.36,4.06,0.18,2577.12,97.0,13.76,69.38,3,0,42.99,3,43.78,97.92,89.36
2022-12-27T00:00:00+00:00,synthetic,earthquake,4,28,9.71,23.93,17.92,4.6,6.4,30.56,82.31,0.79,-0.11,6650.14,99.52,4.36,30.5,3,5.62,30.51,3,51.08,71.97,98.57
2022-12-28T00:00:00+00:00,synthetic,flood,2,18,20.29,230.09,80.13,11.73,21.47,32.06,45.98,3.82,0.29,2712.36,260.88,0.52,62.35,0,0,71.23,1,49.9,86.36,92.81
2022-12-29T00:00:00+00:00,synthetic,earthquake,1,41,0.22,30.94,23.13,19.37,30.81,27.21,78.81,0.48,-0.14,1523.03,1,12.17,87.32,0,5.56,14.58,0,22.32,77.25,78.48
2022-12-30T00:00:00+00:00,synthetic,fire,3,8,0,5.95,21.79,27.58,44.08,27.61,66.07,0.84,0.07,371.13,1,13.12,77.83,1,0,56.82,2,28.11,99.56,75.88
2022-12-31T00:00:00+00:00,synthetic,earthquake,4,47,3.73,72.79,58.77,7.04,14.15,20.38,57.44,1.13,0.06,1945.9,108.92,13.57,96.65,0,5.33,58.87,3,59.66,70.17,98.01
2023-01-01T00:00:00+00:00,synthetic,other,1,19,9.26,83.12,36.05,18.54,36.93,22.5,84.77,0.77,-0.02,3144.97,335.31,2.85,71.56,9,0.49,60.35,0,29.43,86.29,74.95
2023-01-02T00:00:00+00:00,synthetic,earthquake,4,6,8.95,0,17.82,5.01,9.52,26.81,63.03,1.8,0.11,2028.47,112.14,3.23,62.82,1,4.71,43.96,3,47.38,72.73,96.77
2023-01-03T00:00:00+00:00,synthetic,earthquake,1,62,3.89,37.8,29.52,11.11,22.6,28.66,41.7,0.58,0.0,1388.34,201.98,0.93,57.88,2,6.52,43.15,0,33.45,73.36,91.53
2023-01-04T00:00:00+00:00,synthetic,fire,3,60,1.35,10.68,28.88,17.17,25.97,25.02,73.04,0.28,-0.01,1493.77,46.03,0.36,68.13,12,0,37.16,2,33.54,76.48,73.01
2023-01-05T00:00:00+00:00,synthetic,cyclone,2,1,75.74,193.08,68.32,68.65,99.83,31.07,43.03,7.47,1.6,4754.78,145.4,8.97,69.72,1,0,57.51,1,50.34,97.8,92.47
2023-01-06T00:00:00+00:00,synthetic,landslide,4,252,39.48,397.47,100,11.75,39.21,25.66,44.4,2.4,0.29,2883.37,1,7.83,67.37,0,0.06,12.55,3,75.58,95.57,96.46
2023-01-07T00:00:00+00:00,synthetic,landslide,3,21,38.97,150.94,76.37,12.63,25.82,28.25,91.89,0.85,0.33,719.55,1,2.96,39.4,3,0.33,49.52,2,48.06,72.88,89.81
2023-01-08T00:00:00+00:00,synthetic,cyclone,3,9,43.26,473.02,100,105.14,134.76,25.97,74.07,3.83,0.04,4726.08,160.96,20.19,66.54,0,0,45.67,2,81.16,81.76,98.51
2023-01-09T00:00:00+00:00,synthetic,landslide,2,132,0,91.22,37.32,6.6,17.18,25.05,51.05,2.15,0.37,642.1,193.68,18.6,88.62,1,0.1,57.08,1,32.18,89.68,66.52
2023-01-10T00:00:00+00:00,synthetic,fire,3,19,3.48,10.87,24.88,35.68,49.09,30.77,84.51,0.34,0.01,1302.78,1,1.47,80.12,1,0,28.79,2,23.36,89.96,79.61
2023-01-11T00:00:00+00:00,synthetic,other,2,37,4.1,34.17,16.21,12.33,19.26,22.67,76.45,0,-0.03,5007.57,59.05,6.82,62.45,1,0.19,24.45,1,17.72,87.13,78.92
2023-01-12T00:00:00+00:00,synthetic,fire,4,11,0.91,9.34,15.41,46.76,72.32,31.5,88.45,0.28,0.03,299.97,94.64,1.58,83.82,4,0,50.37,3,37.54,85.87,95.34
2023-01-13T00:00:00+00:00,synthetic,fire,3,59,5.13,8.45,14.27,28.12,33.26,29.86,95.92,0.34,0.1,2161.96,34.81,32.5,42.07,3,0,86.68,2,35.51,83.1,77.29
2023-01-14T00:00:00+00:00,synthetic,cyclone,4,10,0,271.46,77.82,55.73,75.79,22.69,54.3,1.38,1.42,790.51,16.22,5.37,84.42,5,0,4.11,3,68.42,72.63,98.1
2023-01-15T00:00:00+00:00,synthetic,earthquake,1,82,5.59,48.54,33.42,6.59,18.85,25.06,69.3,1.77,0.21,220.96,203.63,6.22,78.37,0,4.01,53.59,0,28.53,75.86,77.01
2023-01-16T00:00:00+00:00,synthetic,other,3,3,0.91,106.51,43.38,8.04,14.29,35.23,86.78,0,0.08,205.81,125.92,7.99,100,0,0.79,15.25,2,34.32,97.59,81.19
2023-01-17T00:00:00+00:00,synthetic,landslide,3,98,19.92,159.75,64.93,24.82,30.97,36.85,93.83,1.86,-0.02,1112.05,154.74,2.17,53.95,1,0.5,6.92,2,38.62,90.3,90.33
2023-01-18T00:00:00+00:00,synthetic,extreme_rain,2,38,10.04,0,36.25,4.92,20.41,24.17,86.26,3.35,0.86,814.25,208.23,4.42,100,2,0,73.36,1,27.1,97.97,66.81
2023-01-19T00:00:00+00:00,synthetic,flood,4,27,0,394.89,100,28.77,44.93,27.95,84.88,4.72,0.21,1536.26,76.74,1.44,36.07,0,0,53.9,3,82.12,93.08,99.17
2023-01-20T00:00:00+00:00,synthetic,landslide,2,6,34.67,192.07,82.85,13.55,36.66,20.11,56.67,0.78,0.18,861.21,91.94,8.93,58.94,2,0.64,57.51,1,45.79,91.57,89.36
2023-01-21T00:00:00+00:00,synthetic,cyclone,3,78,0,474.04,100,92.05,131.14,21.19,84.26,4.25,0.41,1537.24,1,0.2,66.57,1,0,14.66,2,78.37,76.77,99.53
2023-01-22T00:00:00+00:00,synthetic,landslide,2,19,7.95,203.77,58.97,2.07,19.96,34.6,95.71,1.84,0.3,879.96,37.91,13.06,80.2,5,0,22.27,1,41.98,84.79,66.86
2023-01-23T00:00:00+00:00,synthetic,other,2,7,2.77,60.39,28.47,8.23,21.75,26.63,82.53,0.37,0.03,577.75,162.37,8.22,67.63,0,0,87.91,1,31.22,78.76,61.36
2023-01-24T00:00:00+00:00,synthetic,landslide,1,136,0,481.07,100,13.59,14.9,34.05,65.16,2.81,-0.0,427.04,1,6.74,82.38,2,0.15,44.4,0,67.77,93.96,87.52
2023-01-25T00:00:00+00:00,synthetic,flood,3,8,0,173.31,64.29,21.43,37.15,23.84,53.07,3.22,0.73,808.36,1,5.77,92.45,0,0,78.66,2,54.61,81.98,89.38
2023-01-26T00:00:00+00:00,synthetic,cyclone,1,13,4.67,300.14,100,99.47,126.23,26.17,93.8,3.0,0.58,1551.43,1,3.91,68.71,2,0,37.4,0,47.25,72.74,91.61
2023-01-27T00:00:00+00:00,synthetic,extreme_rain,1,29,19.45,0,31.56,12.08,12.08,20.71,63.6,8.07,0.08,1423.5,84.56,0.53,74.01,3,0,59.27,0,13.46,71.09,44.6
2023-01-28T00:00:00+00:00,synthetic,cyclone,4,9,43.99,161.85,50.02,123.04,156.18,23.77,75.16,5.12,-0.25,575.42,293.12,4.32,57.46,1,0,67.22,3,55.09,76.24,98.11
2023-01-29T00:00:00+00:00,synthetic,extreme_rain,3,19,24.36,46.14,48.96,9.86,26.48,27.89,58.82,0.06,0.3,3228.38,114.88,1.4,73.9,0,0,49.32,2,31.93,99.8,88.33
2023-01-30T00:00:00+00:00,synthetic,cyclone,4,27,0.79,48.69,23.48,94.02,131.87,24.06,91.1,2.24,0.69,1420.33,100.37,4.8,64.2,1,0,65.82,3,45.93,82.8,98.92
2023-01-31T00:00:00+00:00,synthetic,flood,2,39,23.83,135.71,45.3,19.08,30.85,22.57,55.23,5.79,0.66,636.01,157.81,1.44,62.88,5,0,46.8,1,40.01,71.49,78.86
2023-02-01T00:00:00+00:00,synthetic,earthquake,2,13,2.35,3.48,34.91,18.7,28.58,29.75,53.81,0.38,0.06,7098.06,1,5.91,54.14,1,5.2,9.52,1,26.84,79.91,91.07
2023-02-02T00:00:00+00:00,synthetic,earthquake,1,42,10.74,0,17.14,8.43,8.43,26.37,36.08,0.87,0.1,448.99,1,12.56,83.09,2,4.81,39.74,0,23.69,92.77,80.1
2023-02-03T00:00:00+00:00,synthetic,other,3,14,11.12,15.3,24.59,17.24,22.77,22.99,43.13,0.25,0.07,1337.35,1,2.2,65.01,0,0.86,47.01,2,29.22,90.74,89.21
2023-02-04T00:00:00+00:00,synthetic,flood,2,60,37.49,0,32.25,23.51,31.57,23.0,39.04,2.32,0.44,356.84,220.63,0.27,93.01,0,0,36.73,1,16.81,91.71,64.68
2023-02-05T00:00:00+00:00,synthetic,landslide,2,34,0,89.29,25.92,13.33,25.89,33.06,94.5,3.03,0.57,396.37,208.93,6.92,94.75,2,1.56,1.42,1,28.07,77.83,70.9
2023-02-06T00:00:00+00:00,synthetic,earthquake,4,33,1.44,17.75,32.18,4.42,12.84,30.4,41.79,0.85,-0.05,535.5,259.88,0.24,57.88,0,5.03,38.87,3,47.98,79.04,97.23
2023-02-07T00:00:00+00:00,synthetic,extreme_rain,3,83,0,184.08,61.94,21.16,27.54,22.07,91.02,0.93,0.39,3885.43,41.66,22.4,99.56,0,0,47.92,2,48.64,71.93,82.17
2023-02-08T00:00:00+00:00,synthetic,earthquake,1,6,4.42,35.12,33.99,17.57,31.73,28.84,44.66,1.16,0.13,3150.24,1,2.89,54.54,5,4.84,50.77,0,32.52,93.8,89.07
2023-02-09T00:00:00+00:00,synthetic,flood,2,14,38.79,178.73,66.02,35.95,53.48,28.71,65.14,4.81,-0.48,1046.86,320.31,8.25,60.87,1,0,26.46,1,32.61,88.3,76.26
2023-02-10T00:00:00+00:00,synthetic,other,1,85,2.39,50.34,36.43,9.44,15.28,28.8,96.25,0.51,0.05,574.0,87.9,8.83,82.53,7,0.13,52.05,0,21.66,87.45,48.58
2023-02-11T00:00:00+00:00,synthetic,extreme_rain,3,21,29.74,0,8.22,21.1,39.19,26.28,57.66,6.19,0.44,2062.18,39.72,0.78,82.61,3,0,12.89,2,22.92,86.25,78.76
2023-02-12T00:00:00+00:00,synthetic,cyclone,4,11,57.49,103.8,40.37,114.77,159.07,30.78,46.82,5.54,0.15,1976.67,1,8.73,83.72,6,0,43.21,3,49.8,87.2,97.95
2023-02-13T00:00:00+00:00,synthetic,flood,2,13,20.27,91.53,36.35,26.1,46.13,29.85,53.35,8.8,0.89,1707.18,224.23,7.75,57.79,5,0,62.71,1,38.74,71.08,87.7
2023-02-14T00:00:00+00:00,synthetic,extreme_rain,2,62,40.16,78.89,37.48,12.43,22.27,28.33,44.43,2.4,0.77,565.41,319.62,9.66,45.68,0,0,33.15,1,27.3,73.39,78.51
2023-02-15T00:00:00+00:00,synthetic,landslide,3,236,3.94,253.71,89.77,6.53,7.25,17.82,35.74,2.5,-0.06,616.92,153.97,2.52,94.43,0,0.86,18.59,2,52.08,83.94,86.69
2023-02-16T00:00:00+00:00,synthetic,other,3,74,0,74.89,62.22,9.25,12.62,24.49,49.69,2.2,-0.02,1800.95,1,3.54,42.65,2,0.38,57.32,2,37.92,75.55,87.86
2023-02-17T00:00:00+00:00,synthetic,fire,4,21,0,7.44,25.61,33.11,51.1,21.28,83.42,0.55,0.04,1790.81,1,18.36,50.66,0,0,43.28,3,32.88,76.55,94.22
2023-02-18T00:00:00+00:00,synthetic,landslide,3,5,2.3,123.2,49.13,16.65,31.12,24.78,47.26,1.33,-0.03,336.22,1,1.39,63.5,2,0.07,48.32,2,41.13,91.72,87.36
2023-02-19T00:00:00+00:00,synthetic,landslide,3,72,1.28,65.69,33.08,17.6,17.6,26.77,35.53,0.6,0.44,478.25,220.64,5.41,51.03,5,0.41,21.14,2,35.12,92.91,84.62
2023-02-20T00:00:00+00:00,synthetic,flood,3,42,4.23,123.48,59.54,34.61,47.68,34.22,59.43,2.07,0.32,767.68,1,4.09,69.35,1,0,45.59,2,41.42,82.05,87.82
2023-02-21T00:00:00+00:00,synthetic,other,1,13,0.83,57.86,47.01,13.98,18.52,26.25,64.68,0.97,-0.08,711.22,30.96,25.18,65.93,1,0.27,67.61,0,20.29,88.45,32.68
2023-02-22T00:00:00+00:00,synthetic,landslide,1,3,6.59,235.89,73.36,2.08,10.48,27.01,93.98,1.09,-0.28,335.11,309.27,3.84,82.87,0,1.76,40.41,0,39.45,92.44,70.1
2023-02-23T00:00:00+00:00,synthetic,cyclone,3,172,15.53,380.79,100,85.3,119.46,31.74,62.48,5.34,0.91,3728.46,1,6.62,50.4,0,0,20.2,2,69.87,77.32,99.11
2023-02-24T00:00:00+00:00,synthetic,landslide,2,85,22.99,317.21,99.31,0,9.87,29.44,50.61,3.59,-0.08,2176.98,1,7.06,100,6,0.03,10.55,1,52.44,86.56,71.3
2023-02-25T00:00:00+00:00,synthetic,other,2,38,10.93,113.04,44.68,27.35,36.21,28.14,83.15,2.19,0.1,1228.04,189.39,1.45,66.96,3,0.08,44.02,1,32.64,98.23,69.46
2023-02-26T00:00:00+00:00,synthetic,flood,3,64,0,270.16,71.98,34.16,51.78,34.49,78.77,3.11,0.41,1361.43,115.0,0.55,57.49,0,0,5.76,2,51.49,80.57,96.44
2023-02-27T00:00:00+00:00,synthetic,cyclone,1,63,0,363.18,100,74.43,125.46,29.47,47.86,3.45,0.21,864.89,195.98,3.4,64.75,0,0,62.89,0,55.96,88.5,96.48
2023-02-28T00:00:00+00:00,synthetic,cyclone,3,219,0,71.9,30.92,84.65,130.52,26.69,83.16,4.21,1.0,3870.95,1,6.91,57.75,0,0,29.47,2,34.91,87.22,97.2
2023-03-01T00:00:00+00:00,synthetic,fire,2,13,0,6.63,17.65,19.65,41.55,27.98,63.88,0.02,-0.02,1291.93,207.43,11.36,79.78,4,0,50.59,1,20.99,98.31,53.05
2023-03-02T00:00:00+00:00,synthetic,earthquake,2,58,5.76,61.29,14.84,18.66,26.57,31.9,69.83,0.16,-0.04,947.43,65.57,23.44,97.71,0,4.21,73.29,1,40.97,97.05,91.28
2023-03-03T00:00:00+00:00,synthetic,flood,1,171,22.42,176.99,65.35,16.35,16.74,17.66,81.84,2.94,0.14,307.06,54.1,0.29,43.48,1,0,48.26,0,31.42,73.18,83.46
2023-03-04T00:00:00+00:00,synthetic,earthquake,1,18,5.24,0,7.02,13.67,16.21,28.47,51.45,1.71,0.34,1441.22,239.38,3.08,49.87,0,4.94,86.57,0,32.1,86.96,87.02
2023-03-05T00:00:00+00:00,synthetic,other,3,27,0,56.53,39.32,4.37,15.06,30.71,96.04,2.2,-0.2,1343.44,77.71,0.84,70.01,5,0,23.87,2,30.07,73.95,81.78
2023-03-06T00:00:00+00:00,synthetic,cyclone,2,120,22.57,358.8,100,121.71,123.16,27.36,88.87,4.24,0.63,1722.13,201.93,2.74,56.45,5,0,67.39,1,70.34,73.75,99.03
2023-03-07T00:00:00+00:00,synthetic,flood,2,28,6.59,102.33,60.91,6.97,19.16,27.41,35.38,5.21,0.06,1311.97,90.86,2.76,50.02,0,0,29.44,1,25.88,94.91,80.18
2023-03-08T00:00:00+00:00,synthetic,landslide,1,65,25.36,134.79,68.05,20.73,36.85,25.59,50.52,3.57,0.28,1928.91,231.93,7.02,58.05,1,0,63.97,0,29.89,80.4,62.5
2023-03-09T00:00:00+00:00,synthetic,earthquake,4,30,3.18,12.88,14.39,9.61,14.41,26.71,51.96,0.8,0.08,1459.89,24.75,0.39,89.1,2,4.92,32.67,3,48.21,76.91,97.94
2023-03-10T00:00:00+00:00,synthetic,earthquake,3,26,8.4,17.9,33.09,18.66,18.66,27.45,49.0,0.5,0.1,267.4,7.81,2.39,64.81,5,4.08,50.22,2,43.95,73.74,91.96
2023-03-11T00:00:00+00:00,synthetic,landslide,4,31,0,295.9,87.97,20.43,23.96,25.26,42.7,2.61,0.32,1237.01,34.92,1.34,58.54,0,0.34,41.45,3,69.6,90.75,97.37
2023-03-12T00:00:00+00:00,synthetic,fire,2,4,0,2.59,19.65,17.37,17.37,24.84,85.97,0.79,0.07,429.71,103.66,4.56,60.41,1,0,83.92,1,24.58,87.67,59.67
2023-03-13T00:00:00+00:00,synthetic,flood,2,65,25.39,218.17,70.68,13.01,22.13,37.81,87.46,3.88,0.47,1465.7,23.5,0.21,75.51,2,0,46.45,1,46.51,90.51,89.05
2023-03-14T00:00:00+00:00,synthetic,earthquake,1,17,4.93,46.11,36.4,9.94,9.94,20.49,91.06,1.94,-0.15,359.15,225.18,9.02,54.37,2,4.08,21.26,0,22.46,79.86,77.45
2023-03-15T00:00:00+00:00,synthetic,extreme_rain,1,25,0,60.47,47.77,28.26,49.15,18.75,64.11,5.69,0.7,2105.12,48.05,1.04,64.82,1,0,55.48,0,21.55,97.79,79.37
2023-03-16T00:00:00+00:00,synthetic,other,2,140,0.58,25.68,9.72,20.93,20.93,28.43,40.16,2.56,0.0,801.73,1.68,0.61,66.16,0,0.49,16.8,1,15.59,77.37,69.95
2023-03-17T00:00:00+00:00,synthetic,fire,3,484,0.4,7.03,11.98,22.33,47.29,23.98,86.86,0.29,0.04,1359.15,95.87,0.78,64.53,0,0,46.24,2,25.38,81.21,86.97
2023-03-18T00:00:00+00:00,synthetic,extreme_rain,3,148,23.72,185.43,65.11,17.52,31.77,32.96,88.73,2.48,-0.18,304.68,1,0.2,69.68,0,0,34.81,2,43.6,99.54,91.53
2023-03-19T00:00:00+00:00,synthetic,earthquake,3,14,2.73,56.64,44.97,16.84,17.82,33.36,93.76,2.05,-0.07,365.02,150.13,0.44,80.26,0,5.31,50.23,2,47.45,93.85,92.98
2023-03-20T00:00:00+00:00,synthetic,cyclone,2,47,5.72,223.51,71.66,137.14,178.06,22.55,58.1,1.37,1.34,647.49,1,6.9,50.94,1,0,99.15,1,60.17,98.67,98.89
2023-03-21T00:00:00+00:00,synthetic,fire,3,7,0.68,4.17,2.35,14.71,33.25,27.56,36.77,0.25,0.04,468.5,87.36,6.65,100,2,0,68.18,2,30.59,74.75,71.67
2023-03-22T00:00:00+00:00,synthetic,cyclone,2,21,0,340.54,100,115.11,138.66,24.96,92.9,4.86,0.73,967.92,437.61,4.34,100,7,0,36.02,1,64.62,82.29,91.0
2023-03-23T00:00:00+00:00,synthetic,earthquake,2,28,7.73,35.14,29.88,11.63,19.52,27.25,60.94,1.32,0.07,2194.44,85.01,2.1,68.85,3,3.53,54.85,1,35.42,93.92,92.4
2023-03-24T00:00:00+00:00,synthetic,fire,3,31,1.3,2.12,32.48,0,18.28,31.17,68.87,0.41,0.0,498.77,1,4.24,68.06,8,0,62.43,2,33.91,96.78,86.12
2023-03-25T00:00:00+00:00,synthetic,landslide,3,34,0,214.87,96.92,21.27,27.3,22.44,91.77,1.58,0.23,455.68,127.06,8.93,57.55,4,0.13,59.09,2,57.17,85.22,87.2
2023-03-26T00:00:00+00:00,synthetic,landslide,2,61,0,141.13,64.62,17.01,31.32,30.15,43.05,1.96,-0.39,2334.71,194.43,6.82,100,0,0,77.01,1,36.85,74.0,69.26
2023-03-27T00:00:00+00:00,synthetic,earthquake,2,51,3.51,42.37,22.1,10.62,25.48,29.04,52.06,0,0.05,551.81,75.59,8.6,73.53,1,2.22,18.81,1,24.17,99.93,78.2
2023-03-28T00:00:00+00:00,synthetic,landslide,3,35,26.33,34.64,22.62,13.28,21.46,27.89,66.25,3.07,0.35,1725.36,29.92,4.51,68.2,5,0.44,0,2,27.25,78.96,74.8
2023-03-29T00:00:00+00:00,synthetic,landslide,1,35,19.79,187.94,67.93,5.3,13.6,29.31,38.53,2.15,0.44,437.91,25.86,3.36,68.67,0,0.32,70.07,0,38.32,97.9,65.58
2023-03-30T00:00:00+00:00,synthetic,other,2,4,12.87,50.3,34.82,22.29,27.08,20.29,40.64,1.09,-0.02,1272.13,197.5,0.7,70.67,3,0.83,63.0,1,30.15,92.58,76.56
2023-03-31T00:00:00+00:00,synthetic,flood,3,28,23.98,101.82,43.44,21.75,39.73,24.96,66.25,2.99,0.6,919.38,1,0.89,74.61,5,0,30.57,2,40.71,87.08,84.28
2023-04-01T00:00:00+00:00,synthetic,cyclone,1,61,43.02,357.5,95.08,90.64,120.16,32.1,94.0,0.17,0.64,660.3,169.86,7.31,86.4,0,0,46.77,0,54.54,91.91,90.01
2023-04-02T00:00:00+00:00,synthetic,cyclone,1,54,72.91,186.6,59.9,112.37,153.19,14.57,77.66,8.26,-0.21,1410.59,2.02,1.78,82.59,2,0,60.0,0,33.76,78.11,92.18
2023-04-03T00:00:00+00:00,synthetic,earthquake,3,76,0.27,38.79,35.6,11.03,21.79,31.49,96.78,0.42,-0.07,1203.92,84.6,6.53,55.26,1,4.65,25.44,2,39.64,90.23,90.86
2023-04-04T00:00:00+00:00,synthetic,landslide,2,125,17.52,294.21,100,9.17,18.34,33.18,80.74,2.13,0.26,299.85,223.35,5.94,45.01,2,0.65,46.62,1,56.57,85.87,91.65
2023-04-05T00:00:00+00:00,synthetic,other,2,19,7.43,49.72,58.03,26.75,34.43,29.14,46.81,0,0.09,1227.74,43.07,0.28,100,0,0.14,53.44,1,24.46,91.43,67.89
2023-04-06T00:00:00+00:00,synthetic,flood,4,19,49.05,475.97,100,11.58,13.45,27.13,83.39,5.01,0.94,1220.38,133.19,35.89,41.39,1,0,22.11,3,90.57,87.04,96.48
2023-04-07T00:00:00+00:00,synthetic,flood,2,114,24.56,178.26,61.13,36.72,46.36,18.88,73.92,4.13,0.33,1827.37,1,9.49,71.46,2,0,11.23,1,34.65,81.65,78.86
2023-04-08T00:00:00+00:00,synthetic,cyclone,4,23,42.61,89.48,34.99,149.76,194.31,30.86,67.97,1.3,0.44,3430.81,65.58,3.99,82.47,5,0,42.47,3,48.59,72.55,97.8
2023-04-09T00:00:00+00:00,synthetic,flood,4,13,5.98,20.76,20.43,1.13,15.02,33.6,79.36,2.94,0.6,830.41,88.42,0.21,88.53,0,0,70.63,3,42.2,95.9,89.33
2023-04-10T00:00:00+00:00,synthetic,fire,1,13,0,8.85,23.87,24.16,46.16,35.58,66.3,0.71,0.04,550.93,167.57,0.2,63.04,8,0,40.94,0,15.01,90.66,44.6
2023-04-11T00:00:00+00:00,synthetic,landslide,2,34,0,222.88,69.69,11.99,23.86,23.22,89.58,0.32,0.77,1494.15,33.39,0.86,64.04,0,1.28,48.71,1,51.19,81.93,89.8
2023-04-12T00:00:00+00:00,synthetic,flood,1,16,12.17,278.47,89.29,25.69,37.46,26.51,55.48,5.01,0.45,1322.61,101.72,0.66,100,7,0,52.95,0,50.81,98.67,78.6
2023-04-13T00:00:00+00:00,synthetic,other,2,14,0,100.03,45.51,7.22,13.17,19.99,47.91,0.02,0.05,2186.89,92.33,6.81,66.38,1,0,68.5,1,33.39,91.96,75.51
2023-04-14T00:00:00+00:00,synthetic,fire,2,11,1.66,2.8,20.94,65.19,90.34,31.47,93.9,0,0.1,199.22,161.97,1.42,46.26,1,0,64.95,1,21.34,97.96,75.34
2023-04-15T00:00:00+00:00,synthetic,other,4,13,2.2,51.82,26.88,27.08,33.19,40.22,41.86,2.37,0.26,473.38,229.74,4.49,82.76,2,0,19.16,3,36.56,85.31,80.1
2023-04-16T00:00:00+00:00,synthetic,cyclone,2,179,53.52,0,23.98,87.0,112.38,27.21,60.18,2.46,0.96,532.71,168.15,7.1,83.59,3,0,22.32,1,19.19,90.73,81.58
2023-04-17T00:00:00+00:00,synthetic,other,2,37,3.91,26.67,15.24,10.87,17.43,20.17,80.61,2.27,0.05,1043.06,37.21,1.79,58.55,2,0,50.71,1,22.2,85.85,79.13
2023-04-18T00:00:00+00:00,synthetic,earthquake,1,80,0.43,19.19,23.96,11.16,29.49,17.6,61.7,1.71,0.02,207.1,124.71,0.6,67.98,0,4.13,30.1,0,20.23,94.71,78.71
2023-04-19T00:00:00+00:00,synthetic,landslide,2,7,0,124.79,48.6,0,0,24.23,42.36,2.01,0.19,3619.1,112.59,0.66,67.0,0,2.07,57.71,1,40.5,73.21,90.79
2023-04-20T00:00:00+00:00,synthetic,extreme_rain,3,73,9.79,141.14,68.47,15.12,28.3,40.5,64.4,5.49,-0.13,3094.42,8.36,32.69,21.51,3,0,43.61,2,42.53,85.72,81.65
2023-04-21T00:00:00+00:00,synthetic,other,1,197,4.46,43.62,31.94,9.09,18.45,15.18,41.66,1.35,0.1,4831.65,44.68,5.18,79.79,1,0,45.24,0,14.66,70.82,48.58
2023-04-22T00:00:00+00:00,synthetic,extreme_rain,3,120,26.69,0,39.87,21.56,39.25,24.8,91.89,3.74,-0.25,807.31,138.82,10.44,49.77,4,0,39.91,2,25.12,75.46,82.77
2023-04-23T00:00:00+00:00,synthetic,earthquake,2,48,3.31,1.36,22.11,4.53,5.33,26.71,83.1,0.69,-0.03,1760.63,300.63,1.24,37.46,4,6.76,40.69,1,38.8,86.54,96.72
2023-04-24T00:00:00+00:00,synthetic,other,1,8,0,49.65,55.2,2.25,12.92,29.36,51.26,0.32,0.07,793.13,147.52,0.53,67.51,0,1.04,45.34,0,17.56,93.45,62.75
2023-04-25T00:00:00+00:00,synthetic,earthquake,2,122,0,48.08,34.85,1.53,14.77,27.71,85.88,0.11,-0.07,2265.03,120.99,1.82,55.55,0,3.13,39.8,1,29.96,86.5,85.64
2023-04-26T00:00:00+00:00,synthetic,fire,2,19,0.51,1.18,1.16,37.17,42.03,30.93,69.76,0.46,-0.03,2910.62,88.18,4.93,59.61,4,0,54.12,1,20.91,79.63,79.68
2023-04-27T00:00:00+00:00,synthetic,other,3,84,7.5,31.29,32.06,5.05,14.88,27.71,44.67,0.73,0.04,462.14,19.74,1.18,85.64,3,0.49,22.33,2,27.85,93.6,72.18
2023-04-28T00:00:00+00:00,synthetic,fire,1,27,2.46,6.51,17.06,33.1,46.24,26.09,41.16,0,-0.03,1096.7,1,3.39,67.77,1,0,73.97,0,14.76,79.54,60.75
2023-04-29T00:00:00+00:00,synthetic,landslide,3,103,9.11,0,23.24,11.68,26.24,28.93,87.54,1.67,0.41,905.89,123.4,9.75,82.34,2,0.96,35.74,2,28.97,99.91,70.98
2023-04-30T00:00:00+00:00,synthetic,fire,2,12,0.01,7.9,3.26,20.14,35.46,23.81,77.32,0.84,0.0,868.23,185.37,1.72,88.71,1,0,38.35,1,16.68,70.91,53.48
2023-05-01T00:00:00+00:00,synthetic,earthquake,2,38,0,25.0,42.76,12.28,22.34,24.03,81.49,1.94,-0.01,540.48,179.52,0.61,90.03,1,3.82,29.83,1,28.58,82.34,81.56
2023-05-02T00:00:00+00:00,synthetic,flood,2,31,43.05,129.22,58.1,10.04,20.79,29.65,41.51,1.65,0.7,629.96,158.0,3.6,80.35,0,0,26.18,1,31.74,92.85,70.39
2023-05-03T00:00:00+00:00,synthetic,other,2,8,3.83,7.12,31.41,8.82,21.04,23.5,95.19,1.15,0.13,1557.56,151.52,5.63,79.34,2,0.8,47.1,1,21.98,70.24,77.12
2023-05-04T00:00:00+00:00,synthetic,cyclone,3,33,46.69,146.06,62.85,13.75,63.58,15.74,85.79,6.24,0.76,1533.28,100.16,5.53,64.4,5,0,5.51,2,42.31,72.41,89.18
2023-05-05T00:00:00+00:00,synthetic,landslide,3,21,0,249.78,84.67,22.19,30.4,26.55,55.48,3.16,0.0,574.19,152.69,4.1,100,0,0.84,39.11,2,55.56,71.83,94.21
2023-05-06T00:00:00+00:00,synthetic,earthquake,3,2,0,9.43,30.38,11.41,18.07,24.95,42.9,0.36,0.13,1166.2,127.44,3.43,64.47,1,3.57,96.88,2,46.73,82.91,92.61
2023-05-07T00:00:00+00:00,synthetic,fire,2,9,0,8.12,29.35,34.67,55.38,29.86,57.89,0.55,-0.05,1726.17,1,0.2,84.09,4,0,11.24,1,13.95,82.38,57.87
2023-05-08T00:00:00+00:00,synthetic,other,1,80,6.8,41.44,26.57,33.18,48.84,27.16,45.57,2.11,0.06,461.38,1,5.95,82.55,5,0.78,48.08,0,20.26,80.73,70.0
2023-05-09T00:00:00+00:00,synthetic,flood,3,3,19.99,200.44,66.31,10.68,26.37,21.02,50.47,5.59,0.22,1421.91,46.58,13.53,41.2,4,0,27.17,2,49.24,96.25,91.73
2023-05-10T00:00:00+00:00,synthetic,earthquake,2,85,0,41.75,28.08,19.22,34.66,18.81,59.75,0.43,0.08,1376.01,183.85,9.78,42.35,0,4.58,50.01,1,36.16,97.23,93.69
2023-05-11T00:00:00+00:00,synthetic,cyclone,1,24,22.05,172.26,66.78,124.7,151.57,29.23,85.2,6.04,0.8,791.34,155.79,10.44,71.07,0,0,56.25,0,34.78,87.58,83.25
2023-05-12T00:00:00+00:00,synthetic,landslide,2,10,8.96,209.12,80.41,16.91,32.94,18.91,36.67,2.15,0.53,1268.01,1,2.03,100,3,1.99,71.18,1,56.95,87.13,90.8
2023-05-13T00:00:00+00:00,synthetic,landslide,1,8,22.67,47.55,40.32,11.99,23.38,34.05,38.11,0.26,0.43,630.14,133.24,1.65,70.5,3,0.89,68.09,0,25.17,95.54,60.55
2023-05-14T00:00:00+00:00,synthetic,fire,3,69,2.45,3.24,13.45,37.47,48.36,22.6,96.06,0.61,0.04,321.48,56.13,11.19,56.68,0,0,77.2,2,30.5,79.08,79.57
2023-05-15T00:00:00+00:00,synthetic,cyclone,4,103,26.32,224.63,78.71,10.25,22.95,32.16,38.61,3.04,0.72,3535.44,281.24,20.02,90.59,0,0,20.5,3,58.26,85.59,89.04
2023-05-16T00:00:00+00:00,synthetic,extreme_rain,4,15,0,135.82,63.34,23.98,29.22,30.72,48.65,3.77,-0.03,1747.66,85.48,4.96,66.67,1,0,63.7,3,52.42,93.4,95.24
2023-05-17T00:00:00+00:00,synthetic,other,1,2,2.57,70.71,26.37,9.79,16.74,26.96,35.8,1.16,-0.05,2031.52,68.46,1.29,81.27,0,0.44,33.67,0,15.64,95.53,56.7
2023-05-18T00:00:00+00:00,synthetic,landslide,3,54,24.09,204.01,63.0,22.51,25.3,16.13,57.76,1.28,0.22,464.13,19.57,3.56,73.37,0,0.28,53.93,2,52.13,75.83,95.08
2023-05-19T00:00:00+00:00,synthetic,flood,3,36,3.41,152.86,56.01,15.59,27.91,20.83,61.45,7.08,0.54,2398.44,111.15,12.67,79.56,0,0,58.47,2,47.55,70.64,90.48
2023-05-20T00:00:00+00:00,synthetic,cyclone,3,22,56.45,355.75,100,25.74,75.68,20.49,89.02,6.97,0.82,1963.44,236.1,1.81,71.52,0,0,43.84,2,70.67,90.2,97.8
2023-05-21T00:00:00+00:00,synthetic,landslide,4,60,47.16,153.4,52.96,7.16,8.83,19.05,91.34,2.11,0.13,204.2,269.19,0.87,69.86,1,0.64,22.81,3,49.87,92.56,89.24
2023-05-22T00:00:00+00:00,synthetic,fire,2,25,3.81,8.16,8.22,35.98,46.46,28.58,46.51,0.24,-0.0,766.48,54.46,5.02,10.78,4,0,70.39,1,24.85,96.47,83.64
2023-05-23T00:00:00+00:00,synthetic,earthquake,2,24,7.13,9.83,18.74,18.28,26.7,32.85,61.34,0.72,-0.01,1313.84,81.2,3.11,67.36,0,3.66,12.77,1,22.38,87.03,76.46
2023-05-24T00:00:00+00:00,synthetic,earthquake,2,30,3.07,18.59,18.86,10.82,27.5,35.9,71.64,0,-0.02,3044.69,78.75,20.13,78.2,0,4.61,62.71,1,35.23,76.61,92.06
2023-05-25T00:00:00+00:00,synthetic,cyclone,1,9,40.39,417.83,100,102.51,123.25,31.53,61.19,6.4,1.25,2335.37,1,1.67,97.54,0,0,55.21,0,66.33,96.88,92.52
2023-05-26T00:00:00+00:00,synthetic,other,4,17,3.71,0,18.75,19.26,19.26,26.52,78.94,1.22,-0.01,1280.09,202.58,18.09,77.25,0,0.1,46.65,3,32.67,89.49,71.85
2023-05-27T00:00:00+00:00,synthetic,other,3,8,3.87,37.29,33.96,15.17,17.89,29.79,69.52,1.66,0.04,1296.77,107.91,0.2,50.73,0,0.33,47.29,2,30.15,74.07,78.79
2023-05-28T00:00:00+00:00,synthetic,extreme_rain,3,79,0,185.93,77.28,0.84,6.17,28.44,54.19,5.88,0.88,1563.38,1,1.72,71.69,4,0,15.02,2,48.63,94.4,88.44
2023-05-29T00:00:00+00:00,synthetic,extreme_rain,3,152,35.9,0,26.5,4.28,20.04,26.38,89.45,3.74,0.74,1698.74,77.91,1.05,84.64,0,0,59.89,2,30.47,90.48,79.18
2023-05-30T00:00:00+00:00,synthetic,fire,3,128,0.43,10.89,25.44,29.93,52.69,31.42,95.84,0.46,0.01,2311.21,166.39,6.69,59.16,1,0,22.11,2,22.12,93.08,84.73
2023-05-31T00:00:00+00:00,synthetic,other,3,39,12.69,53.07,53.94,20.26,33.5,23.72,55.59,0.26,-0.16,1264.3,130.23,5.37,96.71,7,0.42,49.06,2,37.24,90.61,81.4
2023-06-01T00:00:00+00:00,synthetic,extreme_rain,1,22,15.15,127.08,84.39,10.0,18.67,37.97,81.78,3.3,0.99,2668.31,72.97,2.09,70.42,2,0,85.03,0,37.12,78.34,77.03
2023-06-02T00:00:00+00:00,synthetic,other,2,31,5.06,51.69,24.86,8.56,9.17,27.38,38.26,1.86,0.21,853.81,111.73,7.17,55.96,1,0,19.25,1,19.53,81.39,49.13
2023-06-03T00:00:00+00:00,synthetic,other,1,55,0,39.02,41.25,8.72,22.65,25.52,91.59,2.2,0.18,238.56,174.27,0.3,91.11,5,0,51.9,0,18.92,98.83,41.1
2023-06-04T00:00:00+00:00,synthetic,flood,4,16,0.49,171.62,40.97,12.69,29.21,26.04,75.75,1.33,0.31,1270.59,309.82,4.28,76.62,1,0,17.08,3,50.04,88.94,91.81
2023-06-05T00:00:00+00:00,synthetic,flood,4,70,37.97,202.42,62.8,28.3,49.32,20.2,97.64,1.63,0.62,1030.05,110.98,1.0,70.46,0,0,29.38,3,56.67,82.64,94.29
2023-06-06T00:00:00+00:00,synthetic,extreme_rain,2,517,29.49,89.91,40.29,6.33,13.99,31.69,35.56,3.78,0.71,610.61,139.74,6.36,61.25,2,0,55.81,1,33.98,86.54,78.18
2023-06-07T00:00:00+00:00,synthetic,earthquake,4,15,0.31,21.34,36.18,12.0,25.84,22.56,94.32,1.44,-0.21,1439.11,75.3,3.07,63.97,1,4.5,25.06,3,44.31,90.39,97.44
2023-06-08T00:00:00+00:00,synthetic,landslide,2,65,19.67,337.67,100,32.23,38.85,28.22,64.21,0.66,0.18,1091.69,48.67,3.71,98.02,17,0.68,59.05,1,75.67,93.26,95.67
2023-06-09T00:00:00+00:00,synthetic,cyclone,4,8,1.7,329.0,100,53.22,76.16,24.24,46.15,6.81,1.18,910.52,1,0.2,83.32,1,0,64.74,3,81.83,96.78,99.17
2023-06-10T00:00:00+00:00,synthetic,fire,3,259,0,1.74,23.06,32.91,36.5,23.9,84.2,0.71,-0.04,659.07,1,25.16,63.31,2,0,22.2,2,21.59,70.37,61.66
2023-06-11T00:00:00+00:00,synthetic,flood,3,11,18.41,274.24,92.46,25.51,25.51,28.55,96.67,8.63,0.66,1149.65,84.57,33.01,62.46,1,0,86.9,2,68.63,90.95,88.29
2023-06-12T00:00:00+00:00,synthetic,fire,3,85,2.26,11.52,13.46,31.2,32.09,31.95,69.03,0.4,-0.02,706.74,142.32,4.79,100,0,0,28.5,2,22.42,89.33,78.12
2023-06-13T00:00:00+00:00,synthetic,other,3,7,2.61,14.12,19.77,12.54,16.58,37.97,87.12,0.95,-0.1,3582.72,91.92,19.98,100,2,1.09,73.72,2,35.36,86.36,75.22
2023-06-14T00:00:00+00:00,synthetic,other,3,25,0,141.49,48.1,23.11,32.64,17.35,35.42,1.44,-0.03,344.75,1,1.16,48.28,3,0.25,69.71,2,48.52,77.44,94.12
2023-06-15T00:00:00+00:00,synthetic,earthquake,2,29,1.98,30.59,33.1,16.72,26.46,20.15,72.65,1.26,0.09,840.02,1,0.63,46.38,8,3.85,31.5,1,35.75,72.13,92.91
2023-06-16T00:00:00+00:00,synthetic,landslide,4,2,0,101.71,41.11,17.3,26.05,22.7,39.14,1.94,0.09,518.6,105.99,0.2,49.37,3,0,5.84,3,40.12,99.06,88.73
2023-06-17T00:00:00+00:00,synthetic,flood,3,33,10.75,24.16,26.47,4.34,9.5,33.77,80.92,2.5,0.95,654.24,112.45,11.77,69.12,2,0,44.34,2,33.21,94.23,64.61
2023-06-18T00:00:00+00:00,synthetic,earthquake,2,151,7.47,16.58,0,6.05,17.63,30.78,93.16,0.83,0.27,3357.12,44.13,11.31,66.74,0,3.94,27.85,1,28.16,91.36,84.19
2023-06-19T00:00:00+00:00,synthetic,landslide,3,41,13.58,274.48,92.86,16.83,19.23,30.59,73.31,3.63,0.42,1212.58,240.08,8.27,61.95,0,1.51,21.54,2,59.43,80.14,94.06
2023-06-20T00:00:00+00:00,synthetic,fire,2,44,0.67,11.25,47.02,24.1,29.79,20.39,73.75,0,-0.06,1058.89,229.72,34.16,64.97,0,0,72.34,1,22.08,86.23,44.91
2023-06-21T00:00:00+00:00,synthetic,extreme_rain,4,9,29.13,0.78,23.99,23.87,40.41,31.57,60.41,7.97,0.31,480.42,62.48,0.34,86.15,0,0,34.64,3,31.87,78.86,90.2
2023-06-22T00:00:00+00:00,synthetic,fire,3,11,1.68,0,6.41,29.93,56.94,32.44,47.39,0.43,0.01,845.63,1,10.92,73.45,4,0,31.98,2,25.0,83.31,82.24
2023-06-23T00:00:00+00:00,synthetic,flood,2,23,10.72,316.57,100,16.29,19.89,29.5,65.63,5.15,-0.01,2117.13,180.89,26.17,62.03,0,0,20.47,1,49.63,86.67,72.31
2023-06-24T00:00:00+00:00,synthetic,fire,2,22,4.27,6.41,29.83,29.52,40.53,22.33,35.69,0.31,-0.0,2249.18,181.57,7.17,86.07,2,0,10.62,1,12.27,76.49,46.15
2023-06-25T00:00:00+00:00,synthetic,flood,1,41,0,0,24.84,14.43,25.02,24.41,59.72,7.07,0.61,3336.02,1,4.41,74.3,2,0,46.15,0,12.94,71.49,52.01
2023-06-26T00:00:00+00:00,synthetic,extreme_rain,4,46,12.78,133.2,43.88,39.07,43.42,25.39,40.71,5.46,0.1,472.93,114.3,2.36,68.39,2,0,20.69,3,45.83,86.72,94.23
2023-06-27T00:00:00+00:00,synthetic,extreme_rain,4,21,0,74.45,48.0,13.94,32.39,28.0,60.73,2.47,0.22,3827.78,53.21,4.76,60.58,1,0,36.89,3,41.46,94.33,97.08
2023-06-28T00:00:00+00:00,synthetic,other,2,9,9.79,73.61,44.99,2.79,13.04,25.14,61.66,1.1,0.05,3197.03,1,3.18,100,2,0.45,66.48,1,32.02,94.27,77.72
2023-06-29T00:00:00+00:00,synthetic,earthquake,1,14,0,13.65,33.88,13.05,24.23,13.09,64.45,1.3,-0.05,984.64,1,9.22,24.15,1,5.28,74.96,0,31.52,71.63,87.57
2023-06-30T00:00:00+00:00,synthetic,extreme_rain,2,18,0,175.47,84.41,30.98,40.28,21.31,74.51,3.69,-0.19,414.3,1,3.44,60.73,0,0,48.87,1,36.92,86.79,83.32
2023-07-01T00:00:00+00:00,synthetic,fire,3,27,0.83,5.83,33.12,29.52,46.32,28.53,46.95,0.36,-0.01,2191.64,80.47,7.2,71.97,2,0,59.0,2,28.85,94.52,81.13
2023-07-02T00:00:00+00:00,synthetic,extreme_rain,2,16,10.47,0,17.83,26.81,68.48,21.38,51.27,4.7,0.92,1207.23,84.48,3.52,80.75,4,0,63.94,1,27.29,83.18,82.92
2023-07-03T00:00:00+00:00,synthetic,landslide,1,2,0,49.23,27.53,13.68,26.49,20.02,65.45,2.2,0.56,590.99,218.26,1.04,90.42,0,1.4,39.41,0,19.97,94.6,50.69
2023-07-04T00:00:00+00:00,synthetic,other,2,19,0,98.14,16.47,10.64,10.64,29.82,83.73,1.68,0.03,1353.34,139.83,0.2,67.66,4,1.11,58.89,1,37.07,82.97,82.84
2023-07-05T00:00:00+00:00,synthetic,extreme_rain,1,140,16.37,77.95,45.13,11.4,26.51,22.68,54.73,5.51,0.68,904.91,1,4.1,75.62,0,0,35.49,0,19.12,88.72,61.3
2023-07-06T00:00:00+00:00,synthetic,other,4,7,2.17,86.53,25.88,4.87,6.04,29.89,45.07,2.12,0.14,2864.66,118.09,9.95,50.99,1,0.35,44.16,3,44.91,95.28,94.04
2023-07-07T00:00:00+00:00,synthetic,landslide,4,13,0,158.96,47.4,14.81,17.72,27.64,69.13,1.37,-0.46,669.47,31.69,18.16,65.64,9,0,36.8,3,54.61,78.33,83.12
2023-07-08T00:00:00+00:00,synthetic,cyclone,4,7,40.7,107.77,19.74,146.12,181.4,31.89,43.24,7.04,0.39,1421.05,1,2.46,88.21,0,0,43.39,3,46.71,74.71,98.53
2023-07-09T00:00:00+00:00,synthetic,cyclone,2,48,0,40.32,23.38,49.04,51.17,21.01,53.91,2.16,0.55,843.04,324.31,1.04,67.16,0,0,24.35,1,19.96,94.8,81.81
2023-07-10T00:00:00+00:00,synthetic,extreme_rain,3,53,27.56,234.12,77.11,0,14.81,28.03,78.94,1.7,0.5,434.08,1,0.42,49.63,2,0,61.31,2,59.23,99.62,94.03
2023-07-11T00:00:00+00:00,synthetic,landslide,4,12,10.05,92.73,52.48,0,13.39,36.69,89.06,1.37,0.05,719.67,1,4.11,66.23,1,0,79.29,3,50.46,83.34,91.32
2023-07-12T00:00:00+00:00,synthetic,landslide,2,128,8.3,132.21,43.63,13.63,28.18,27.09,95.86,2.31,0.3,917.86,1,20.57,70.19,0,0.2,45.19,1,34.09,77.64,69.01
2023-07-13T00:00:00+00:00,synthetic,fire,3,80,0.97,6.58,26.66,4.34,14.67,19.5,35.31,0.15,0.04,883.29,138.4,2.08,76.93,0,0,66.77,2,28.99,94.05,70.33
2023-07-14T00:00:00+00:00,synthetic,other,4,68,7.2,81.0,50.62,30.47,39.39,24.38,85.23,3.11,-0.14,3174.54,1,0.33,46.4,0,0.88,19.69,3,39.22,79.98,95.14
2023-07-15T00:00:00+00:00,synthetic,flood,1,10,23.88,0,38.57,46.17,61.26,28.93,52.18,3.18,0.57,1343.63,1,0.48,51.07,5,0,28.17,0,11.9,99.7,52.89
2023-07-16T00:00:00+00:00,synthetic,cyclone,1,2,23.77,207.92,57.7,107.81,150.89,27.65,36.19,6.36,0.4,636.52,88.68,2.49,18.45,2,0,41.6,0,36.01,80.1,92.97
2023-07-17T00:00:00+00:00,synthetic,other,2,125,9.5,9.37,26.12,34.77,50.72,29.95,70.5,0.36,0.23,5817.03,172.81,6.6,86.81,5,0.41,7.17,1,16.79,83.2,74.75
2023-07-18T00:00:00+00:00,synthetic,fire,2,31,0,7.11,34.74,31.67,42.72,21.5,85.78,0.0,0.02,1137.98,225.76,9.01,70.51,4,0,32.8,1,18.04,78.29,68.72
2023-07-19T00:00:00+00:00,synthetic,cyclone,3,60,15.29,273.96,100,96.83,124.46,27.33,60.38,5.13,0.4,1385.6,1,2.42,78.71,1,0,91.2,2,68.08,95.3,98.88
2023-07-20T00:00:00+00:00,synthetic,landslide,2,30,1.37,36.37,27.28,25.76,34.92,24.47,43.41,1.6,0.03,500.71,1,3.14,61.66,2,1.63,59.62,1,29.75,91.75,84.52
2023-07-21T00:00:00+00:00,synthetic,landslide,1,21,18.42,145.65,51.18,2.37,15.76,28.15,55.35,1.59,-0.18,775.46,125.86,7.11,48.58,0,0.77,57.41,0,29.23,77.78,61.84
2023-07-22T00:00:00+00:00,synthetic,extreme_rain,4,37,22.8,28.86,27.34,0,10.27,24.66,97.22,3.47,0.62,346.03,115.74,3.05,90.95,0,0,38.09,3,37.4,92.86,79.65
2023-07-23T00:00:00+00:00,synthetic,extreme_rain,2,4,3.82,211.12,70.71,7.72,19.02,20.37,69.47,1.74,0.27,514.11,33.59,0.85,75.11,2,0,42.65,1,43.97,94.22,84.83
2023-07-24T00:00:00+00:00,synthetic,flood,3,30,31.13,257.57,83.81,6.93,28.54,30.73,43.31,4.59,-0.01,3660.83,1,3.44,72.9,3,0,50.34,2,58.3,84.43,96.06
2023-07-25T00:00:00+00:00,synthetic,landslide,2,89,6.45,144.33,55.17,18.84,41.69,31.49,78.5,0.0,0.08,709.46,60.24,2.78,51.44,1,0,43.57,1,34.34,70.4,81.89
2023-07-26T00:00:00+00:00,synthetic,fire,1,11,0.78,0,6.3,3.15,7.29,23.3,67.54,0.57,0.01,3200.52,1,4.06,84.01,2,0,34.43,0,7.85,91.33,39.24
2023-07-27T00:00:00+00:00,synthetic,earthquake,1,81,0,28.55,11.43,10.87,20.76,22.08,71.72,1.6,0.19,1999.59,1,2.74,65.66,3,4.84,59.57,0,32.0,83.14,84.9
2023-07-28T00:00:00+00:00,synthetic,other,2,30,0,51.69,38.73,17.72,39.11,28.15,76.7,2.37,0.12,527.13,1,21.52,72.63,0,0.64,38.19,1,23.57,96.06,68.1
2023-07-29T00:00:00+00:00,synthetic,earthquake,1,26,8.61,9.58,30.75,17.19,17.68,22.91,45.31,0.59,-0.32,786.94,71.74,1.03,41.68,4,3.2,35.61,0,18.76,94.65,74.75
2023-07-30T00:00:00+00:00,synthetic,landslide,3,27,17.16,226.57,76.07,22.7,35.03,20.04,93.06,3.0,-0.07,689.21,1,4.46,69.68,0,0.64,57.47,2,55.08,84.61,91.68
2023-07-31T00:00:00+00:00,synthetic,extreme_rain,1,7,10.76,370.24,100,20.4,35.7,30.89,59.36,2.09,0.5,305.07,80.36,0.52,77.46,16,0,30.8,0,65.25,96.68,89.86
2023-08-01T00:00:00+00:00,synthetic,extreme_rain,4,56,0,0,25.64,29.06,41.32,33.89,96.06,2.01,0.52,462.11,88.52,7.64,100,3,0,43.97,3,36.9,92.47,86.35
2023-08-02T00:00:00+00:00,synthetic,cyclone,2,24,24.87,190.12,61.69,68.28,89.22,32.63,37.02,2.38,0.61,822.62,52.43,4.0,78.71,0,0,50.16,1,42.91,93.8,91.78
2023-08-03T00:00:00+00:00,synthetic,other,4,10,18.04,76.65,28.77,14.06,20.85,33.28,52.39,1.76,0.13,958.2,1,9.44,78.07,0,0.33,63.16,3,46.18,82.11,88.8
2023-08-04T00:00:00+00:00,synthetic,earthquake,2,1,2.5,56.66,46.28,6.78,20.14,27.02,75.5,1.29,0.25,917.52,1,5.58,70.69,1,6.32,78.37,1,49.93,96.81,96.36
2023-08-05T00:00:00+00:00,synthetic,extreme_rain,4,72,0,66.09,35.33,23.32,34.25,39.13,84.11,6.28,0.52,2074.79,1,25.23,69.28,0,0,26.97,3,39.39,97.76,81.39
2023-08-06T00:00:00+00:00,synthetic,earthquake,2,5,0,44.28,41.25,19.64,20.01,23.78,64.39,0.5,0.12,1684.17,1,1.54,72.65,1,4.09,68.24,1,39.26,94.72,89.05
2023-08-07T00:00:00+00:00,synthetic,landslide,1,4,44.06,275.08,94.6,13.38,27.41,28.9,39.09,2.17,0.25,2537.52,83.59,0.43,66.25,8,0,20.57,0,44.37,76.87,77.6
2023-08-08T00:00:00+00:00,synthetic,fire,3,3,1.33,3.01,10.26,39.08,42.29,28.46,61.95,0.36,0.07,834.58,93.4,3.85,91.0,4,0,69.5,2,32.43,87.35,83.72
2023-08-09T00:00:00+00:00,synthetic,landslide,1,24,6.44,187.69,68.67,24.36,38.61,27.99,51.13,3.82,0.79,268.01,176.96,0.71,95.76,3,1.74,65.21,0,45.82,92.16,86.49
2023-08-10T00:00:00+00:00,synthetic,cyclone,2,1,43.46,272.22,84.06,90.06,149.22,17.27,42.17,6.34,0.29,1269.7,131.87,1.05,85.54,0,0,76.8,1,55.96,76.23,96.94
2023-08-11T00:00:00+00:00,synthetic,cyclone,2,2,27.55,320.01,99.97,100.14,138.58,20.54,61.98,6.16,0.91,146.48,1,0.94,77.74,0,0,28.16,1,56.04,70.15,96.34
2023-08-12T00:00:00+00:00,synthetic,earthquake,3,50,0.33,19.36,13.09,25.74,37.41,33.39,97.83,1.15,0.09,535.2,52.44,7.09,53.94,4,5.51,66.43,2,50.43,99.46,98.57
2023-08-13T00:00:00+00:00,synthetic,fire,1,31,2.25,2.9,29.74,18.24,30.85,32.54,83.98,0.6,0.02,931.1,1,2.17,73.53,0,0,26.2,0,5.18,98.47,36.41
2023-08-14T00:00:00+00:00,synthetic,other,3,13,15.36,0,11.08,7.91,8.73,34.33,44.5,1.69,0.0,3766.73,232.08,1.17,50.7,0,0.11,73.41,2,29.57,73.1,75.56
2023-08-15T00:00:00+00:00,synthetic,fire,3,105,2.87,9.52,17.54,19.08,33.36,31.81,44.27,0.7,-0.06,344.37,1,9.68,78.54,0,0,26.77,2,21.67,86.97,81.9
2023-08-16T00:00:00+00:00,synthetic,cyclone,1,265,8.33,61.02,35.65,93.26,117.41,21.68,58.91,5.04,-0.14,1096.79,195.18,1.53,56.93,1,0,49.25,0,16.27,84.15,85.69
2023-08-17T00:00:00+00:00,synthetic,landslide,1,107,18.31,0,12.96,4.9,7.69,27.73,55.37,2.75,0.18,742.69,13.72,0.99,80.6,3,2.16,56.41,0,19.95,78.34,64.92
2023-08-18T00:00:00+00:00,synthetic,landslide,2,82,0,176.89,36.92,10.12,18.5,31.56,79.26,0,0.08,3669.01,200.08,5.95,71.29,1,0.09,12.68,1,32.98,81.5,82.37
2023-08-19T00:00:00+00:00,synthetic,earthquake,2,23,2.43,26.48,26.31,23.95,33.41,27.09,49.59,0,0.24,2732.77,53.61,0.84,72.21,2,3.57,30.14,1,30.12,99.16,88.54
2023-08-20T00:00:00+00:00,synthetic,landslide,2,55,3.47,4.29,24.48,5.86,18.4,26.36,35.66,2.22,0.43,335.02,310.61,4.76,59.95,0,1.72,58.6,1,26.39,78.49,72.7
2023-08-21T00:00:00+00:00,synthetic,extreme_rain,4,42,11.46,0,26.12,26.47,30.95,28.02,42.69,4.39,0.44,902.49,275.75,50.38,97.25,3,0,70.02,3,41.2,95.37,65.08
2023-08-22T00:00:00+00:00,synthetic,landslide,1,5,12.33,434.64,100,15.67,29.16,32.16,71.73,2.78,0.17,919.88,118.69,10.83,92.77,0,1.27,63.11,0,68.16,79.28,88.54
2023-08-23T00:00:00+00:00,synthetic,other,4,41,12.05,87.87,29.31,24.49,34.49,32.23,48.43,0,0.01,789.76,151.58,7.0,53.17,0,0.18,84.14,3,50.3,83.08,97.5
2023-08-24T00:00:00+00:00,synthetic,other,4,29,0,37.43,32.21,9.75,15.48,27.88,48.72,0.8,0.15,321.25,32.53,2.36,70.03,1,0.45,56.47,3,41.56,71.54,90.48
2023-08-25T00:00:00+00:00,synthetic,cyclone,2,97,102.23,18.36,13.29,101.93,105.64,15.99,57.61,0.55,0.77,1414.55,14.78,8.93,95.91,2,0,57.46,1,26.01,81.71,79.96
2023-08-26T00:00:00+00:00,synthetic,earthquake,4,54,2.85,0,7.22,0,10.79,33.53,40.44,0.92,-0.35,367.06,151.1,3.17,63.87,1,4.63,74.56,3,50.37,74.68,98.03
2023-08-27T00:00:00+00:00,synthetic,fire,1,8,2.46,11.41,16.9,24.87,37.47,21.18,84.02,0.34,0.01,552.12,196.55,7.31,68.55,8,0,54.99,0,17.7,73.08,49.69
2023-08-28T00:00:00+00:00,synthetic,flood,4,58,43.66,143.38,70.12,5.89,12.89,30.06,69.79,4.79,0.07,612.75,8.25,4.87,71.93,0,0,23.93,3,45.86,75.43,91.87
2023-08-29T00:00:00+00:00,synthetic,cyclone,4,38,37.75,240.2,83.01,102.8,140.94,34.41,87.04,4.69,1.14,2201.11,1,1.81,79.56,5,0,52.95,3,72.05,98.37,99.23
2023-08-30T00:00:00+00:00,synthetic,earthquake,1,98,7.59,79.11,48.45,17.86,33.27,27.65,53.91,2.5,-0.12,751.49,1,27.58,53.64,0,1.84,32.0,0,20.18,88.66,65.19
2023-08-31T00:00:00+00:00,synthetic,other,3,52,3.94,32.66,30.14,26.77,36.56,30.04,69.99,0.39,0.01,1480.67,1,2.38,58.94,5,0.21,48.76,2,33.36,88.31,91.45
2023-09-01T00:00:00+00:00,synthetic,flood,3,8,0,261.73,93.32,1.59,1.59,21.72,60.36,0,0.41,3387.12,263.1,6.78,89.26,5,0,1.5,2,53.73,87.27,87.81
2023-09-02T00:00:00+00:00,synthetic,earthquake,3,10,5.99,6.68,18.01,14.29,14.44,22.12,35.93,2.5,-0.09,7763.87,272.58,6.46,46.8,2,3.67,57.15,2,39.27,72.0,95.95
2023-09-03T00:00:00+00:00,synthetic,flood,1,23,3.89,52.17,41.82,28.95,41.69,23.04,47.25,5.35,0.42,221.94,208.63,3.79,55.9,5,0,38.78,0,19.35,91.69,58.57
2023-09-04T00:00:00+00:00,synthetic,cyclone,2,98,8.04,58.05,37.06,66.17,87.97,33.89,54.39,3.13,0.94,759.94,276.27,9.54,79.05,0,0,37.79,1,26.49,91.6,77.24
2023-09-05T00:00:00+00:00,synthetic,earthquake,3,35,7.03,30.87,40.46,7.8,12.31,34.12,74.1,2.42,-0.11,449.13,87.54,2.28,67.09,1,5.82,100,2,55.42,80.14,98.29
2023-09-06T00:00:00+00:00,synthetic,cyclone,1,23,30.15,311.72,100,39.67,43.58,29.28,43.25,5.14,0.9,1390.42,231.82,6.42,54.49,1,0,58.59,0,53.28,79.06,86.01
2023-09-07T00:00:00+00:00,synthetic,fire,4,22,0,8.57,25.59,19.59,23.02,25.2,46.65,0.47,0.02,6400.94,139.98,1.84,68.35,0,0,68.65,3,37.5,71.35,95.36
2023-09-08T00:00:00+00:00,synthetic,flood,2,28,15.3,109.38,58.48,21.32,46.11,32.71,67.39,1.45,0.17,388.55,50.11,1.11,76.91,4,0,22.28,1,29.17,81.05,74.3
2023-09-09T00:00:00+00:00,synthetic,cyclone,2,225,17.46,445.26,100,110.18,133.77,22.39,84.29,2.55,0.37,1619.36,208.22,0.55,58.8,1,0,36.98,1,70.72,73.55,98.88
2023-09-10T00:00:00+00:00,synthetic,earthquake,4,56,7.51,23.68,14.62,14.59,24.09,30.13,65.04,0.52,-0.21,586.91,122.45,7.31,70.41,0,2.93,37.57,3,41.35,71.65,93.3
2023-09-11T00:00:00+00:00,synthetic,extreme_rain,2,107,0,297.09,81.4,19.96,37.52,29.45,86.58,5.44,0.57,1039.85,104.87,2.86,77.89,1,0,55.0,1,57.22,85.5,90.56
2023-09-12T00:00:00+00:00,synthetic,earthquake,3,94,4.95,18.47,27.08,21.23,39.29,29.59,74.46,0.47,0.03,267.88,1,14.48,59.02,3,5.85,54.97,2,48.22,95.54,95.62
2023-09-13T00:00:00+00:00,synthetic,fire,3,4,0.41,4.31,22.24,24.73,33.55,36.99,86.32,0,0.02,829.98,160.98,1.65,58.93,1,0,53.8,2,27.09,94.11,78.39
2023-09-14T00:00:00+00:00,synthetic,landslide,1,12,9.09,65.9,18.48,17.51,23.43,22.76,60.88,2.44,0.5,2392.73,51.74,11.54,70.3,1,0.89,93.98,0,30.8,85.87,79.8
2023-09-15T00:00:00+00:00,synthetic,cyclone,3,6,57.19,177.34,78.58,145.2,154.42,31.93,42.96,7.03,1.17,956.47,1,5.87,59.66,1,0,66.87,2,55.96,83.42,98.66
2023-09-16T00:00:00+00:00,synthetic,fire,3,5,1.52,5.24,20.66,19.29,28.43,28.98,91.26,0.22,0.08,759.36,1,0.98,84.85,3,0,58.69,2,29.98,83.84,80.29
2023-09-17T00:00:00+00:00,synthetic,other,2,76,8.17,14.53,29.84,2.86,9.8,23.72,94.46,0,-0.03,1199.67,105.17,1.83,71.28,2,0.85,56.09,1,23.85,98.42,60.74
2023-09-18T00:00:00+00:00,synthetic,other,3,21,5.29,77.93,38.65,25.93,36.17,29.49,85.01,0.95,-0.01,356.44,1,7.78,88.31,4,0.27,16.51,2,32.3,74.55,78.19
2023-09-19T00:00:00+00:00,synthetic,other,1,472,6.34,50.53,49.11,6.27,11.34,26.29,78.55,0.93,0.16,2073.54,162.87,13.24,69.44,2,1.48,9.45,0,14.63,88.16,32.49
2023-09-20T00:00:00+00:00,synthetic,fire,2,191,0.65,0,8.25,36.24,40.21,30.57,48.55,0.3,-0.05,2428.96,71.49,14.13,64.26,0,0,20.48,1,11.45,71.5,70.16
2023-09-21T00:00:00+00:00,synthetic,extreme_rain,2,264,53.99,96.78,36.03,16.75,34.47,25.64,38.87,7.78,0.75,1163.28,266.29,6.02,61.24,3,0,43.49,1,33.59,77.26,76.3
2023-09-22T00:00:00+00:00,synthetic,earthquake,2,13,0,53.65,24.71,14.61,19.23,26.52,87.97,0.43,0.19,664.79,38.19,1.54,68.01,6,4.07,42.81,1,40.11,83.52,89.9
2023-09-23T00:00:00+00:00,synthetic,earthquake,1,157,5.89,79.85,35.36,9.08,9.08,13.85,42.11,1.4,-0.07,1439.08,24.39,0.69,70.86,1,5.22,63.89,0,37.2,87.06,93.96
2023-09-24T00:00:00+00:00,synthetic,fire,1,737,1.69,1.63,22.51,8.44,19.06,30.48,50.08,0.1,0.06,668.11,1,6.21,87.57,1,0,34.41,0,7.51,77.42,41.09
2023-09-25T00:00:00+00:00,synthetic,extreme_rain,2,85,0,37.06,31.18,13.52,30.12,27.28,47.75,4.61,0.58,1196.99,1,18.52,98.92,1,0,4.86,1,17.0,74.55,63.01
2023-09-26T00:00:00+00:00,synthetic,cyclone,3,44,25.5,293.88,99.6,90.92,105.02,29.29,85.64,5.58,0.42,428.81,76.96,2.7,63.62,5,0,33.39,2,63.38,84.01,97.86
2023-09-27T00:00:00+00:00,synthetic,landslide,3,44,15.85,174.64,75.91,25.05,41.84,25.84,78.68,3.96,-0.04,452.35,86.64,4.51,41.3,3,1.47,54.07,2,53.33,84.42,97.11
2023-09-28T00:00:00+00:00,synthetic,cyclone,1,291,60.37,307.88,88.44,77.76,101.92,31.46,63.16,4.37,0.73,752.47,97.63,7.87,32.39,8,0,47.93,0,55.64,84.09,95.91
2023-09-29T00:00:00+00:00,synthetic,other,3,8,0,0,10.4,5.77,18.56,26.45,53.12,0,0.02,1383.02,1,3.65,88.32,0,0.85,21.62,2,22.57,77.98,69.32
2023-09-30T00:00:00+00:00,synthetic,flood,3,52,5.1,70.48,30.16,16.93,35.21,26.43,36.34,5.97,0.95,3052.19,153.4,12.73,66.96,2,0,45.96,2,39.1,90.8,83.69
2023-10-01T00:00:00+00:00,synthetic,fire,1,45,0.26,1.39,30.95,29.83,32.8,30.77,64.53,0.42,-0.04,480.11,89.32,4.91,71.96,0,0,29.87,0,5.32,80.09,45.66
2023-10-02T00:00:00+00:00,synthetic,fire,2,209,3.2,0,12.8,7.04,18.51,30.68,88.74,0.48,0.04,313.21,28.3,2.03,71.38,0,0,63.86,1,19.71,90.36,63.22
2023-10-03T00:00:00+00:00,synthetic,landslide,2,56,15.32,156.1,55.03,27.68,34.82,28.28,90.48,2.63,0.83,879.62,1,13.68,60.91,3,0.99,38.39,1,43.16,90.26,79.71
2023-10-04T00:00:00+00:00,synthetic,landslide,2,44,15.04,298.52,74.24,18.09,27.84,23.87,49.77,2.13,0.45,827.97,232.83,3.58,98.89,2,0,39.75,1,54.84,96.96,83.18
2023-10-05T00:00:00+00:00,synthetic,other,3,43,2.65,19.71,18.1,28.11,30.59,30.02,75.55,0.03,-0.05,1300.79,102.14,5.64,41.24,4,0.55,40.75,2,30.3,98.45,91.63
2023-10-06T00:00:00+00:00,synthetic,earthquake,3,40,3.49,24.91,16.87,26.2,31.14,24.45,43.64,0.46,-0.16,1501.2,254.81,3.51,86.3,1,3.98,30.05,2,36.35,89.06,92.6
2023-10-07T00:00:00+00:00,synthetic,cyclone,4,46,88.66,339.67,100,103.81,103.81,21.07,64.89,6.73,0.21,523.88,1,0.7,68.8,2,0,57.16,3,77.71,82.25,99.04
2023-10-08T00:00:00+00:00,synthetic,other,2,68,4.1,46.65,26.86,4.76,13.27,33.21,90.38,0.9,-0.05,1370.37,1,1.71,87.17,1,0.8,35.56,1,22.94,93.47,66.48
2023-10-09T00:00:00+00:00,synthetic,landslide,3,32,26.23,62.25,56.15,13.21,17.29,20.68,68.88,2.25,0.12,1748.49,1,31.9,96.51,0,1.01,62.13,2,38.27,88.28,59.84
2023-10-10T00:00:00+00:00,synthetic,fire,3,28,0.49,12.4,14.21,34.33,50.16,26.12,93.23,0.54,-0.06,593.91,1,5.57,70.38,0,0,0,2,17.19,97.55,68.71
2023-10-11T00:00:00+00:00,synthetic,earthquake,3,983,7.05,45.23,35.98,7.14,21.8,25.47,76.04,1.95,-0.16,784.1,122.33,11.32,51.03,2,4.7,40.37,2,43.58,93.22,95.03
2023-10-12T00:00:00+00:00,synthetic,flood,3,97,20.65,126.18,63.11,33.48,55.66,31.17,39.02,2.75,0.33,1039.65,344.67,1.86,79.88,0,0,46.15,2,41.11,85.22,92.56
2023-10-13T00:00:00+00:00,synthetic,other,3,12,11.88,11.24,25.36,28.25,43.54,21.25,47.32,0.42,0.13,690.97,1,7.04,49.59,0,0.51,47.88,2,28.13,98.21,86.37
2023-10-14T00:00:00+00:00,synthetic,other,2,145,4.73,61.5,59.4,24.0,37.96,23.55,83.95,0.17,0.15,140.69,28.72,8.21,80.66,0,0,13.21,1,18.53,84.88,56.81
2023-10-15T00:00:00+00:00,synthetic,flood,2,5,31.63,114.52,59.42,18.3,28.59,21.9,66.92,1.54,0.16,457.95,7.22,15.87,96.21,1,0,40.42,1,30.62,93.6,54.4
2023-10-16T00:00:00+00:00,synthetic,cyclone,1,21,0,214.17,77.8,77.93,92.74,26.53,67.0,3.56,1.13,945.3,43.0,2.49,65.97,4,0,55.68,0,44.59,88.27,83.81
2023-10-17T00:00:00+00:00,synthetic,landslide,3,1,13.76,314.64,89.65,23.85,25.71,20.38,68.52,3.75,-0.13,7775.97,105.81,9.01,70.78,0,0.32,50.82,2,63.21,82.03,95.2
2023-10-18T00:00:00+00:00,synthetic,landslide,3,8,13.78,164.7,48.01,27.72,32.73,33.42,36.8,1.22,0.3,1079.27,1,25.06,59.89,6,0.75,71.08,2,57.12,82.65,78.02
2023-10-19T00:00:00+00:00,synthetic,earthquake,2,12,4.15,12.66,9.16,21.53,26.34,19.56,74.09,0.76,-0.14,655.0,321.22,6.36,85.59,3,2.65,33.23,1,25.17,94.97,76.16
2023-10-20T00:00:00+00:00,synthetic,earthquake,4,23,6.71,63.07,33.37,19.33,34.17,31.51,49.08,0.95,-0.07,1019.16,35.74,5.61,79.48,0,3.5,28.51,3,46.87,75.77,95.74
2023-10-21T00:00:00+00:00,synthetic,extreme_rain,1,282,23.4,94.85,47.83,21.42,29.68,23.93,79.01,2.34,0.32,518.42,1,0.69,31.63,0,0,51.3,0,22.22,97.71,71.13
2023-10-22T00:00:00+00:00,synthetic,fire,2,9,0,8.11,21.82,15.72,30.07,27.02,51.22,0.55,0.03,440.55,203.28,8.89,72.34,3,0,11.94,1,13.67,73.56,50.36
2023-10-23T00:00:00+00:00,synthetic,other,1,71,3.55,20.37,21.97,16.11,30.17,27.91,73.78,0.42,0.19,1845.22,1,0.54,58.96,3,0.64,61.08,0,18.69,87.71,77.27
2023-10-24T00:00:00+00:00,synthetic,landslide,3,17,21.19,149.33,60.56,4.8,18.08,24.1,53.76,1.29,-0.11,1145.58,123.49,4.88,74.62,0,1.05,37.96,2,43.35,71.39,89.8
2023-10-25T00:00:00+00:00,synthetic,extreme_rain,3,24,9.6,182.0,64.33,13.31,27.01,19.23,75.75,4.98,0.37,1281.73,215.42,8.87,68.94,0,0,49.28,2,48.57,77.46,93.46
2023-10-26T00:00:00+00:00,synthetic,cyclone,4,28,28.71,0,14.91,94.94,119.94,37.41,85.96,8.19,0.82,1462.54,22.49,3.67,66.39,2,0,35.98,3,36.18,97.29,96.06
2023-10-27T00:00:00+00:00,synthetic,landslide,3,26,0,269.33,91.89,12.3,14.85,22.33,70.59,1.07,0.33,1228.67,250.61,4.09,51.38,2,0,23.88,2,55.84,90.47,90.49
2023-10-28T00:00:00+00:00,synthetic,fire,2,13,3.15,6.04,10.74,11.76,16.08,31.29,38.48,0.17,0.06,2015.32,111.42,4.77,57.39,2,0,70.07,1,23.21,87.83,67.84
2023-10-29T00:00:00+00:00,synthetic,cyclone,3,65,0,369.53,100,94.37,124.95,26.95,90.99,7.77,0.91,1753.07,1,5.38,90.59,3,0,46.31,2,75.64,94.9,98.51
2023-10-30T00:00:00+00:00,synthetic,extreme_rain,2,9,25.47,189.97,82.81,24.06,41.58,21.94,67.95,7.18,0.57,1220.82,23.16,0.22,80.09,1,0,55.6,1,44.48,91.71,90.17
2023-10-31T00:00:00+00:00,synthetic,extreme_rain,3,97,2.19,200.42,72.58,11.29,14.47,30.77,41.28,6.48,0.42,996.56,33.12,3.92,44.96,0,0,63.01,2,53.52,71.51,95.83
2023-11-01T00:00:00+00:00,synthetic,fire,3,241,2.42,3.14,4.37,11.87,33.2,20.78,54.15,0.18,0.02,812.16,1,0.59,75.66,0,0,51.49,2,25.73,77.79,79.39
2023-11-02T00:00:00+00:00,synthetic,earthquake,1,19,0.03,40.86,30.77,8.96,18.86,33.46,83.19,0.52,-0.09,4306.72,196.7,7.88,40.02,4,5.08,44.9,0,30.96,81.45,91.33
2023-11-03T00:00:00+00:00,synthetic,other,3,113,11.13,17.1,26.85,16.35,24.95,31.76,59.02,1.18,0.14,643.5,1,10.03,31.9,0,0.62,39.47,2,27.73,84.83,84.09
2023-11-04T00:00:00+00:00,synthetic,landslide,3,11,13.91,175.1,53.92,18.84,22.99,29.7,58.76,2.46,0.21,1116.07,137.68,3.54,51.54,5,1.18,40.84,2,52.98,99.31,93.69
2023-11-05T00:00:00+00:00,synthetic,fire,2,3,0,0,21.28,22.29,22.74,32.17,84.11,0.04,0.03,1046.3,14.03,7.17,59.48,4,0,53.32,1,20.95,91.21,51.59
2023-11-06T00:00:00+00:00,synthetic,cyclone,1,137,102.14,382.91,100,91.32,116.2,21.71,71.75,6.88,0.53,1234.12,154.75,4.21,77.28,1,0,53.43,0,59.01,99.67,95.11
2023-11-07T00:00:00+00:00,synthetic,fire,3,31,0.63,0.39,24.97,28.21,29.05,24.59,69.42,0,-0.07,2965.49,48.67,6.1,46.87,0,0,53.56,2,25.32,82.28,83.91
2023-11-08T00:00:00+00:00,synthetic,earthquake,4,152,4.12,48.71,63.72,1.88,7.16,29.11,72.57,0.95,-0.01,1066.46,1,8.58,28.5,1,4.36,47.68,3,52.23,99.43,98.12
2023-11-09T00:00:00+00:00,synthetic,earthquake,2,34,6.17,11.06,14.19,4.84,16.04,29.99,37.98,1.61,0.27,2798.08,196.06,5.22,61.12,2,4.01,20.18,1,27.95,92.91,82.78
2023-11-10T00:00:00+00:00,synthetic,extreme_rain,1,9,16.5,197.53,61.6,23.23,41.8,36.45,54.56,1.89,0.03,1725.59,248.56,0.9,73.76,2,0,38.18,0,32.35,88.06,69.17
2023-11-11T00:00:00+00:00,synthetic,flood,2,17,25.97,147.56,53.11,8.1,12.52,21.42,56.55,6.99,-0.07,1620.97,230.02,1.16,100,0,0,0,1,25.37,83.14,54.99
2023-11-12T00:00:00+00:00,synthetic,earthquake,3,11,13.16,54.52,35.17,4.95,14.58,22.27,71.0,1.4,-0.01,960.84,283.62,33.34,56.8,3,4.15,40.42,2,44.61,77.83,81.38
2023-11-13T00:00:00+00:00,synthetic,earthquake,2,44,6.23,37.86,18.03,12.71,25.89,24.38,52.49,1.08,-0.11,4656.27,118.68,6.81,58.86,2,4.59,27.83,1,32.37,91.88,94.99
2023-11-14T00:00:00+00:00,synthetic,cyclone,4,127,31.13,425.32,100,49.4,58.71,30.75,49.26,4.75,1.22,1109.97,121.49,1.62,89.75,6,0,39.8,3,93.1,78.81,98.96
2023-11-15T00:00:00+00:00,synthetic,flood,2,65,33.51,121.21,49.2,22.54,44.0,26.69,91.17,2.79,0.54,4629.93,285.71,11.65,94.96,0,0,56.25,1,35.39,73.0,71.6
2023-11-16T00:00:00+00:00,synthetic,other,3,44,5.95,29.81,44.53,38.05,48.82,31.01,67.43,1.51,-0.03,225.82,80.36,6.43,67.82,1,0.11,19.85,2,24.16,89.72,85.49
2023-11-17T00:00:00+00:00,synthetic,earthquake,3,130,1.23,38.01,21.0,19.46,31.69,29.23,39.79,0.3,-0.13,254.47,219.69,1.01,98.95,2,5.12,0,2,36.87,97.05,91.04
2023-11-18T00:00:00+00:00,synthetic,other,3,5,0,85.37,31.19,22.18,29.29,25.45,68.85,1.43,0.01,464.26,49.1,7.63,51.4,17,1.23,17.03,2,46.66,72.8,82.43
2023-11-19T00:00:00+00:00,synthetic,earthquake,3,17,5.23,34.05,27.69,16.29,32.72,29.58,68.94,1.54,-0.24,1354.38,1,0.2,59.98,3,5.78,50.7,2,47.76,76.9,98.31
2023-11-20T00:00:00+00:00,synthetic,landslide,3,75,0,173.73,55.11,28.06,31.72,25.46,63.34,3.13,0.75,1985.82,56.81,9.1,84.3,0,0.57,90.15,2,58.56,76.13,92.61
2023-11-21T00:00:00+00:00,synthetic,other,4,176,8.92,0.14,15.94,22.66,25.0,35.19,60.51,0,0.27,2138.67,1,3.9,100,1,1.23,21.99,3,33.83,71.34,92.45
2023-11-22T00:00:00+00:00,synthetic,fire,2,215,2.7,10.48,12.01,29.17,33.35,21.08,71.5,0.67,0.0,636.19,1,2.35,66.71,2,0,16.45,1,13.84,83.71,66.73
2023-11-23T00:00:00+00:00,synthetic,fire,2,405,1.58,4.32,15.15,12.29,34.05,23.65,55.52,0.08,0.04,482.34,1,11.13,100,1,0,30.96,1,15.11,89.58,66.41
2023-11-24T00:00:00+00:00,synthetic,flood,2,332,32.87,14.21,15.63,12.72,17.91,38.55,52.53,3.37,0.9,290.9,197.45,24.47,44.6,10,0,75.85,1,35.86,92.78,60.64
2023-11-25T00:00:00+00:00,synthetic,flood,2,58,0,23.09,20.47,26.52,41.99,26.59,43.19,1.23,-0.06,400.7,1,0.52,80.94,0,0,23.36,1,14.67,71.67,74.69
2023-11-26T00:00:00+00:00,synthetic,other,3,86,6.48,29.31,11.77,27.59,27.59,24.1,67.27,0.53,-0.02,665.93,1,1.96,68.39,3,0.45,70.56,2,35.87,76.62,88.31
2023-11-27T00:00:00+00:00,synthetic,extreme_rain,3,68,20.02,120.52,58.84,5.81,23.72,36.6,82.08,6.98,0.68,6194.17,1,9.96,75.5,0,0,48.75,2,42.66,76.47,94.02
2023-11-28T00:00:00+00:00,synthetic,earthquake,1,11,2.83,17.53,35.35,13.5,15.77,23.81,64.04,0.41,-0.09,1437.33,1,8.76,69.74,5,4.43,38.75,0,25.93,96.58,64.49
2023-11-29T00:00:00+00:00,synthetic,landslide,1,361,44.44,65.78,42.11,28.39,33.5,30.6,52.97,0.13,-0.21,4642.36,116.7,4.79,56.99,3,0.91,33.76,0,18.06,85.07,74.36
2023-11-30T00:00:00+00:00,synthetic,earthquake,3,27,6.41,44.28,27.06,15.8,15.8,23.19,53.78,1.43,0.23,1224.09,1,2.16,96.6,1,6.94,85.84,2,59.55,72.28,98.52
2023-12-01T00:00:00+00:00,synthetic,other,3,301,1.81,16.51,52.69,11.9,12.4,20.07,61.63,1.09,0.06,835.52,1,2.4,69.47,0,0,47.1,2,26.74,77.38,84.77
2023-12-02T00:00:00+00:00,synthetic,landslide,1,101,41.43,56.2,27.3,27.24,36.38,33.73,72.66,2.7,0.44,1555.57,1,9.31,79.47,3,1.6,20.65,0,19.85,87.03,70.25
2023-12-03T00:00:00+00:00,synthetic,extreme_rain,2,13,31.06,63.0,26.06,24.09,35.22,34.98,81.18,5.03,0.79,755.91,1,4.17,89.07,3,0,33.92,1,27.99,82.35,72.15
2023-12-04T00:00:00+00:00,synthetic,extreme_rain,2,8,18.01,28.03,43.5,31.92,45.55,23.18,77.87,1.16,-0.14,2687.44,59.3,0.2,81.89,1,0,73.29,1,24.65,88.69,73.2
2023-12-05T00:00:00+00:00,synthetic,fire,2,5,3.62,7.32,15.77,37.23,49.86,17.39,87.14,0.56,-0.0,1003.46,130.43,5.62,77.23,3,0,31.99,1,17.03,70.08,61.29
2023-12-06T00:00:00+00:00,synthetic,earthquake,3,87,6.22,17.18,29.08,13.79,24.33,22.65,54.05,0.65,0.32,610.41,312.22,8.02,89.75,3,3.9,30.67,2,39.27,76.11,91.5
2023-12-07T00:00:00+00:00,synthetic,landslide,2,4,19.56,156.61,60.36,11.24,25.82,23.24,90.83,1.94,0.22,877.29,366.98,0.89,54.75,5,0.51,39.45,1,40.54,93.81,76.12
2023-12-08T00:00:00+00:00,synthetic,flood,4,95,10.85,393.66,100,14.77,22.56,21.33,80.14,1.34,0.08,626.13,191.25,1.7,79.73,2,0,82.7,3,88.12,71.23,99.15
2023-12-09T00:00:00+00:00,synthetic,flood,3,42,8.1,419.37,100,21.07,30.42,24.77,47.17,3.77,0.65,798.67,141.38,26.74,89.74,3,0,13.58,2,74.41,72.72,88.99
2023-12-10T00:00:00+00:00,synthetic,flood,2,15,36.71,108.41,86.75,21.95,41.51,26.72,69.59,5.94,0.45,2002.31,4.27,4.18,43.7,0,0,38.89,1,30.25,89.91,87.58
2023-12-11T00:00:00+00:00,synthetic,earthquake,4,5,0.22,21.32,20.06,4.8,12.77,28.45,40.17,1.65,0.09,1647.26,24.29,19.55,64.62,4,3.3,30.08,3,45.51,88.54,93.18
2023-12-12T00:00:00+00:00,synthetic,extreme_rain,2,37,19.28,117.65,58.09,17.68,17.68,29.93,42.93,8.4,0.26,6353.48,33.62,2.01,61.96,4,0,62.68,1,37.91,90.61,83.47
2023-12-13T00:00:00+00:00,synthetic,extreme_rain,3,22,24.27,44.21,31.96,21.81,21.81,33.88,74.9,3.21,0.24,1222.04,1,8.63,70.7,3,0,70.87,2,37.65,98.11,88.55
2023-12-14T00:00:00+00:00,synthetic,extreme_rain,1,18,12.35,186.5,76.15,24.39,40.02,29.38,91.76,5.89,0.76,1353.14,71.36,1.49,56.28,1,0,64.76,0,38.66,94.34,84.24
2023-12-15T00:00:00+00:00,synthetic,earthquake,1,21,1.88,8.53,4.91,10.78,15.52,24.59,56.49,1.9,-0.1,2032.6,1,3.8,60.4,1,3.36,58.12,0,21.88,91.54,82.21
2023-12-16T00:00:00+00:00,synthetic,flood,4,97,0,137.93,38.38,17.73,23.18,23.14,96.9,4.83,-0.17,2497.59,75.92,1.01,49.14,1,0,42.83,3,48.24,99.3,95.46
2023-12-17T00:00:00+00:00,synthetic,cyclone,4,52,56.49,248.22,94.41,146.66,169.86,24.4,36.05,4.31,-0.27,137.6,111.39,4.6,47.43,1,0,29.28,3,58.5,79.88,98.8
2023-12-18T00:00:00+00:00,synthetic,other,2,2,2.24,35.12,31.58,14.61,27.01,29.45,50.08,0.47,0.18,803.3,65.26,4.31,61.09,2,0.37,63.1,1,27.21,80.75,70.82
2023-12-19T00:00:00+00:00,synthetic,flood,1,73,35.8,110.11,28.71,3.15,12.06,33.65,44.4,4.15,0.52,1934.72,1,11.8,68.56,1,0,49.81,0,25.56,96.73,51.82
2023-12-20T00:00:00+00:00,synthetic,earthquake,1,90,5.44,0,17.87,19.36,22.55,29.83,60.8,0.56,-0.02,514.19,207.98,0.3,87.36,1,5.39,30.66,0,22.37,84.86,72.94
2023-12-21T00:00:00+00:00,synthetic,flood,2,13,0,54.8,23.85,29.32,37.05,23.62,93.2,2.71,0.2,857.16,92.12,3.1,82.93,0,0,89.87,1,31.76,91.0,86.15
2023-12-22T00:00:00+00:00,synthetic,fire,2,35,2.85,4.79,13.17,24.89,32.6,26.42,84.59,0.87,0.02,794.4,1,12.79,51.62,2,0,16.17,1,13.19,72.16,60.48
2023-12-23T00:00:00+00:00,synthetic,earthquake,2,16,8.06,33.83,23.73,4.82,5.26,29.55,52.69,0.26,0.16,919.13,276.69,2.77,77.11,1,5.19,37.11,1,35.89,86.24,87.21
2023-12-24T00:00:00+00:00,synthetic,extreme_rain,3,76,24.76,324.67,93.51,15.33,30.68,35.14,58.61,2.15,0.16,2672.52,101.49,2.5,58.54,0,0,54.51,2,65.59,96.43,96.98
2023-12-25T00:00:00+00:00,synthetic,fire,1,16,0,10.86,31.61,25.12,44.37,27.04,55.96,0.62,0.03,748.7,1,18.76,83.57,4,0,19.55,0,8.16,76.19,30.42
2023-12-26T00:00:00+00:00,synthetic,extreme_rain,3,17,27.11,65.89,19.7,12.28,14.54,25.49,88.54,3.15,0.33,1895.97,117.36,0.3,53.8,9,0,80.49,2,47.22,89.47,93.79
2023-12-27T00:00:00+00:00,synthetic,extreme_rain,1,113,20.74,220.93,74.52,13.29,33.21,23.75,36.41,6.33,0.45,947.7,1,7.18,58.68,0,0,44.99,0,36.86,84.41,66.69
2023-12-28T00:00:00+00:00,synthetic,earthquake,1,47,10.06,47.22,43.89,19.67,31.86,30.7,82.88,0.16,-0.07,288.28,111.68,6.48,76.21,0,3.19,56.7,0,25.08,85.52,73.37
2023-12-29T00:00:00+00:00,synthetic,extreme_rain,3,8,45.31,66.18,22.31,28.75,34.53,34.95,85.44,6.23,0.35,226.97,248.58,1.65,76.53,3,0,32.8,2,33.98,75.24,76.08
2023-12-30T00:00:00+00:00,synthetic,landslide,4,51,32.94,145.95,72.05,26.96,42.51,22.63,89.1,0.14,0.22,559.18,1,35.94,58.79,2,0.21,82.73,3,59.73,92.99,90.02
2023-12-31T00:00:00+00:00,synthetic,cyclone,1,18,56.58,192.98,61.83,86.62,135.16,29.77,75.87,8.82,1.16,2852.23,77.56,2.21,82.79,8,0,33.54,0,41.4,84.03,87.5
2024-01-01T00:00:00+00:00,synthetic,cyclone,1,262,26.26,145.9,59.82,121.75,148.87,23.32,92.27,6.59,0.22,1045.42,136.61,4.87,55.19,2,0,35.49,0,26.62,88.84,92.96
2024-01-02T00:00:00+00:00,synthetic,flood,2,8,21.09,28.49,12.71,3.63,3.63,26.58,57.01,4.24,0.97,1343.22,62.07,6.24,49.2,3,0,55.72,1,28.72,79.58,69.52
2024-01-03T00:00:00+00:00,synthetic,earthquake,2,61,8.83,29.19,27.25,2.48,17.81,18.44,51.99,1.34,0.35,450.99,110.82,7.93,67.24,0,6.02,40.24,1,38.53,71.0,84.96
2024-01-04T00:00:00+00:00,synthetic,cyclone,3,60,48.19,35.6,46.58,79.58,103.14,23.31,90.39,6.11,1.11,2936.16,1,17.98,53.78,0,0,54.29,2,35.58,93.87,92.19
2024-01-05T00:00:00+00:00,synthetic,extreme_rain,2,10,19.1,29.09,22.99,18.76,39.44,24.47,62.23,3.65,0.02,2686.82,190.56,0.54,79.08,6,0,70.27,1,29.02,95.53,83.0
2024-01-06T00:00:00+00:00,synthetic,landslide,4,2,34.55,106.25,61.88,7.81,19.27,25.84,56.59,3.45,0.21,1493.16,1,12.98,89.09,2,0,66.28,3,51.35,98.46,75.92
2024-01-07T00:00:00+00:00,synthetic,extreme_rain,1,32,0,259.27,91.23,16.43,44.26,35.68,85.72,1.37,0.49,1243.12,124.14,1.53,76.73,4,0,69.97,0,49.33,72.48,88.65
2024-01-08T00:00:00+00:00,synthetic,flood,3,76,0,40.51,22.77,23.44,43.18,25.9,41.15,0.53,0.22,458.1,1,1.69,82.09,1,0,51.81,2,32.07,93.17,88.2
2024-01-09T00:00:00+00:00,synthetic,cyclone,2,7,9.23,0,6.35,61.76,102.84,26.29,68.83,4.72,0.5,282.56,1,8.2,52.02,0,0,61.73,1,21.61,96.93,73.18
2024-01-10T00:00:00+00:00,synthetic,other,2,18,2.55,40.3,9.57,18.49,26.83,23.72,92.2,0.72,0.09,556.94,3.69,1.3,74.76,0,0.2,64.14,1,25.42,71.39,74.78
2024-01-11T00:00:00+00:00,synthetic,cyclone,2,5,50.26,376.66,100,57.78,98.64,25.79,67.52,5.14,0.43,337.25,64.17,4.62,83.49,0,0,20.82,1,59.09,86.83,94.07
2024-01-12T00:00:00+00:00,synthetic,extreme_rain,1,214,39.48,100.07,60.5,11.47,27.71,25.56,77.95,6.24,0.5,1893.62,302.31,3.93,62.8,0,0,70.44,0,27.17,81.61,72.61
2024-01-13T00:00:00+00:00,synthetic,earthquake,2,54,1.34,37.41,29.68,9.24,17.28,29.47,55.92,0.13,0.23,3394.68,177.73,5.51,80.63,2,2.48,42.13,1,30.29,77.4,82.17
2024-01-14T00:00:00+00:00,synthetic,cyclone,3,219,35.42,542.82,100,78.38,116.13,24.64,87.14,4.53,-0.16,816.81,13.97,12.96,69.1,2,0,65.05,2,93.63,75.76,98.79
2024-01-15T00:00:00+00:00,synthetic,other,4,21,3.2,29.94,29.01,21.01,26.08,30.17,40.47,0.36,0.11,1633.97,132.47,0.2,73.86,0,0.77,52.04,3,39.83,79.91,91.65
2024-01-16T00:00:00+00:00,synthetic,cyclone,3,37,23.07,409.23,100,95.14,137.54,26.73,59.07,4.21,0.05,1075.09,34.6,0.23,53.28,0,0,56.66,2,75.54,79.9,99.31
2024-01-17T00:00:00+00:00,synthetic,fire,2,34,4.49,5.81,29.54,9.09,17.05,22.6,76.33,0.95,0.0,1530.69,35.73,3.62,43.95,4,0,51.51,1,21.19,91.43,72.12
2024-01-18T00:00:00+00:00,synthetic,cyclone,2,15,101.48,270.12,87.9,39.56,81.34,43.01,56.44,2.9,0.06,381.58,1,3.82,83.73,1,0,16.7,1,44.55,93.38,84.2
2024-01-19T00:00:00+00:00,synthetic,earthquake,3,15,2.38,0,24.85,3.75,6.55,21.06,86.51,0.6,0.13,467.49,188.75,2.39,72.01,1,0.69,11.6,2,21.58,91.54,51.01
2024-01-20T00:00:00+00:00,synthetic,earthquake,2,5,5.34,10.46,15.19,0,9.89,20.72,77.86,1.25,0.05,890.62,97.56,5.02,72.58,1,3.32,33.89,1,26.35,92.75,74.91
2024-01-21T00:00:00+00:00,synthetic,cyclone,1,18,96.19,398.14,96.55,80.79,126.31,28.13,74.36,5.16,1.17,1610.12,1,14.04,48.9,0,0,12.75,0,55.93,95.87,92.3
2024-01-22T00:00:00+00:00,synthetic,fire,4,22,0,10.15,23.28,28.46,35.31,23.59,57.53,0.19,-0.01,1085.7,1,14.8,84.5,0,0,2.7,3,25.65,73.9,74.63
2024-01-23T00:00:00+00:00,synthetic,cyclone,1,13,43.43,135.47,53.73,55.52,106.88,29.14,91.04,5.62,0.84,3399.76,43.87,0.37,85.51,6,0,66.68,0,37.24,95.04,91.27
2024-01-24T00:00:00+00:00,synthetic,fire,3,10,0,0,1.14,8.52,30.15,31.8,94.23,0.07,-0.02,2369.38,82.39,1.06,66.67,1,0,55.18,2,26.63,77.61,84.11
2024-01-25T00:00:00+00:00,synthetic,other,3,363,6.21,12.94,23.54,17.89,25.96,29.91,54.07,0.8,-0.19,1849.26,1,16.44,100,1,0.65,60.07,2,30.16,73.96,71.31
2024-01-26T00:00:00+00:00,synthetic,earthquake,3,17,5.43,8.29,44.13,1.17,6.5,35.25,76.7,2.09,-0.28,835.07,119.71,0.68,100,2,3.17,36.58,2,33.27,86.2,84.27
2024-01-27T00:00:00+00:00,synthetic,fire,3,16,0.22,0,12.39,47.05,47.05,27.49,47.27,0.19,0.06,728.13,84.14,3.68,62.17,6,0,40.48,2,28.37,75.48,79.68
2024-01-28T00:00:00+00:00,synthetic,cyclone,2,46,37.57,50.87,36.23,91.72,139.46,26.07,43.66,4.91,0.9,2752.64,117.71,0.2,66.5,0,0,22.15,1,22.59,95.95,90.51
2024-01-29T00:00:00+00:00,synthetic,flood,1,11,38.87,356.31,99.88,20.96,23.62,30.84,81.3,5.43,0.25,1956.81,116.38,2.04,72.77,5,0,50.68,0,57.11,97.96,87.21
2024-01-30T00:00:00+00:00,synthetic,other,3,8,2.02,42.16,34.96,12.83,12.83,27.36,76.81,1.11,0.17,1548.56,147.83,2.86,35.48,9,0.44,51.13,2,39.63,80.27,82.05
2024-01-31T00:00:00+00:00,synthetic,extreme_rain,2,42,38.68,231.49,70.23,15.77,19.6,21.29,88.61,5.9,0.41,1326.15,68.65,1.8,60.8,0,0,9.76,1,39.61,92.62,84.17
2024-02-01T00:00:00+00:00,synthetic,cyclone,2,20,25.41,295.04,95.9,138.25,163.58,37.13,54.07,6.55,0.45,969.83,1,2.32,58.12,0,0,79.94,1,60.06,95.78,97.91
2024-02-02T00:00:00+00:00,synthetic,other,3,32,17.96,22.19,24.52,20.52,22.66,31.74,84.73,0.61,0.22,1513.73,133.2,7.41,100,6,0.54,29.57,2,31.54,84.4,68.96
2024-02-03T00:00:00+00:00,synthetic,other,4,31,2.06,38.87,49.56,26.92,32.58,21.63,87.6,1.46,0.0,3115.79,1,3.65,72.4,3,0.76,30.04,3,38.75,88.4,94.88
2024-02-04T00:00:00+00:00,synthetic,cyclone,2,39,87.0,298.87,98.9,119.17,150.65,31.27,84.09,4.69,1.31,461.0,1,3.06,58.84,0,0,30.8,1,55.97,90.82,97.67
2024-02-05T00:00:00+00:00,synthetic,landslide,3,2,22.76,246.47,85.87,6.77,21.01,30.28,95.48,2.15,0.3,1462.75,146.38,1.94,78.3,1,1.82,41.63,2,60.84,79.85,91.98
2024-02-06T00:00:00+00:00,synthetic,cyclone,3,13,22.74,243.59,81.75,90.93,117.59,27.62,73.84,4.94,0.88,1265.75,347.31,4.16,66.35,1,0,56.0,2,60.53,90.53,98.26
2024-02-07T00:00:00+00:00,synthetic,extreme_rain,3,11,0,15.68,26.69,6.54,20.6,28.66,53.94,4.27,1.31,1653.73,241.37,2.75,81.69,2,0,48.57,2,34.8,83.6,76.33
2024-02-08T00:00:00+00:00,synthetic,flood,3,10,16.91,244.43,90.98,28.4,28.4,35.69,51.86,1.84,0.28,606.86,96.08,3.58,59.99,3,0,45.51,2,57.32,87.13,92.97
2024-02-09T00:00:00+00:00,synthetic,cyclone,2,114,18.19,343.75,100,57.62,100.68,29.93,93.86,9.72,0.5,711.81,92.69,5.71,73.43,0,0,66.76,1,63.75,76.97,95.31
2024-02-10T00:00:00+00:00,synthetic,earthquake,1,12,2.11,30.39,33.81,9.68,23.94,30.63,39.58,2.5,-0.02,1048.63,1,1.48,53.34,4,4.37,53.19,0,29.42,71.45,84.39
2024-02-11T00:00:00+00:00,synthetic,landslide,1,71,20.18,83.86,39.58,32.4,50.18,23.5,58.45,2.48,-0.01,759.84,292.21,7.3,64.15,1,0.08,29.44,0,16.33,72.63,59.48
2024-02-12T00:00:00+00:00,synthetic,earthquake,3,323,1.35,33.93,26.24,14.05,14.12,25.29,78.6,2.25,0.17,490.52,66.54,22.71,54.62,6,4.3,72.32,2,51.64,95.75,94.87
2024-02-13T00:00:00+00:00,synthetic,earthquake,4,24,0,68.04,27.73,13.45,17.91,32.05,54.9,1.55,-0.09,1707.56,63.72,3.7,73.99,2,2.48,38.5,3,47.68,70.28,94.97
2024-02-14T00:00:00+00:00,synthetic,other,3,9,2.97,77.45,29.55,16.16,26.63,23.91,81.95,1.0,0.08,1630.61,1,2.56,82.4,2,0.76,37.62,2,36.32,87.79,89.61
2024-02-15T00:00:00+00:00,synthetic,flood,2,33,56.58,207.1,66.96,20.64,36.09,35.56,64.81,4.2,0.04,1171.08,17.22,3.47,100,0,0,68.56,1,45.38,86.07,92.41
2024-02-16T00:00:00+00:00,synthetic,earthquake,2,32,10.26,49.48,46.63,0,0,19.95,94.45,0.56,0.12,1031.11,1,0.2,97.06,0,3.07,35.07,1,30.08,78.71,81.23
2024-02-17T00:00:00+00:00,synthetic,landslide,3,2,6.04,90.46,40.64,21.23,27.07,32.34,40.0,1.18,0.13,1175.93,1,0.76,53.08,0,0.81,72.07,2,42.89,81.63,92.56
2024-02-18T00:00:00+00:00,synthetic,earthquake,2,7,0,11.13,15.23,5.28,16.14,28.34,74.43,0.39,0.12,889.41,1,7.74,79.44,0,5.36,9.41,1,27.73,83.17,91.84
2024-02-19T00:00:00+00:00,synthetic,cyclone,2,63,40.06,244.72,76.8,96.56,133.59,24.52,61.19,4.85,1.15,1012.91,1,11.08,81.95,1,0,46.54,1,52.31,81.14,92.82
2024-02-20T00:00:00+00:00,synthetic,cyclone,2,77,25.3,133.99,42.66,74.39,100.21,29.48,60.29,5.14,0.87,646.55,23.65,0.22,98.69,2,0,43.7,1,37.88,83.75,87.49
2024-02-21T00:00:00+00:00,synthetic,cyclone,3,15,91.16,139.34,49.57,114.29,171.04,34.62,79.97,4.93,0.34,1396.43,97.78,6.08,66.02,2,0,61.75,2,47.15,73.19,97.46
2024-02-22T00:00:00+00:00,synthetic,cyclone,3,54,40.12,22.95,24.98,115.63,145.88,27.96,49.14,3.84,0.54,1272.72,10.97,1.19,59.75,0,0,63.76,2,32.95,98.62,96.78
2024-02-23T00:00:00+00:00,synthetic,flood,1,16,21.56,13.89,24.62,23.81,42.7,31.6,37.74,6.37,-0.25,468.99,57.91,17.95,76.42,4,0,35.29,0,9.98,86.27,35.81
2024-02-24T00:00:00+00:00,synthetic,flood,3,82,25.72,185.21,64.61,26.77,39.02,29.94,96.56,2.87,0.7,697.37,172.68,6.62,85.65,4,0,12.95,2,47.25,90.82,88.64
2024-02-25T00:00:00+00:00,synthetic,landslide,2,19,14.88,179.0,77.81,24.0,34.24,27.08,51.61,3.25,-0.06,2135.47,182.72,10.86,32.58,2,1.48,45.24,1,43.34,97.92,90.32
2024-02-26T00:00:00+00:00,synthetic,other,2,44,10.92,62.67,43.15,24.51,36.44,26.36,39.39,1.18,0.01,649.27,20.92,5.75,63.96,0,0.48,32.96,1,22.92,73.11,76.2
2024-02-27T00:00:00+00:00,synthetic,other,3,13,8.91,85.0,44.34,15.76,34.98,26.98,41.31,1.0,0.06,1533.1,1,3.74,76.52,2,0.28,44.03,2,36.87,89.82,90.22
2024-02-28T00:00:00+00:00,synthetic,cyclone,4,12,14.95,246.57,78.63,101.91,118.86,22.54,93.03,5.93,0.73,2106.84,1,1.76,73.96,4,0,59.51,3,71.16,85.76,98.62
2024-02-29T00:00:00+00:00,synthetic,flood,3,22,7.69,91.58,37.19,0,27.15,25.39,93.3,1.56,0.05,362.59,100.47,11.59,88.74,1,0,73.99,2,41.38,81.9,77.74
2024-03-01T00:00:00+00:00,synthetic,flood,2,9,16.07,112.55,56.09,10.53,28.54,23.59,75.04,6.44,0.47,868.67,69.73,4.07,76.22,7,0,23.11,1,33.63,87.52,73.9
2024-03-02T00:00:00+00:00,synthetic,cyclone,3,16,4.91,123.27,29.46,111.12,134.39,27.8,93.69,2.77,0.64,4599.65,1,6.34,100,4,0,63.77,2,48.68,72.22,96.42
2024-03-03T00:00:00+00:00,synthetic,flood,4,15,0,57.08,46.46,17.62,33.34,31.28,56.57,7.1,-0.55,627.88,1,1.86,74.17,2,0,36.56,3,36.26,98.2,85.64
2024-03-04T00:00:00+00:00,synthetic,landslide,4,122,7.0,156.27,48.14,17.41,31.67,24.75,63.63,2.04,0.19,840.89,86.03,2.99,64.52,7,0.7,13.78,3,53.9,98.85,92.99
2024-03-05T00:00:00+00:00,synthetic,other,4,2,5.76,27.82,13.08,11.27,11.27,22.84,63.55,1.7,0.12,1244.91,1,24.49,64.21,0,0.42,16.08,3,32.1,72.77,67.74
2024-03-06T00:00:00+00:00,synthetic,extreme_rain,2,43,54.15,258.3,95.34,23.41,23.41,29.93,59.77,4.14,0.86,651.54,1,2.69,71.81,2,0,68.38,1,57.2,94.34,87.81
2024-03-07T00:00:00+00:00,synthetic,cyclone,3,59,0,0,10.37,82.28,121.99,34.34,64.95,3.92,0.98,504.42,251.14,3.13,66.29,0,0,64.0,2,32.43,95.2,93.41
2024-03-08T00:00:00+00:00,synthetic,flood,1,194,9.57,0,2.56,27.25,39.59,32.51,38.49,1.35,0.75,590.83,240.43,0.2,100,2,0,52.51,0,14.79,94.54,63.25
2024-03-09T00:00:00+00:00,synthetic,fire,3,49,1.51,6.85,30.91,25.54,42.88,29.39,94.86,0.23,-0.02,2152.92,35.86,13.45,60.24,2,0,26.5,2,23.11,97.4,85.04
2024-03-10T00:00:00+00:00,synthetic,other,2,96,0,26.73,30.28,15.64,25.38,19.95,68.15,1.73,0.16,1527.79,1,1.04,100,1,0.09,42.37,1,20.69,99.52,72.36
2024-03-11T00:00:00+00:00,synthetic,other,1,13,10.32,30.66,25.32,19.9,31.41,22.63,35.94,1.78,0.18,266.52,1,1.47,58.18,6,0.34,39.28,0,17.48,77.31,63.07
2024-03-12T00:00:00+00:00,synthetic,landslide,1,8,18.67,5.67,30.05,4.03,4.03,26.81,67.77,1.63,-0.15,1609.91,278.2,2.71,96.94,0,1.66,8.85,0,6.52,92.8,31.23
2024-03-13T00:00:00+00:00,synthetic,landslide,4,61,27.53,243.18,85.39,21.37,24.48,20.59,76.58,0.43,-0.1,474.11,1,2.7,56.64,1,0.48,60.51,3,65.81,90.83,97.22
2024-03-14T00:00:00+00:00,synthetic,other,3,161,1.21,13.2,27.67,0,5.8,35.01,46.04,1.93,-0.06,577.55,167.27,9.02,46.95,0,1.47,64.4,2,33.28,79.58,90.52
2024-03-15T00:00:00+00:00,synthetic,extreme_rain,3,17,32.12,35.67,42.71,19.11,29.33,39.81,63.73,2.24,-0.2,1404.77,1,1.11,67.31,0,0,29.44,2,24.59,76.55,84.25
2024-03-16T00:00:00+00:00,synthetic,cyclone,1,104,29.02,0,20.08,121.73,156.3,24.19,95.73,7.3,0.13,2007.63,37.3,0.22,75.31,1,0,45.54,0,9.65,88.85,91.62
2024-03-17T00:00:00+00:00,synthetic,extreme_rain,1,24,17.48,17.2,35.28,39.59,63.04,27.22,43.43,3.14,0.53,1138.05,1,7.09,72.44,1,0,65.92,0,17.37,71.92,60.58
2024-03-18T00:00:00+00:00,synthetic,fire,3,5,1.09,9.55,18.2,36.29,49.57,26.6,95.29,0.09,0.04,464.34,40.08,6.95,65.15,3,0,55.37,2,29.7,96.55,85.49
2024-03-19T00:00:00+00:00,synthetic,flood,4,26,14.73,0,19.25,2.15,15.1,28.69,97.73,3.77,0.17,822.04,18.96,7.43,73.37,0,0,76.04,3,38.56,79.93,90.52
2024-03-20T00:00:00+00:00,synthetic,landslide,3,372,2.37,0,11.55,11.61,23.04,36.88,51.02,0.74,0.27,565.53,182.27,3.41,58.83,2,0.65,42.53,2,28.54,78.35,84.47
2024-03-21T00:00:00+00:00,synthetic,earthquake,3,21,4.72,31.53,23.68,11.35,19.08,23.41,42.5,1.57,0.09,554.9,1,4.71,62.77,1,4.05,70.09,2,45.78,70.18,93.57
2024-03-22T00:00:00+00:00,synthetic,other,3,55,2.41,87.71,29.71,3.32,16.46,28.76,69.54,1.11,0.1,5341.51,1,8.34,90.01,0,0.33,51.8,2,37.33,99.52,91.43
2024-03-23T00:00:00+00:00,synthetic,extreme_rain,3,29,3.58,171.7,70.38,32.51,50.88,26.78,46.44,3.07,0.63,1995.88,134.51,0.86,72.47,0,0,54.57,2,49.55,83.36,90.81
2024-03-24T00:00:00+00:00,synthetic,cyclone,1,14,17.26,189.84,74.91,49.43,85.68,23.51,91.77,5.8,0.75,1377.56,282.31,4.46,71.33,4,0,12.4,0,31.97,75.34,75.67
2024-03-25T00:00:00+00:00,synthetic,landslide,3,18,0,317.83,86.74,11.95,17.11,26.08,54.24,3.66,0.14,673.93,54.9,6.54,75.14,0,0.85,37.4,2,64.15,79.94,94.54
2024-03-26T00:00:00+00:00,synthetic,fire,2,144,0.91,11.32,19.43,46.48,57.26,26.56,67.38,0.34,-0.0,5031.37,33.08,23.32,83.0,0,0,76.47,1,23.12,78.17,67.22
2024-03-27T00:00:00+00:00,synthetic,fire,3,29,1.13,5.2,12.0,10.97,30.07,19.31,78.84,0.3,-0.03,129.48,1,6.49,54.83,4,0,24.88,2,24.13,98.05,72.2
2024-03-28T00:00:00+00:00,synthetic,other,2,113,0,55.29,7.8,13.64,15.79,28.57,38.22,0.61,-0.06,1361.96,1,5.53,85.82,3,0.25,53.56,1,27.09,97.28,61.58
2024-03-29T00:00:00+00:00,synthetic,cyclone,3,17,37.71,220.73,72.66,16.66,18.78,22.4,81.86,5.21,1.36,653.74,1,2.59,39.39,0,0,66.34,2,61.24,74.06,90.57
2024-03-30T00:00:00+00:00,synthetic,extreme_rain,3,44,20.19,40.0,27.55,9.06,25.29,19.46,81.67,3.05,0.16,1912.83,1,5.07,92.01,6,0,0,2,26.39,83.86,62.79
2024-03-31T00:00:00+00:00,synthetic,cyclone,2,49,23.87,32.59,27.3,73.65,120.06,27.88,48.26,2.86,0.96,3375.4,202.86,2.59,78.96,4,0,75.03,1,33.39,99.88,82.73
2024-04-01T00:00:00+00:00,synthetic,extreme_rain,3,84,2.27,0,19.95,2.3,26.97,30.23,71.64,5.2,0.07,1070.84,26.61,1.48,76.81,3,0,28.7,2,23.91,88.12,79.11
2024-04-02T00:00:00+00:00,synthetic,landslide,3,23,27.8,149.18,64.78,18.2,38.27,29.59,43.06,2.16,-0.15,1009.52,14.61,7.78,65.59,2,2.27,53.79,2,51.23,78.04,96.57
2024-04-03T00:00:00+00:00,synthetic,fire,2,17,1.27,10.68,17.55,9.77,12.29,22.1,83.26,0.54,-0.08,539.93,1,1.51,83.96,6,0,42.48,1,21.33,73.23,65.58
2024-04-04T00:00:00+00:00,synthetic,cyclone,3,81,40.58,221.0,66.59,117.47,123.35,23.79,53.65,7.95,1.29,949.57,107.32,16.56,75.0,9,0,54.93,2,66.06,82.58,94.82
2024-04-05T00:00:00+00:00,synthetic,extreme_rain,3,12,5.33,41.33,10.63,14.28,19.8,29.87,38.89,6.38,0.71,2788.92,334.24,7.81,81.12,2,0,38.5,2,33.04,90.35,73.85
2024-04-06T00:00:00+00:00,synthetic,fire,3,62,3.24,11.91,21.84,4.96,11.44,33.83,37.34,0.48,-0.03,1218.77,148.44,8.1,83.68,1,0,65.82,2,29.92,89.3,77.57
2024-04-07T00:00:00+00:00,synthetic,fire,3,13,2.57,13.9,36.42,21.09,34.2,23.71,86.53,0.47,0.07,351.83,115.96,4.52,74.59,0,0,53.45,2,27.65,87.64,82.28
2024-04-08T00:00:00+00:00,synthetic,extreme_rain,1,9,0,166.21,63.15,10.53,16.2,23.78,81.33,3.39,0.02,601.44,200.48,1.86,40.88,0,0,52.6,0,29.52,86.06,60.56
2024-04-09T00:00:00+00:00,synthetic,fire,3,395,0.09,8.57,11.81,24.26,37.69,23.31,52.06,0,0.02,3563.29,146.17,6.02,84.11,1,0,50.43,2,26.99,82.25,87.7
2024-04-10T00:00:00+00:00,synthetic,other,2,50,13.81,0,22.42,3.32,20.58,26.81,35.23,0.47,0.11,2123.73,25.7,5.59,79.62,2,0,20.28,1,13.82,90.91,56.78
2024-04-11T00:00:00+00:00,synthetic,cyclone,1,47,31.29,349.94,100,125.3,160.52,31.03,80.33,1.61,0.87,489.73,13.2,5.17,67.04,3,0,68.38,0,61.06,91.22,97.72
2024-04-12T00:00:00+00:00,synthetic,other,2,63,2.82,52.28,59.48,17.35,23.88,22.77,39.04,1.63,0.07,1214.94,67.39,0.54,83.72,1,0,20.76,1,19.14,83.99,65.9
2024-04-13T00:00:00+00:00,synthetic,cyclone,2,1,21.6,247.91,92.66,142.68,171.18,29.28,35.07,5.96,1.09,1698.59,232.58,6.48,92.71,0,0,41.34,1,50.63,85.43,95.0
2024-04-14T00:00:00+00:00,synthetic,extreme_rain,1,160,14.2,89.72,33.43,12.3,35.01,33.39,60.97,1.88,0.67,726.16,113.01,1.78,93.39,3,0,40.89,0,23.87,90.09,55.7
2024-04-15T00:00:00+00:00,synthetic,earthquake,1,5,11.19,38.65,32.18,7.36,24.37,25.47,78.01,0.95,0.17,549.0,117.56,2.99,70.42,0,4.51,14.97,0,21.73,75.27,78.62
2024-04-16T00:00:00+00:00,synthetic,flood,3,12,44.9,152.37,48.75,8.78,31.2,28.3,87.38,0.97,-0.1,2408.3,238.3,14.18,60.09,1,0,17.52,2,37.74,75.01,74.9
2024-04-17T00:00:00+00:00,synthetic,landslide,1,60,0,300.71,80.37,13.65,20.5,26.54,78.26,0.77,-0.02,496.83,199.82,10.63,60.12,1,0.56,35.61,0,44.86,83.42,80.02
2024-04-18T00:00:00+00:00,synthetic,cyclone,2,9,0,388.74,100,144.65,181.53,38.67,85.21,6.99,-0.1,2589.75,1,6.69,53.37,0,0,60.09,1,64.98,85.1,98.97
2024-04-19T00:00:00+00:00,synthetic,landslide,3,25,28.33,172.44,73.36,20.84,27.09,29.71,58.43,2.3,0.13,872.37,159.14,6.26,85.38,0,1.49,67.81,2,54.03,90.79,95.61
2024-04-20T00:00:00+00:00,synthetic,flood,3,85,31.28,120.34,36.6,6.53,12.98,30.8,94.03,2.12,-0.27,444.02,26.8,7.68,65.81,0,0,27.67,2,34.07,85.96,82.85
2024-04-21T00:00:00+00:00,synthetic,other,1,18,8.39,45.06,26.84,22.01,35.73,16.86,88.79,0.6,-0.04,1183.91,23.51,5.98,98.16,6,1.1,11.57,0,15.4,94.13,48.72
2024-04-22T00:00:00+00:00,synthetic,fire,1,12,0,9.78,19.33,16.36,28.12,28.56,63.1,0.36,-0.01,399.65,91.21,4.29,47.71,4,0,45.15,0,12.47,98.28,54.54
2024-04-23T00:00:00+00:00,synthetic,fire,4,18,0.18,1.68,40.29,15.35,35.88,34.68,97.44,0.16,-0.03,1273.89,73.7,9.95,82.9,0,0,41.93,3,31.59,99.51,79.22
2024-04-24T00:00:00+00:00,synthetic,fire,2,37,3.65,17.15,22.4,0,2.1,22.84,84.66,0.38,-0.05,3368.43,153.52,0.2,78.32,9,0,58.27,1,27.52,80.48,75.12
2024-04-25T00:00:00+00:00,synthetic,flood,3,6,6.54,176.84,61.26,27.79,31.58,30.3,38.33,3.64,0.12,1514.56,188.28,14.09,78.19,0,0,43.13,2,45.57,95.11,76.71
2024-04-26T00:00:00+00:00,synthetic,extreme_rain,3,11,11.84,242.24,91.66,4.49,8.57,33.25,46.72,7.72,0.06,2412.65,87.43,1.46,100,0,0,58.9,2,55.96,97.12,92.08
2024-04-27T00:00:00+00:00,synthetic,cyclone,3,31,38.38,222.44,85.58,98.61,124.48,25.69,43.79,4.38,0.54,844.05,1,2.76,73.67,6,0,37.93,2,57.03,98.14,98.44
2024-04-28T00:00:00+00:00,synthetic,extreme_rain,3,1,7.85,4.33,13.04,19.19,46.72,30.32,37.8,3.64,0.31,2013.32,1,1.35,59.51,2,0,44.89,2,27.73,72.38,82.88
2024-04-29T00:00:00+00:00,synthetic,landslide,3,74,4.45,218.84,81.48,9.17,21.34,25.09,56.29,1.49,0.01,5367.26,170.7,14.43,83.91,1,0.53,28.79,2,49.89,84.14,84.6
2024-04-30T00:00:00+00:00,synthetic,cyclone,2,61,6.53,253.92,97.51,201.76,233.66,35.28,82.67,6.47,0.77,999.21,74.9,7.67,51.62,0,0,50.01,1,51.31,98.68,98.34
2024-05-01T00:00:00+00:00,synthetic,extreme_rain,3,114,8.92,200.4,70.77,23.04,35.84,30.96,81.96,4.95,0.26,1487.14,77.55,5.3,82.45,3,0,38.04,2,50.61,90.08,93.07
2024-05-02T00:00:00+00:00,synthetic,landslide,3,120,21.07,276.7,79.56,21.88,29.14,31.77,37.44,2.97,0.13,96.86,158.65,5.16,65.88,0,0.98,14.29,2,55.34,73.13,91.84
2024-05-03T00:00:00+00:00,synthetic,fire,3,1,0.16,0,12.45,22.39,36.15,15.6,51.67,0.46,0.01,976.98,1,12.89,86.45,2,0,43.45,2,25.48,90.13,83.05
2024-05-04T00:00:00+00:00,synthetic,fire,2,40,0.68,5.92,18.05,9.71,31.38,23.32,77.68,0.2,-0.02,940.48,158.75,0.21,59.8,0,0,27.34,1,13.55,78.37,60.12
2024-05-05T00:00:00+00:00,synthetic,landslide,1,76,42.29,153.12,67.09,21.94,28.56,32.25,74.35,2.12,-0.05,1155.43,95.76,4.84,100,5,0.43,27.17,0,28.3,79.61,61.52
2024-05-06T00:00:00+00:00,synthetic,cyclone,2,3,36.87,161.22,68.89,137.98,186.56,24.86,62.18,4.64,0.68,705.77,200.56,4.73,89.09,1,0,0,1,31.53,88.63,92.94
2024-05-07T00:00:00+00:00,synthetic,fire,3,20,0.35,0,12.04,10.45,22.76,31.53,91.08,0.62,-0.03,2426.3,1,3.42,47.91,2,0,30.34,2,22.92,95.2,79.22
2024-05-08T00:00:00+00:00,synthetic,flood,4,137,0,84.11,36.39,31.32,56.81,37.39,65.96,6.86,0.21,1100.81,235.3,0.71,81.74,0,0,36.19,3,41.65,91.32,92.07
2024-05-09T00:00:00+00:00,synthetic,earthquake,2,34,8.28,59.06,28.14,19.44,33.81,34.77,71.71,2.23,0.07,289.34,1,1.32,99.17,3,4.77,31.5,1,37.82,99.96,96.7
2024-05-10T00:00:00+00:00,synthetic,fire,3,5,1.14,6.74,27.3,23.56,35.55,26.95,92.39,0.83,0.0,454.09,154.67,2.67,44.33,0,0,31.97,2,22.58,77.1,69.45
2024-05-11T00:00:00+00:00,synthetic,landslide,1,294,22.66,124.39,42.09,24.86,48.23,28.28,64.09,2.91,0.71,1654.77,139.53,4.48,43.12,0,1.65,20.48,0,27.11,86.41,78.88
2024-05-12T00:00:00+00:00,synthetic,flood,1,15,23.24,214.78,72.71,19.7,34.93,25.29,39.42,4.42,0.24,722.26,1,0.24,61.6,2,0,51.15,0,37.79,81.4,71.28
2024-05-13T00:00:00+00:00,synthetic,fire,3,30,0.54,10.48,20.77,38.25,55.99,31.18,60.12,0.61,0.09,618.91,268.52,8.34,63.53,0,0,59.11,2,28.33,71.62,71.75
2024-05-14T00:00:00+00:00,synthetic,earthquake,4,31,10.22,24.83,46.89,10.8,18.89,27.08,51.6,0.91,-0.05,718.12,1,14.11,91.96,3,3.3,65.71,3,50.83,81.04,95.27
2024-05-15T00:00:00+00:00,synthetic,flood,3,20,62.46,182.41,65.49,11.01,22.87,30.26,66.34,3.79,0.71,215.78,106.28,7.41,74.11,1,0,51.46,2,51.52,89.27,85.32
2024-05-16T00:00:00+00:00,synthetic,extreme_rain,4,99,19.94,281.62,83.65,4.81,19.65,35.54,95.97,5.35,0.75,530.59,1,0.44,53.87,0,0,58.2,3,72.01,81.92,97.47
2024-05-17T00:00:00+00:00,synthetic,cyclone,2,60,4.25,226.63,80.12,87.81,115.88,32.01,60.59,8.17,1.08,2498.17,41.0,0.48,57.16,0,0,23.73,1,44.85,96.69,96.35
2024-05-18T00:00:00+00:00,synthetic,other,3,13,0,11.36,18.86,1.95,3.34,21.18,56.27,1.03,-0.0,8110.58,13.62,13.32,70.45,0,0.18,15.34,2,20.64,78.23,71.12
2024-05-19T00:00:00+00:00,synthetic,earthquake,2,10,5.95,29.93,36.22,4.58,9.69,25.74,78.78,0.75,-0.05,1218.17,92.5,8.68,82.41,4,5.46,83.64,1,45.98,82.34,96.48
2024-05-20T00:00:00+00:00,synthetic,fire,4,13,0.92,3.16,26.08,36.24,36.84,24.94,57.58,0.6,-0.08,1082.03,58.74,0.28,72.74,1,0,66.9,3,36.83,79.06,93.91
2024-05-21T00:00:00+00:00,synthetic,cyclone,1,18,44.02,418.64,100,152.26,175.83,25.47,73.28,7.01,0.59,917.91,134.86,3.74,63.87,1,0,51.3,0,63.23,81.99,97.81
2024-05-22T00:00:00+00:00,synthetic,extreme_rain,2,77,23.5,238.01,80.78,29.93,38.54,36.05,47.5,4.25,0.14,542.27,156.8,2.07,88.27,4,0,16.8,1,43.47,96.32,86.51
2024-05-23T00:00:00+00:00,synthetic,extreme_rain,3,42,15.67,116.21,39.72,26.91,29.96,27.83,85.58,7.01,0.34,3076.27,6.93,6.19,92.89,2,0,28.2,2,38.32,81.72,78.42
2024-05-24T00:00:00+00:00,synthetic,cyclone,3,81,0,236.43,76.4,78.49,83.5,33.7,36.21,6.9,0.74,225.72,1,3.13,63.42,1,0,42.94,2,56.59,78.25,95.43
2024-05-25T00:00:00+00:00,synthetic,cyclone,1,13,2.44,86.63,52.07,143.68,157.17,26.78,59.39,3.14,1.01,2637.42,101.89,7.57,55.53,0,0,72.04,0,28.41,87.28,95.48
2024-05-26T00:00:00+00:00,synthetic,earthquake,2,23,9.51,35.43,41.67,0,13.1,31.1,71.54,1.22,-0.01,349.07,307.81,15.32,53.98,3,2.69,100,1,40.66,93.49,84.6
2024-05-27T00:00:00+00:00,synthetic,extreme_rain,3,90,18.19,0,23.55,24.36,26.82,29.83,41.52,4.3,0.92,3488.28,27.74,21.79,70.67,4,0,65.51,2,35.6,90.49,61.56
2024-05-28T00:00:00+00:00,synthetic,cyclone,4,103,25.74,434.22,100,88.0,106.93,18.6,84.59,0.33,1.09,405.77,124.77,8.56,61.14,2,0,56.53,3,93.34,96.61,99.33
2024-05-29T00:00:00+00:00,synthetic,cyclone,2,2,41.17,319.2,100,57.49,89.98,28.18,67.61,6.21,1.24,572.24,188.17,2.76,60.85,0,0,14.67,1,55.15,73.9,92.02
2024-05-30T00:00:00+00:00,synthetic,extreme_rain,4,66,17.13,100.1,54.82,15.29,29.72,16.41,97.96,0,0.24,1053.54,172.92,0.55,82.44,6,0,44.04,3,49.94,95.69,88.21
2024-05-31T00:00:00+00:00,synthetic,landslide,3,89,33.49,238.24,66.64,15.21,20.16,18.11,80.86,1.44,0.41,1317.66,39.23,2.87,66.71,28,1.12,30.6,2,77.92,83.75,90.08
2024-06-01T00:00:00+00:00,synthetic,flood,1,2,5.43,1.66,11.83,21.89,36.24,26.61,62.11,4.5,0.54,1191.55,188.13,1.27,22.23,0,0,50.67,0,12.03,97.32,61.71
2024-06-02T00:00:00+00:00,synthetic,other,2,139,1.63,71.8,18.71,3.58,10.42,27.21,50.5,3.1,0.12,6278.96,221.61,4.48,100,4,0.54,44.82,1,30.09,85.61,78.69
2024-06-03T00:00:00+00:00,synthetic,flood,3,36,0,117.15,61.09,15.02,20.82,22.85,78.57,3.53,-0.38,1084.52,80.5,23.25,65.19,5,0,47.29,2,40.67,84.75,68.61
2024-06-04T00:00:00+00:00,synthetic,earthquake,4,82,0,19.84,27.45,9.64,18.77,30.98,65.03,1.4,-0.04,953.56,95.56,3.52,66.54,2,3.36,37.22,3,44.59,80.5,96.46
2024-06-05T00:00:00+00:00,synthetic,other,2,5,4.94,48.79,45.93,29.33,37.38,25.73,97.56,0.9,-0.01,11330.73,1,3.25,100,1,0.22,46.46,1,23.64,92.6,84.08
2024-06-06T00:00:00+00:00,synthetic,other,2,64,4.5,99.11,61.34,24.26,35.38,32.54,60.16,0.94,-0.02,188.22,134.19,1.56,71.49,10,0.57,18.9,1,32.9,97.72,80.12
2024-06-07T00:00:00+00:00,synthetic,fire,1,32,0,3.24,21.58,35.66,48.77,18.6,79.03,0.28,0.04,2582.2,170.7,1.36,57.68,0,0,67.5,0,12.71,96.56,72.27
2024-06-08T00:00:00+00:00,synthetic,flood,3,3,23.46,0,6.3,23.33,39.26,31.1,65.67,3.29,0.55,2169.41,67.57,5.4,74.61,0,0,32.24,2,24.55,86.42,81.49
2024-06-09T00:00:00+00:00,synthetic,flood,3,45,26.43,130.6,47.18,25.22,36.49,24.37,87.42,5.4,0.74,4624.68,1,3.41,100,2,0,50.71,2,46.12,74.32,95.16
2024-06-10T00:00:00+00:00,synthetic,earthquake,1,15,6.66,0,14.77,3.37,8.24,25.54,70.03,1.07,0.04,1909.2,389.58,3.92,61.06,1,3.19,33.39,0,16.61,89.07,70.77
2024-06-11T00:00:00+00:00,synthetic,cyclone,2,14,74.63,268.26,70.46,135.07,153.43,19.68,43.05,2.93,0.25,353.51,1,7.85,86.89,8,0,55.3,1,57.81,70.35,95.34
2024-06-12T00:00:00+00:00,synthetic,fire,3,13,0,10.41,32.92,24.44,34.75,24.87,81.03,0.22,-0.04,967.93,33.95,7.94,92.28,1,0,61.57,2,28.93,76.93,77.63
2024-06-13T00:00:00+00:00,synthetic,earthquake,3,11,4.89,40.34,23.02,17.95,29.32,22.4,76.74,0.58,0.02,1587.33,1,17.42,67.07,2,4.56,58.0,2,46.65,81.04,96.54
2024-06-14T00:00:00+00:00,synthetic,flood,3,121,27.82,10.29,26.94,21.25,34.99,31.75,47.88,4.45,0.42,641.31,27.71,25.28,59.39,3,0,61.03,2,32.74,97.54,83.95
2024-06-15T00:00:00+00:00,synthetic,fire,3,35,4.35,5.61,13.11,24.39,26.69,18.91,90.85,0.61,0.05,3317.65,215.09,9.64,79.32,0,0,83.2,2,31.91,88.84,90.88
2024-06-16T00:00:00+00:00,synthetic,landslide,2,69,22.91,106.2,36.76,8.59,17.32,27.42,65.92,0.97,-0.02,1019.19,5.16,8.6,100,2,1.49,28.5,1,31.87,77.41,80.12
2024-06-17T00:00:00+00:00,synthetic,earthquake,2,33,0,55.01,37.49,6.46,14.62,29.25,91.32,1.27,-0.1,1531.49,58.43,20.1,85.88,1,5.49,48.36,1,40.08,92.2,87.67
2024-06-18T00:00:00+00:00,synthetic,fire,3,14,2.75,11.17,24.58,11.82,29.36,31.61,87.21,0.6,0.0,902.44,65.99,1.69,80.21,0,0,47.96,2,25.98,81.7,80.49
2024-06-19T00:00:00+00:00,synthetic,fire,2,34,0,9.97,18.87,49.88,57.62,25.5,55.8,0,0.06,665.43,313.54,12.01,63.01,4,0,26.73,1,17.5,79.31,59.44
2024-06-20T00:00:00+00:00,synthetic,cyclone,2,13,33.8,179.91,65.44,63.75,109.69,29.06,54.72,7.04,1.25,1573.85,129.17,0.59,84.5,0,0,77.85,1,49.85,80.53,90.57
2024-06-21T00:00:00+00:00,synthetic,other,1,62,0,5.24,20.88,13.46,14.88,21.47,54.89,1.45,0.08,1138.27,93.22,5.49,79.33,3,0.12,44.47,0,11.83,70.01,49.15
2024-06-22T00:00:00+00:00,synthetic,other,1,76,12.86,47.54,32.53,15.34,22.6,32.99,80.61,1.18,-0.06,1250.72,66.72,17.2,78.72,2,1.44,19.81,0,14.87,71.09,43.45
2024-06-23T00:00:00+00:00,synthetic,earthquake,3,32,1.1,16.52,19.79,0.43,0.43,29.86,87.64,1.79,-0.12,836.93,93.29,0.2,71.04,0,3.04,70.55,2,39.21,98.75,92.7
2024-06-24T00:00:00+00:00,synthetic,cyclone,3,37,97.19,14.83,15.93,167.9,201.53,16.65,87.09,8.46,-0.53,407.77,113.5,5.79,78.28,7,0,47.13,2,29.21,84.34,94.77
2024-06-25T00:00:00+00:00,synthetic,extreme_rain,2,34,55.11,252.05,62.04,14.63,32.4,29.49,40.88,1.57,0.41,3579.66,1,36.65,37.57,2,0,68.12,1,54.16,73.31,77.52
2024-06-26T00:00:00+00:00,synthetic,cyclone,4,197,0,337.91,96.17,130.93,177.7,20.45,92.66,5.76,0.78,4165.6,14.1,0.43,61.96,0,0,16.38,3,71.4,71.79,99.72
2024-06-27T00:00:00+00:00,synthetic,other,4,55,6.73,54.04,35.51,5.74,10.0,28.07,67.69,0.78,0.19,820.97,1,23.85,59.52,0,0.1,59.2,3,42.42,82.15,86.02
2024-06-28T00:00:00+00:00,synthetic,earthquake,3,108,8.1,37.74,26.38,3.27,11.07,25.12,86.67,0,0.2,1095.9,281.17,12.86,77.37,0,6.82,30.6,2,47.49,70.35,94.05
2024-06-29T00:00:00+00:00,synthetic,extreme_rain,3,26,29.15,0,10.49,36.31,53.56,38.08,39.92,6.09,-0.28,888.66,11.36,17.22,46.51,1,0,31.87,2,21.14,74.29,86.12
2024-06-30T00:00:00+00:00,synthetic,cyclone,2,19,21.41,115.98,42.81,127.86,157.54,33.68,95.93,2.08,1.59,2364.65,1,6.5,78.55,5,0,49.58,1,42.8,84.86,97.14
2024-07-01T00:00:00+00:00,synthetic,cyclone,2,176,65.14,201.36,81.68,72.69,72.69,38.81,90.2,3.36,0.78,1956.32,97.56,4.0,47.72,3,0,36.27,1,44.99,87.83,91.55
2024-07-02T00:00:00+00:00,synthetic,extreme_rain,3,454,44.99,137.85,66.68,10.26,29.01,30.59,95.54,3.39,0.41,785.55,257.7,4.81,49.82,0,0,85.31,2,49.95,80.21,92.75
2024-07-03T00:00:00+00:00,synthetic,earthquake,4,26,5.87,12.44,13.51,11.7,12.41,23.17,95.52,1.83,0.04,535.16,1,1.81,72.42,3,3.11,53.13,3,46.99,88.71,95.62
2024-07-04T00:00:00+00:00,synthetic,earthquake,4,215,5.85,22.33,11.75,21.1,34.93,24.9,67.26,0.55,0.17,719.31,183.36,7.16,33.79,0,5.84,68.51,3,57.35,77.96,98.41
2024-07-05T00:00:00+00:00,synthetic,other,1,22,10.7,0,24.2,0,8.97,28.47,77.91,0.06,-0.1,680.88,278.57,6.82,45.07,3,0.99,32.84,0,10.77,81.49,46.6
2024-07-06T00:00:00+00:00,synthetic,other,2,12,5.17,4.89,36.38,23.34,32.52,26.83,44.05,2.75,-0.01,1107.49,22.0,2.98,100,0,0,52.13,1,17.91,92.47,42.86
2024-07-07T00:00:00+00:00,synthetic,fire,2,6,1.38,3.46,27.06,33.32,49.78,23.8,95.62,0.21,0.08,1190.07,90.53,0.33,73.75,0,0,37.52,1,15.55,74.77,67.91
2024-07-08T00:00:00+00:00,synthetic,earthquake,2,65,0,38.15,22.26,16.03,24.9,28.79,82.25,0.5,0.1,344.99,40.03,1.63,56.54,3,2.93,11.01,1,26.26,74.09,86.43
2024-07-09T00:00:00+00:00,synthetic,landslide,3,22,28.32,324.59,100,16.81,28.8,28.82,85.13,2.82,0.04,778.84,118.74,18.75,46.42,1,0.53,29.56,2,62.86,95.51,92.35
2024-07-10T00:00:00+00:00,synthetic,flood,3,23,28.17,0,27.9,18.35,38.78,23.57,81.55,3.07,0.59,2647.27,247.19,9.6,86.41,3,0,39.58,2,28.48,86.28,67.54
2024-07-11T00:00:00+00:00,synthetic,earthquake,1,35,6.48,0.74,15.37,8.52,16.13,30.29,42.4,0.2,-0.17,1322.98,20.95,4.02,88.86,1,6.03,33.19,0,24.07,75.02,91.22
2024-07-12T00:00:00+00:00,synthetic,landslide,2,10,10.77,252.81,83.23,9.57,14.97,27.57,60.9,1.36,-0.29,2225.65,1,4.31,82.17,3,0.92,42.74,1,49.73,99.94,90.66
2024-07-13T00:00:00+00:00,synthetic,other,1,72,4.42,44.43,9.37,19.79,27.15,30.24,51.48,0.64,-0.05,1915.51,1,0.9,75.93,4,0.79,32.84,0,16.57,83.21,73.57
2024-07-14T00:00:00+00:00,synthetic,fire,3,25,2.64,5.37,27.16,21.37,39.26,22.1,52.46,0.93,-0.03,453.59,87.05,3.04,71.31,0,0,57.58,2,26.87,96.35,80.77
2024-07-15T00:00:00+00:00,synthetic,cyclone,1,17,81.25,548.12,100,7.28,41.46,26.81,40.98,7.84,-0.07,953.78,1,4.5,65.93,3,0,28.48,0,72.94,90.68,89.54
2024-07-16T00:00:00+00:00,synthetic,extreme_rain,2,48,62.01,86.39,30.31,40.14,43.53,24.71,84.66,5.58,-0.25,283.04,25.54,2.87,49.15,1,0,45.5,1,26.09,82.75,80.29
2024-07-17T00:00:00+00:00,synthetic,landslide,3,36,22.18,231.61,67.42,18.61,33.57,29.64,36.74,1.26,-0.64,672.56,16.69,1.57,70.51,2,0.99,35.06,2,51.44,72.82,92.69
2024-07-18T00:00:00+00:00,synthetic,flood,2,192,19.39,191.44,53.98,15.74,34.5,28.11,96.79,2.14,1.25,1159.37,116.69,11.98,53.14,4,0,59.26,1,51.11,89.76,92.48
2024-07-19T00:00:00+00:00,synthetic,cyclone,2,121,61.42,182.27,49.49,85.7,112.73,28.39,49.09,6.18,0.5,1591.45,93.67,7.88,74.47,0,0,55.66,1,42.4,75.2,90.88
2024-07-20T00:00:00+00:00,synthetic,earthquake,3,65,0.05,28.89,33.98,25.96,25.96,26.02,95.8,0,-0.17,3054.18,1,1.52,72.38,0,3.35,21.98,2,32.64,90.28,94.79
2024-07-21T00:00:00+00:00,synthetic,landslide,2,19,7.54,126.19,62.91,8.93,22.19,31.39,58.85,1.55,0.38,1258.56,1,0.25,60.63,3,0,29.96,1,32.85,99.05,79.62
2024-07-22T00:00:00+00:00,synthetic,other,2,29,11.5,0,14.09,34.0,38.49,29.71,56.09,0,-0.05,490.17,74.46,12.81,49.51,3,0.91,10.18,1,14.71,83.33,68.15
2024-07-23T00:00:00+00:00,synthetic,extreme_rain,2,83,7.84,23.96,31.98,5.16,32.18,18.76,75.43,5.81,0.61,785.59,45.85,1.3,56.16,0,0,24.53,1,18.34,77.76,62.85
2024-07-24T00:00:00+00:00,synthetic,flood,2,3,40.03,156.19,39.16,28.31,55.17,19.37,52.43,7.6,0.14,816.88,6.18,1.46,68.38,1,0,35.01,1,34.54,93.42,89.73
2024-07-25T00:00:00+00:00,synthetic,fire,4,1,0.64,6.61,17.01,21.05,33.35,20.08,62.21,0.6,0.1,6337.78,83.2,2.64,98.25,0,0,54.31,3,35.07,76.06,91.71
2024-07-26T00:00:00+00:00,synthetic,earthquake,4,1,2.84,49.97,24.05,6.96,25.48,31.35,36.33,0.64,-0.07,1370.12,45.35,0.39,78.7,7,4.24,12.16,3,50.16,88.85,97.8
2024-07-27T00:00:00+00:00,synthetic,fire,4,26,3.6,8.51,30.72,20.37,38.53,23.33,79.47,0.87,0.06,659.47,99.91,3.9,100,0,0,48.85,3,34.14,84.19,89.2
2024-07-28T00:00:00+00:00,synthetic,cyclone,3,24,41.76,352.86,100,60.72,68.34,23.8,94.37,9.15,0.33,931.04,166.71,3.97,54.42,1,0,16.75,2,63.82,98.24,97.19
2024-07-29T00:00:00+00:00,synthetic,cyclone,2,26,60.64,503.09,100,93.33,130.42,30.12,35.57,4.28,0.83,1659.47,27.2,8.43,95.69,8,0,57.72,1,89.32,97.5,97.92
2024-07-30T00:00:00+00:00,synthetic,cyclone,3,2,35.82,197.35,61.66,49.34,61.25,26.24,96.05,2.03,0.3,1992.06,1,5.25,71.19,3,0,37.86,2,50.39,94.17,90.0
2024-07-31T00:00:00+00:00,synthetic,landslide,4,213,13.17,410.21,100,22.46,30.17,24.42,97.12,1.59,0.39,1034.09,256.46,6.67,83.49,2,0.47,82.26,3,92.99,77.37,98.5
2024-08-01T00:00:00+00:00,synthetic,flood,4,165,2.7,0,22.58,30.44,53.67,23.62,35.32,5.44,0.18,9937.22,1,39.62,66.62,13,0,42.7,3,42.97,91.4,89.7
2024-08-02T00:00:00+00:00,synthetic,earthquake,4,23,1.25,45.69,41.51,7.96,13.32,26.48,44.2,1.8,0.02,1522.4,111.61,11.09,56.36,0,5.23,54.49,3,55.05,99.24,97.93
2024-08-03T00:00:00+00:00,synthetic,cyclone,1,1,26.71,271.9,94.46,108.15,139.23,20.89,71.98,6.76,0.63,2592.05,1,1.72,64.58,1,0,10.02,0,38.4,85.76,84.35
2024-08-04T00:00:00+00:00,synthetic,extreme_rain,2,3,37.89,308.09,100,19.57,48.58,20.95,83.76,2.55,0.86,972.68,156.16,21.98,82.4,1,0,52.57,1,59.55,93.5,75.77
2024-08-05T00:00:00+00:00,synthetic,extreme_rain,3,630,15.33,41.7,46.27,29.33,46.5,21.02,52.75,3.69,0.49,3188.75,69.51,3.43,91.19,2,0,25.29,2,29.59,92.18,87.18
2024-08-06T00:00:00+00:00,synthetic,extreme_rain,2,13,34.58,0,0,17.66,39.84,30.31,67.18,2.92,0.39,653.16,1,10.72,60.36,2,0,59.39,1,22.23,95.76,63.33
2024-08-07T00:00:00+00:00,synthetic,cyclone,3,10,35.67,139.57,67.8,71.7,116.02,21.68,64.61,6.24,1.14,593.82,63.76,5.06,60.97,0,0,38.64,2,45.4,71.16,95.48
2024-08-08T00:00:00+00:00,synthetic,fire,2,56,2.14,7.56,12.15,41.03,52.1,30.92,48.92,0.26,0.04,1863.17,8.77,5.81,75.33,3,0,32.47,1,17.36,97.05,75.01
2024-08-09T00:00:00+00:00,synthetic,landslide,4,28,16.82,54.35,27.99,22.71,33.38,15.51,86.6,1.86,0.66,920.02,1,0.45,66.45,0,1.01,63.74,3,48.3,71.68,94.83
2024-08-10T00:00:00+00:00,synthetic,earthquake,4,18,4.21,47.55,9.85,18.61,18.61,28.36,83.15,0.84,0.01,672.3,379.9,7.63,67.77,0,7.34,57.61,3,62.12,82.44,96.8
2024-08-11T00:00:00+00:00,synthetic,flood,1,30,0,68.74,27.84,34.46,47.51,25.23,70.03,3.85,0.43,1035.4,14.98,2.71,87.84,0,0,26.48,0,15.19,96.62,51.34
2024-08-12T00:00:00+00:00,synthetic,other,2,30,13.4,19.93,28.33,13.96,20.74,29.16,37.08,1.01,0.09,395.69,1,10.06,72.38,0,0,52.63,1,20.3,91.24,58.03
2024-08-13T00:00:00+00:00,synthetic,extreme_rain,2,9,30.54,104.54,38.1,30.73,45.2,32.62,82.42,2.68,0.49,1005.57,239.53,7.45,92.01,2,0,37.4,1,31.34,82.37,66.01
2024-08-14T00:00:00+00:00,synthetic,fire,3,8,0.32,2.56,24.1,9.29,25.13,29.23,75.84,0.49,0.08,645.28,1,10.16,51.09,0,0,54.1,2,26.42,75.82,72.51
2024-08-15T00:00:00+00:00,synthetic,extreme_rain,3,33,6.67,157.51,44.82,11.77,26.47,22.79,59.19,0.63,0.1,1239.56,240.75,13.5,66.7,0,0,70.6,2,48.09,88.3,86.12
2024-08-16T00:00:00+00:00,synthetic,other,2,4,18.78,0,44.75,31.41,36.82,30.35,97.75,0.54,0.05,489.4,93.15,19.55,35.18,4,0.87,39.29,1,21.13,85.58,55.15
2024-08-17T00:00:00+00:00,synthetic,flood,3,259,6.17,24.03,41.56,19.89,28.11,25.36,59.37,5.4,0.01,487.99,3.21,0.38,70.68,1,0,48.85,2,28.54,91.37,86.3
2024-08-18T00:00:00+00:00,synthetic,landslide,2,13,0,167.14,49.33,8.94,18.25,20.58,35.13,1.35,0.74,377.39,79.65,7.61,54.56,3,0.47,20.85,1,39.34,96.6,82.24
2024-08-19T00:00:00+00:00,synthetic,earthquake,3,97,3.92,59.73,37.12,6.3,8.05,30.98,62.17,1.47,0.18,930.88,8.02,2.03,74.72,0,4.69,61.03,2,49.16,77.5,97.8
2024-08-20T00:00:00+00:00,synthetic,extreme_rain,4,7,31.98,201.88,74.56,15.01,26.42,29.96,46.71,5.69,0.5,904.78,120.43,5.55,100,0,0,58.32,3,61.21,86.88,93.74
2024-08-21T00:00:00+00:00,synthetic,other,3,11,16.6,7.72,20.96,19.08,32.42,29.78,73.0,0,0.22,433.55,1,17.69,69.19,8,0,21.28,2,28.27,85.86,55.91
2024-08-22T00:00:00+00:00,synthetic,earthquake,2,40,4.54,0,13.26,0,0,31.06,89.64,1.34,0.06,349.23,1,11.33,89.46,0,3.34,64.46,1,29.94,88.83,79.99
2024-08-23T00:00:00+00:00,synthetic,fire,3,5,0.71,0,38.92,24.41,36.86,28.02,73.4,0.26,0.03,1000.4,285.46,0.82,56.86,16,0,47.57,2,37.49,83.3,83.92
2024-08-24T00:00:00+00:00,synthetic,landslide,2,16,17.1,108.16,49.19,19.07,26.14,27.36,64.8,1.17,0.36,962.11,128.65,4.23,64.96,1,0.79,54.92,1,35.81,71.72,82.15
2024-08-25T00:00:00+00:00,synthetic,fire,4,191,3.11,5.6,24.55,27.47,50.59,27.99,85.62,0.26,0.13,330.96,1,13.25,43.68,0,0,53.77,3,34.98,92.81,93.68
2024-08-26T00:00:00+00:00,synthetic,landslide,1,89,4.18,418.85,100,22.44,27.87,30.21,56.06,2.21,0.22,1259.05,200.35,1.8,48.37,0,0.39,58.49,0,63.08,97.87,89.47
2024-08-27T00:00:00+00:00,synthetic,earthquake,2,31,3.65,3.95,27.67,24.54,36.88,27.32,79.65,1.12,0.03,270.08,20.93,1.48,56.69,0,5.53,57.03,1,35.47,81.05,94.97
2024-08-28T00:00:00+00:00,synthetic,earthquake,2,41,7.47,40.79,10.7,15.43,18.7,36.36,87.58,2.02,0.19,811.89,77.31,0.83,50.6,0,4.21,33.34,1,32.47,76.72,93.44
2024-08-29T00:00:00+00:00,synthetic,landslide,1,19,33.74,99.14,47.9,1.45,15.06,24.28,86.99,0.97,0.14,1060.17,51.45,24.07,72.02,3,0.04,30.39,0,20.56,72.52,36.28
2024-08-30T00:00:00+00:00,synthetic,fire,4,12,2.17,1.06,22.93,43.4,50.58,31.68,44.4,0.17,0.0,1201.84,86.17,2.09,64.51,3,0,63.78,3,38.01,92.2,90.56
2024-08-31T00:00:00+00:00,synthetic,cyclone,4,37,33.72,304.35,81.78,100.61,158.09,36.33,76.43,8.67,-0.02,816.68,1,8.94,47.41,4,0,53.13,3,73.17,93.63,99.59
2024-09-01T00:00:00+00:00,synthetic,other,4,26,3.46,57.22,40.45,21.98,32.46,26.8,60.59,0.91,-0.13,1806.98,85.6,5.68,68.75,2,0.43,83.68,3,48.16,75.04,96.49
2024-09-02T00:00:00+00:00,synthetic,flood,4,55,0,315.58,94.82,0,17.54,20.23,92.25,2.5,-0.07,1699.39,33.94,14.9,49.75,0,0,25.54,3,66.13,79.18,94.11
2024-09-03T00:00:00+00:00,synthetic,flood,3,4,37.17,113.14,37.22,8.02,31.43,33.02,77.22,0.64,-0.27,569.36,1,9.15,90.58,2,0,43.4,2,37.62,75.24,78.32
2024-09-04T00:00:00+00:00,synthetic,flood,2,27,34.13,171.14,60.61,29.62,34.81,16.57,76.24,1.05,0.67,606.22,220.04,6.54,67.4,1,0,90.73,1,49.0,79.21,80.52
2024-09-05T00:00:00+00:00,synthetic,cyclone,3,170,37.75,367.67,100,113.12,152.92,21.65,71.24,3.02,0.43,415.54,75.5,0.92,95.74,1,0,18.8,2,66.47,76.32,97.09
2024-09-06T00:00:00+00:00,synthetic,landslide,1,251,9.18,105.27,56.19,10.46,21.03,29.0,50.98,3.51,0.45,1053.3,188.25,2.8,60.74,0,0.4,63.3,0,27.45,85.13,79.1
2024-09-07T00:00:00+00:00,synthetic,flood,1,59,0,165.11,61.8,10.01,28.34,23.41,62.68,5.08,-0.04,553.19,267.74,4.31,34.45,0,0,63.13,0,31.0,95.09,82.51
2024-09-08T00:00:00+00:00,synthetic,extreme_rain,3,9,0,82.83,48.84,14.69,19.51,21.12,43.87,2.6,0.93,742.0,84.37,2.69,57.52,2,0,64.15,2,43.71,99.06,88.02
2024-09-09T00:00:00+00:00,synthetic,landslide,2,6,39.33,270.84,88.07,19.04,22.21,27.84,71.08,2.25,0.68,410.78,1,12.27,79.68,1,1.44,69.25,1,61.49,78.17,89.29
2024-09-10T00:00:00+00:00,synthetic,other,2,76,12.62,16.55,34.75,28.28,39.22,16.76,73.74,0.82,0.23,1418.87,86.61,12.89,93.78,0,0.68,81.48,1,27.83,88.34,65.01
2024-09-11T00:00:00+00:00,synthetic,cyclone,2,13,33.1,154.38,56.34,146.29,168.47,38.52,60.96,3.92,1.24,1345.81,15.27,2.75,34.62,0,0,45.13,1,40.86,95.25,97.09
2024-09-12T00:00:00+00:00,synthetic,extreme_rain,1,80,45.25,177.45,83.39,10.15,20.46,31.7,76.98,5.09,0.56,626.14,191.52,8.65,82.86,2,0,70.84,0,38.42,76.87,67.47
2024-09-13T00:00:00+00:00,synthetic,fire,2,13,1.81,4.67,14.94,20.98,24.37,25.97,74.84,0.47,0.07,492.89,310.84,13.43,87.2,13,0,55.04,1,29.2,92.14,56.45
2024-09-14T00:00:00+00:00,synthetic,extreme_rain,2,20,24.05,247.1,83.59,30.21,36.16,20.6,85.41,7.96,0.65,2358.15,89.43,1.49,61.18,1,0,26.02,1,46.39,72.02,85.35
2024-09-15T00:00:00+00:00,synthetic,fire,3,37,4.0,2.62,30.0,21.86,25.98,30.26,70.94,0,-0.05,1541.15,1,11.37,60.82,4,0,38.28,2,26.15,97.31,69.43
2024-09-16T00:00:00+00:00,synthetic,earthquake,2,43,5.96,13.45,18.72,25.03,34.54,28.4,38.25,0.99,-0.05,768.44,74.42,0.9,71.74,0,6.14,42.66,1,35.45,97.07,94.9
2024-09-17T00:00:00+00:00,synthetic,extreme_rain,2,19,12.98,229.12,71.48,27.65,39.69,25.56,61.23,2.26,0.12,1222.43,230.82,1.99,60.96,1,0,58.49,1,47.42,98.7,86.67
2024-09-18T00:00:00+00:00,synthetic,extreme_rain,3,8,12.07,96.6,42.33,22.53,24.31,23.88,96.29,5.46,0.24,2145.99,1,5.34,96.15,0,0,61.14,2,39.78,91.82,71.92
2024-09-19T00:00:00+00:00,synthetic,landslide,3,1,38.06,13.5,20.96,24.52,32.11,27.99,81.1,2.88,0.13,1760.43,123.93,1.94,41.33,4,1.15,61.5,2,36.01,89.55,89.1
2024-09-20T00:00:00+00:00,synthetic,extreme_rain,3,95,0,287.88,97.16,6.34,15.66,30.52,48.78,2.81,0.4,3243.43,1,13.93,87.5,1,0,54.92,2,63.25,71.07,87.29
2024-09-21T00:00:00+00:00,synthetic,other,2,94,6.42,30.65,34.71,0,8.22,26.53,48.06,1.2,-0.02,140.06,37.27,2.98,79.47,5,0,11.34,1,17.62,75.34,65.89
2024-09-22T00:00:00+00:00,synthetic,other,1,49,0,62.5,42.0,8.11,13.97,26.07,90.73,1.02,-0.11,1117.83,220.36,3.36,79.61,0,0.65,72.83,0,22.02,92.13,52.66
2024-09-23T00:00:00+00:00,synthetic,flood,1,42,19.67,115.84,43.84,39.5,42.33,24.85,38.59,6.87,0.48,144.68,126.85,9.05,59.95,2,0,20.61,0,21.63,70.21,49.6
2024-09-24T00:00:00+00:00,synthetic,fire,4,186,2.56,22.79,10.09,26.28,47.23,19.65,49.97,0.29,0.06,1914.81,85.91,11.0,44.63,1,0,65.61,3,39.63,98.03,94.09
2024-09-25T00:00:00+00:00,synthetic,other,2,53,10.25,19.01,11.0,21.94,29.76,28.81,61.05,1.82,0.21,840.68,258.28,12.18,89.64,3,0.8,43.7,1,23.99,89.78,58.99
2024-09-26T00:00:00+00:00,synthetic,earthquake,4,86,9.12,51.11,39.54,4.29,8.27,35.05,43.86,1.28,-0.03,889.9,229.79,6.51,85.22,0,3.35,38.64,3,46.98,77.82,94.87
2024-09-27T00:00:00+00:00,synthetic,fire,4,46,0,9.85,28.33,25.68,49.6,23.73,94.51,0.14,-0.09,1813.74,1,5.08,34.95,5,0,60.04,3,39.53,79.22,92.17
2024-09-28T00:00:00+00:00,synthetic,fire,1,16,0.54,5.49,26.08,31.94,45.1,33.16,60.37,0,-0.01,1080.68,38.59,0.51,58.14,0,0,81.04,0,15.19,99.22,68.29
2024-09-29T00:00:00+00:00,synthetic,flood,1,12,20.26,212.35,75.36,40.97,64.12,26.89,63.21,1.03,-0.07,1215.68,1,0.68,75.28,0,0,46.41,0,33.48,74.04,82.89
2024-09-30T00:00:00+00:00,synthetic,earthquake,2,61,9.01,37.09,43.39,5.25,5.25,23.7,80.63,0.96,-0.11,1451.5,95.17,7.65,68.65,8,5.33,39.59,1,41.41,79.2,89.88
2024-10-01T00:00:00+00:00,synthetic,landslide,2,13,27.05,255.4,77.51,31.28,42.78,23.14,82.57,2.28,0.28,1004.01,80.23,0.34,21.64,0,0.81,54.43,1,52.27,99.87,91.51
2024-10-02T00:00:00+00:00,synthetic,fire,3,43,0.19,7.44,17.97,40.53,49.46,28.69,40.29,0.49,-0.06,1071.38,1,4.03,65.5,1,0,50.25,2,26.42,99.13,86.23
2024-10-03T00:00:00+00:00,synthetic,landslide,2,10,0,50.57,37.0,13.78,19.5,33.1,91.63,1.05,0.27,709.13,277.06,0.62,55.95,3,0.68,14.11,1,22.41,70.92,62.44
2024-10-04T00:00:00+00:00,synthetic,cyclone,2,28,6.34,2.36,7.02,46.3,57.24,29.21,87.12,4.92,0.56,823.42,1,5.43,57.14,0,0,28.18,1,16.15,88.03,83.54
2024-10-05T00:00:00+00:00,synthetic,other,2,27,5.35,62.14,34.92,14.77,34.75,30.73,75.88,1.79,0.11,347.33,183.18,7.05,71.33,2,0.46,31.83,1,24.73,91.57,70.08
2024-10-06T00:00:00+00:00,synthetic,other,4,107,1.54,45.94,21.43,29.88,46.09,25.38,96.33,1.6,0.02,897.7,1,25.04,69.54,2,0.59,65.55,3,44.76,73.18,92.21
2024-10-07T00:00:00+00:00,synthetic,flood,3,6,16.79,18.93,19.67,19.87,33.11,26.62,78.73,5.89,0.8,518.36,36.47,4.74,54.07,2,0,57.64,2,34.24,79.32,84.0
2024-10-08T00:00:00+00:00,synthetic,fire,3,29,0.48,7.12,22.13,33.59,51.59,31.44,83.92,0,0.06,1270.98,268.76,27.27,86.07,1,0,41.74,2,25.47,90.79,62.53
2024-10-09T00:00:00+00:00,synthetic,extreme_rain,2,259,9.42,325.86,94.6,14.54,35.8,26.02,62.87,5.47,0.45,186.45,1,7.13,42.75,0,0,49.28,1,58.21,87.84,96.29
2024-10-10T00:00:00+00:00,synthetic,extreme_rain,1,66,0,139.81,64.32,10.69,21.77,30.32,67.14,5.27,0.68,317.72,91.05,1.02,55.24,0,0,43.31,0,27.96,73.74,62.75
2024-10-11T00:00:00+00:00,synthetic,fire,3,5,0.59,7.52,27.16,26.24,43.45,30.93,44.75,0.44,-0.02,2418.86,296.1,23.99,75.83,2,0,47.71,2,27.01,73.7,73.12
2024-10-12T00:00:00+00:00,synthetic,other,2,13,3.51,54.4,31.42,16.85,24.28,32.77,62.58,1.86,0.1,1236.87,169.1,0.24,77.74,9,0.72,35.97,1,30.88,99.59,76.07
2024-10-13T00:00:00+00:00,synthetic,landslide,1,62,0,178.75,72.77,21.98,38.78,24.94,55.76,1.05,0.31,2360.58,1,2.61,50.31,3,1.61,18.41,0,33.55,76.29,73.43
2024-10-14T00:00:00+00:00,synthetic,other,1,156,6.85,0,15.04,0.9,7.4,26.02,47.99,0.6,0.04,2211.2,50.17,0.22,72.93,1,0.28,34.8,0,8.08,90.09,56.38
2024-10-15T00:00:00+00:00,synthetic,extreme_rain,2,31,22.99,60.93,33.76,17.88,46.14,30.28,64.82,6.49,0.31,4539.61,118.05,4.2,73.31,3,0,60.05,1,30.09,84.66,85.26
2024-10-16T00:00:00+00:00,synthetic,earthquake,2,18,9.66,20.36,13.31,9.49,16.15,21.28,76.15,2.5,-0.11,811.44,125.41,6.3,50.03,3,4.31,55.3,1,35.18,81.4,93.8
2024-10-17T00:00:00+00:00,synthetic,cyclone,2,37,47.3,265.1,72.49,22.05,58.02,28.05,44.03,6.15,0.45,1593.13,163.32,30.0,48.52,0,0,63.09,1,53.41,98.57,79.65
2024-10-18T00:00:00+00:00,synthetic,earthquake,2,43,0,0,0,15.67,32.37,32.13,71.11,1.63,0.1,2453.47,1,6.15,70.56,1,4.65,73.37,1,36.47,74.66,93.08
2024-10-19T00:00:00+00:00,synthetic,landslide,2,132,7.24,0,34.24,16.07,17.33,21.24,90.07,2.77,-0.3,1859.62,1,9.24,45.8,5,0.22,59.9,1,21.95,90.43,73.07
2024-10-20T00:00:00+00:00,synthetic,other,1,38,3.19,23.62,25.42,18.39,28.46,26.33,76.82,0.89,-0.07,1056.79,1,3.68,81.37,3,0,16.15,0,7.78,72.98,46.31
2024-10-21T00:00:00+00:00,synthetic,landslide,1,69,0,97.62,58.33,17.96,28.64,21.3,94.68,1.77,0.36,1568.3,1,7.96,73.78,1,0.71,22.97,0,20.59,83.27,78.64
2024-10-22T00:00:00+00:00,synthetic,fire,4,6,0,6.54,29.77,22.08,39.07,35.61,56.72,0.57,0.06,2094.53,124.46,5.14,42.25,0,0,16.16,3,28.01,71.23,89.63
2024-10-23T00:00:00+00:00,synthetic,landslide,2,242,0.52,275.7,90.69,19.9,37.81,29.67,70.24,2.02,0.16,2673.57,485.34,14.53,100,1,0.68,62.96,1,56.04,71.96,87.34
2024-10-24T00:00:00+00:00,synthetic,fire,2,16,2.75,7.3,23.46,21.27,28.52,16.43,58.51,0.84,-0.04,2290.91,92.21,0.63,63.83,5,0,61.89,1,23.8,89.17,64.1
2024-10-25T00:00:00+00:00,synthetic,extreme_rain,1,41,29.35,201.69,85.93,17.47,24.41,19.22,43.28,4.19,0.33,2270.12,1,13.06,86.43,0,0,42.17,0,33.47,76.29,64.2
2024-10-26T00:00:00+00:00,synthetic,other,1,8,0.59,17.1,24.61,2.63,8.49,24.72,42.67,1.86,0.08,1138.54,71.45,6.5,70.56,6,0,41.99,0,14.79,76.63,53.05
2024-10-27T00:00:00+00:00,synthetic,flood,2,15,38.66,178.48,71.37,8.91,32.98,29.17,59.78,1.76,0.28,447.64,68.22,6.75,75.04,5,0,51.77,1,44.15,83.36,76.21
2024-10-28T00:00:00+00:00,synthetic,cyclone,2,46,10.35,278.71,84.24,92.02,114.01,30.93,89.8,4.0,0.64,851.28,169.18,3.59,66.06,0,0,56.11,1,54.72,95.75,96.16
2024-10-29T00:00:00+00:00,synthetic,earthquake,4,78,9.49,51.74,22.29,18.61,22.33,17.86,40.42,1.98,-0.11,874.88,54.65,12.57,100,7,5.98,28.26,3,58.28,81.86,97.23
2024-10-30T00:00:00+00:00,synthetic,other,3,51,0,75.75,57.67,22.75,36.38,28.65,77.57,0.7,0.11,1371.08,42.23,23.88,71.66,0,0.22,53.93,2,36.0,87.93,75.2
2024-10-31T00:00:00+00:00,synthetic,landslide,3,12,25.08,138.53,55.45,9.92,18.54,28.74,48.9,2.05,0.84,485.83,80.59,1.38,44.67,2,0.9,57.79,2,51.5,99.07,86.59
2024-11-01T00:00:00+00:00,synthetic,extreme_rain,4,12,0,287.06,90.02,14.11,33.73,27.78,35.44,8.16,0.99,975.42,157.03,6.01,72.09,0,0,35.38,3,69.77,86.19,94.77
2024-11-02T00:00:00+00:00,synthetic,extreme_rain,3,48,0.61,276.58,87.77,28.05,34.1,21.39,97.87,0.76,0.2,419.73,51.21,2.89,78.96,0,0,69.72,2,62.72,83.31,92.75
2024-11-03T00:00:00+00:00,synthetic,extreme_rain,2,16,0,205.84,77.81,20.03,36.34,22.92,76.6,0.52,0.8,467.1,89.72,6.26,66.61,12,0,15.85,1,49.18,89.11,75.55
2024-11-04T00:00:00+00:00,synthetic,other,2,27,9.18,61.2,42.78,9.68,18.47,27.33,49.73,0.7,0.14,2471.95,129.16,10.0,77.1,3,0.59,39.33,1,27.3,71.91,60.95
2024-11-05T00:00:00+00:00,synthetic,flood,3,14,14.29,0,24.51,20.05,40.01,39.85,76.69,2.77,0.4,1350.48,133.48,5.8,65.48,0,0,8.94,2,19.6,70.2,75.89
2024-11-06T00:00:00+00:00,synthetic,extreme_rain,1,211,14.88,270.28,77.79,0.95,19.07,32.34,54.54,5.65,0.25,1528.06,184.41,5.56,70.7,4,0,7.62,0,38.25,83.21,57.26
2024-11-07T00:00:00+00:00,synthetic,fire,3,60,0,6.47,12.5,36.99,36.99,21.86,54.58,0.24,-0.05,2849.36,1,0.94,84.29,1,0,43.55,2,25.18,96.41,80.82
2024-11-08T00:00:00+00:00,synthetic,landslide,4,27,27.74,228.98,65.51,6.25,15.36,21.87,84.37,1.67,0.59,758.17,1.7,3.95,61.17,2,0.01,21.55,3,59.94,76.96,95.45
2024-11-09T00:00:00+00:00,synthetic,cyclone,4,21,14.11,12.46,27.88,97.4,114.71,29.98,36.25,6.26,1.18,191.42,93.51,0.64,70.21,1,0,58.13,3,42.64,72.37,97.57
2024-11-10T00:00:00+00:00,synthetic,flood,2,29,9.98,181.26,47.1,9.18,23.08,22.53,67.97,1.74,0.23,1666.5,227.82,5.9,75.63,0,0,49.81,1,39.85,79.52,68.84
2024-11-11T00:00:00+00:00,synthetic,fire,2,18,2.93,15.93,6.53,39.46,50.76,20.6,68.84,0.24,0.02,835.46,29.61,25.38,70.85,4,0,100,1,31.2,89.93,66.47
2024-11-12T00:00:00+00:00,synthetic,flood,1,51,47.54,7.55,20.15,36.61,48.75,30.0,78.09,4.55,0.93,1587.95,103.97,13.8,84.11,1,0,38.13,0,13.24,86.1,40.42
2024-11-13T00:00:00+00:00,synthetic,landslide,2,93,41.14,0,4.93,8.11,14.81,26.91,80.38,2.83,0.4,1991.47,300.44,4.77,67.51,0,0.46,46.71,1,19.77,90.28,71.89
2024-11-14T00:00:00+00:00,synthetic,landslide,3,44,19.35,113.79,58.15,19.38,31.25,23.88,84.9,3.06,0.17,434.13,1,11.83,66.86,0,0.9,24.52,2,37.65,88.05,86.39
2024-11-15T00:00:00+00:00,synthetic,extreme_rain,3,9,23.72,59.55,31.74,33.76,42.52,28.4,90.7,5.94,0.27,395.73,150.96,2.64,92.75,1,0,35.79,2,31.72,85.88,85.82
2024-11-16T00:00:00+00:00,synthetic,landslide,2,36,10.48,182.1,82.19,16.59,27.21,32.61,35.76,1.08,0.01,5562.69,1,1.05,57.34,0,0,33.64,1,35.96,84.53,93.61
2024-11-17T00:00:00+00:00,synthetic,extreme_rain,4,26,5.65,111.61,48.98,22.88,35.29,32.77,41.72,2.55,0.87,1072.46,74.49,4.03,88.11,1,0,30.88,3,48.11,84.04,89.55
2024-11-18T00:00:00+00:00,synthetic,flood,3,96,25.64,238.82,77.87,12.64,17.01,20.76,49.02,2.36,0.54,1311.96,20.58,22.84,37.17,1,0,53.32,2,57.75,77.49,93.74
2024-11-19T00:00:00+00:00,synthetic,flood,2,28,0,188.22,68.56,2.22,5.37,25.33,62.82,5.52,0.06,3689.41,159.79,6.48,48.66,0,0,35.73,1,37.29,87.98,77.36
2024-11-20T00:00:00+00:00,synthetic,cyclone,1,67,25.66,85.51,35.78,149.78,171.27,30.48,51.82,0.63,0.97,713.87,4.62,0.33,48.49,3,0,51.54,0,26.77,77.53,93.15
2024-11-21T00:00:00+00:00,synthetic,other,3,48,10.56,91.36,27.8,19.24,28.8,36.89,55.14,1.26,-0.05,3112.77,1,4.86,61.57,0,0,65.2,2,38.46,84.47,85.72
2024-11-22T00:00:00+00:00,synthetic,flood,1,6,0,78.0,31.05,15.58,31.89,21.82,42.6,3.16,0.07,1358.57,88.8,5.06,86.58,1,0,22.86,0,14.64,74.97,47.84
2024-11-23T00:00:00+00:00,synthetic,extreme_rain,2,305,31.11,95.55,45.5,19.44,37.19,25.51,47.64,6.08,0.68,423.55,1,10.01,39.28,0,0,65.74,1,34.72,73.63,83.44
2024-11-24T00:00:00+00:00,synthetic,earthquake,3,115,7.94,12.66,21.62,11.78,25.5,20.03,83.46,1.02,0.06,1279.36,35.45,17.1,47.71,1,4.41,45.77,2,40.07,97.85,94.74
2024-11-25T00:00:00+00:00,synthetic,extreme_rain,2,14,23.76,318.13,100,11.7,29.6,28.19,62.07,5.48,0.77,5251.44,122.36,7.17,59.87,0,0,40.17,1,57.27,76.42,92.68
2024-11-26T00:00:00+00:00,synthetic,landslide,3,5,0.73,87.91,30.9,10.99,21.31,25.29,43.38,1.32,0.2,1991.05,57.64,1.27,66.98,3,0.37,41.05,2,38.45,77.81,74.78
2024-11-27T00:00:00+00:00,synthetic,fire,3,32,2.41,8.56,18.38,7.0,19.75,31.83,54.44,0,-0.05,1093.38,118.04,6.84,100,1,0,62.07,2,28.77,86.86,80.24
2024-11-28T00:00:00+00:00,synthetic,fire,2,13,0.82,14.35,23.62,11.99,20.91,30.05,55.63,0.16,-0.03,589.7,215.04,1.26,58.63,1,0,46.86,1,18.82,92.03,59.47
2024-11-29T00:00:00+00:00,synthetic,landslide,3,66,0,10.82,21.28,30.15,33.76,29.87,94.05,2.11,0.09,1037.75,38.04,7.11,58.21,5,1.15,65.55,2,37.03,78.95,92.0
2024-11-30T00:00:00+00:00,synthetic,extreme_rain,3,12,17.69,93.12,64.47,11.94,25.54,27.98,50.49,5.86,0.5,1161.26,1,23.87,79.15,0,0,44.85,2,37.76,98.05,72.32
2024-12-01T00:00:00+00:00,synthetic,other,3,1,0,0,24.1,2.34,13.8,19.24,75.66,0.46,0.14,5596.04,105.43,5.5,61.2,2,0.22,42.2,2,26.56,93.7,84.3
2024-12-02T00:00:00+00:00,synthetic,landslide,1,10,0,40.07,33.2,14.85,32.3,35.62,59.88,2.04,0.44,1099.43,245.37,1.93,74.91,0,0.53,49.51,0,17.49,92.8,60.55
2024-12-03T00:00:00+00:00,synthetic,landslide,3,25,8.27,90.23,36.82,24.09,37.4,23.68,71.24,3.27,0.26,1920.97,136.01,2.99,100,0,0.84,49.42,2,39.56,90.68,84.34
2024-12-04T00:00:00+00:00,synthetic,flood,2,12,4.33,87.11,58.48,6.14,20.17,23.95,54.18,1.09,0.12,777.14,31.26,33.12,74.58,3,0,21.65,1,25.36,88.56,51.69
2024-12-05T00:00:00+00:00,synthetic,flood,1,60,44.48,0,16.73,8.84,18.75,28.47,42.14,4.61,0.83,2132.62,99.0,13.82,42.16,0,0,35.95,0,10.62,89.98,33.37
2024-12-06T00:00:00+00:00,synthetic,flood,2,130,28.99,355.88,100,12.94,26.64,21.06,80.71,4.62,0.57,501.44,127.52,1.22,91.78,5,0,77.25,1,71.45,74.97,94.18
2024-12-07T00:00:00+00:00,synthetic,extreme_rain,2,182,26.99,190.32,61.65,18.09,32.07,32.91,62.24,8.11,0.32,2911.01,29.91,9.35,72.05,0,0,44.31,1,40.41,77.02,89.26
2024-12-08T00:00:00+00:00,synthetic,flood,2,39,0,155.18,41.95,16.14,22.87,30.87,55.15,4.51,0.27,1693.2,1,5.17,71.17,1,0,38.04,1,35.61,86.43,82.3
2024-12-09T00:00:00+00:00,synthetic,fire,2,85,1.02,10.91,15.78,39.98,51.95,32.86,45.3,0.26,0.01,1540.58,211.63,7.55,77.97,1,0,29.07,1,15.37,75.01,75.23
2024-12-10T00:00:00+00:00,synthetic,extreme_rain,3,33,19.03,41.6,26.6,15.68,30.38,25.95,36.86,2.79,0.57,1584.96,105.34,1.5,100,4,0,52.36,2,36.48,79.09,82.02
2024-12-11T00:00:00+00:00,synthetic,fire,3,66,0.71,5.27,11.14,29.66,39.17,29.47,45.3,0.5,-0.08,1505.76,371.57,3.03,77.36,1,0,25.08,2,21.56,98.66,74.03
2024-12-12T00:00:00+00:00,synthetic,other,3,199,13.27,39.66,51.54,2.78,9.28,21.42,78.8,1.24,0.04,1402.47,137.13,40.2,73.55,7,0.79,38.32,2,35.84,83.94,56.37
2024-12-13T00:00:00+00:00,synthetic,fire,2,56,2.62,2.18,15.53,23.65,36.66,29.78,35.26,0.28,0.03,993.04,309.12,14.28,87.54,1,0,48.16,1,17.9,91.12,56.48
2024-12-14T00:00:00+00:00,synthetic,earthquake,1,288,7.29,25.47,23.36,7.81,16.61,39.44,74.02,0.58,-0.0,1397.35,1,2.18,51.22,0,5.96,36.12,0,27.43,96.29,88.33
2024-12-15T00:00:00+00:00,synthetic,landslide,4,10,8.58,222.1,80.78,0,7.5,28.85,49.65,3.57,0.09,1455.54,1,10.16,56.32,0,0.4,42.58,3,59.96,91.69,91.51
2024-12-16T00:00:00+00:00,synthetic,fire,3,12,1.4,1.58,5.89,11.61,20.71,25.75,41.57,0.3,-0.07,584.37,317.45,12.42,63.97,4,0,82.38,2,33.89,82.72,73.25
2024-12-17T00:00:00+00:00,synthetic,landslide,4,15,13.29,221.55,73.84,22.76,36.06,27.76,92.19,1.85,0.76,3433.56,314.18,1.41,73.51,0,1.18,63.64,3,69.38,89.57,98.38
2024-12-18T00:00:00+00:00,synthetic,earthquake,4,11,2.1,41.69,29.66,10.65,22.96,30.16,42.75,2.36,0.06,1613.25,7.97,10.24,100,1,5.28,2.18,3,46.33,97.3,96.92
2024-12-19T00:00:00+00:00,synthetic,earthquake,2,4,4.09,1.35,15.8,8.19,18.63,27.02,64.28,1.25,0.1,546.29,1,6.81,49.27,3,3.14,40.86,1,27.85,94.29,80.37
2024-12-20T00:00:00+00:00,synthetic,earthquake,3,120,4.26,0,24.77,16.47,28.73,24.46,68.71,2.23,0.16,308.84,107.39,4.9,69.94,0,3.24,31.06,2,32.15,90.42,94.39
2024-12-21T00:00:00+00:00,synthetic,fire,3,5,2.2,4.41,31.96,8.21,8.34,29.16,86.16,0.37,-0.15,1895.15,62.0,14.01,52.68,2,0,46.04,2,25.68,93.97,68.29
2024-12-22T00:00:00+00:00,synthetic,other,2,4,17.2,70.2,38.02,22.96,32.0,29.99,93.49,0.11,-0.04,821.09,186.36,32.93,74.71,6,0,47.94,1,29.66,88.63,37.9
2024-12-23T00:00:00+00:00,synthetic,fire,1,23,0.9,9.12,23.4,25.38,48.03,30.29,63.52,0,-0.04,2663.05,283.62,2.45,45.67,2,0,73.1,0,15.67,96.25,56.67
2024-12-24T00:00:00+00:00,synthetic,landslide,2,42,0,221.93,72.58,17.38,29.09,17.77,81.61,2.07,0.35,1073.58,229.14,0.49,36.61,9,0.38,34.27,1,50.86,91.26,86.71
2024-12-25T00:00:00+00:00,synthetic,cyclone,2,85,23.11,623.71,100,103.37,157.81,32.24,36.0,3.34,0.05,1250.7,26.15,4.43,88.86,4,0,20.48,1,89.97,79.36,98.92
2024-12-26T00:00:00+00:00,synthetic,extreme_rain,1,1,31.99,201.89,60.19,15.82,26.51,25.81,35.95,4.31,0.67,350.92,67.83,5.3,33.37,3,0,26.32,0,34.73,88.52,72.77
2024-12-27T00:00:00+00:00,synthetic,landslide,1,29,0,320.9,100,21.93,28.98,25.87,38.84,2.83,0.11,644.0,116.21,2.61,47.62,1,1.07,8.22,0,44.57,80.47,81.23
2024-12-28T00:00:00+00:00,synthetic,other,2,292,12.81,19.95,38.1,18.74,28.95,27.91,90.16,0.68,-0.01,2732.94,165.06,3.78,44.15,2,0.74,22.59,1,18.21,77.56,73.43
2024-12-29T00:00:00+00:00,synthetic,other,3,91,4.97,0,23.62,12.34,23.02,23.19,61.97,0.84,-0.11,6942.93,1,13.38,84.34,2,1.51,23.61,2,25.79,96.32,88.45
2024-12-30T00:00:00+00:00,synthetic,landslide,1,9,0,207.49,70.1,32.26,49.61,29.02,70.55,1.02,0.23,1132.22,41.37,2.13,72.39,0,0.42,37.51,0,34.09,79.6,79.55
2024-12-31T00:00:00+00:00,synthetic,earthquake,2,11,5.1,60.31,35.27,17.7,39.34,25.42,72.73,0.41,0.2,984.19,1,2.21,60.11,1,5.43,44.23,1,41.29,85.77,96.43
2025-01-01T00:00:00+00:00,synthetic,landslide,2,9,17.32,41.81,32.69,2.01,24.69,26.25,77.67,2.38,-0.06,397.28,1,11.42,56.57,4,0.67,59.32,1,28.58,71.83,81.72
2025-01-02T00:00:00+00:00,synthetic,other,3,692,1.58,60.28,42.34,0.77,13.14,20.07,80.56,0.42,0.03,375.59,155.68,5.64,80.09,5,0,48.51,2,36.14,82.4,82.92
2025-01-03T00:00:00+00:00,synthetic,fire,2,10,2.22,7.14,21.78,17.25,35.79,26.83,91.81,0.08,0.03,488.48,46.79,23.03,82.38,4,0,56.5,1,22.36,74.19,58.35
2025-01-04T00:00:00+00:00,synthetic,cyclone,1,47,20.48,256.95,86.71,152.55,158.89,29.36,62.23,6.67,0.96,530.61,34.74,0.51,91.51,1,0,41.03,0,43.8,94.01,91.27
2025-01-05T00:00:00+00:00,synthetic,fire,2,98,1.89,11.36,33.0,15.69,39.28,30.36,50.7,0.43,-0.01,2856.01,78.84,2.35,99.18,0,0,41.74,1,16.83,75.23,78.12
2025-01-06T00:00:00+00:00,synthetic,earthquake,1,246,0,54.41,30.77,0,3.01,20.24,40.33,1.3,0.15,664.34,1,1.23,78.78,1,6.22,21.06,0,30.53,90.1,89.01
2025-01-07T00:00:00+00:00,synthetic,other,1,79,2.06,0,16.8,23.46,29.98,25.93,39.57,0.7,0.18,271.96,1,7.49,65.94,0,0.29,61.23,0,12.79,81.11,61.91
2025-01-08T00:00:00+00:00,synthetic,earthquake,2,29,3.5,68.65,31.9,2.98,5.68,27.45,93.8,0,0.18,261.12,92.32,2.98,45.73,0,5.73,58.27,1,44.79,90.37,94.56
2025-01-09T00:00:00+00:00,synthetic,landslide,3,19,6.11,210.85,79.99,20.03,30.89,23.97,53.78,1.42,0.07,1014.24,79.37,12.35,55.73,4,0.53,45.47,2,54.65,92.4,91.72
2025-01-10T00:00:00+00:00,synthetic,cyclone,3,28,45.97,21.03,25.58,55.48,83.52,30.66,40.69,2.57,0.69,452.31,216.62,17.82,95.51,3,0,16.29,2,27.29,80.65,62.8
2025-01-11T00:00:00+00:00,synthetic,flood,1,3,8.31,0,27.13,16.43,22.85,30.38,50.81,5.94,-0.01,1429.14,241.76,3.83,47.87,0,0,35.32,0,6.29,89.18,42.5
2025-01-12T00:00:00+00:00,synthetic,earthquake,2,13,2.81,12.52,25.88,17.63,27.15,16.54,63.42,0.72,0.11,906.28,151.56,3.62,84.5,2,4.09,54.77,1,33.8,92.17,85.32
2025-01-13T00:00:00+00:00,synthetic,earthquake,3,7,0,17.95,45.78,2.78,8.36,28.96,70.49,1.66,-0.14,614.29,1,4.78,96.83,1,2.13,54.88,2,34.55,72.36,71.78
2025-01-14T00:00:00+00:00,synthetic,earthquake,3,8,7.35,31.25,42.88,18.31,18.31,27.25,45.95,1.05,0.13,2116.22,254.21,12.69,69.38,1,6.25,24.27,2,44.29,70.36,96.69
2025-01-15T00:00:00+00:00,synthetic,landslide,3,20,3.55,290.31,92.71,8.34,20.02,19.23,54.19,1.41,0.07,5429.92,8.14,1.71,69.3,0,0.65,22.52,2,57.19,90.84,94.12
2025-01-16T00:00:00+00:00,synthetic,fire,1,43,0.65,8.37,11.79,39.83,54.91,39.98,76.66,0.91,0.06,2977.95,1,8.12,39.69,3,0,61.04,0,14.67,86.87,66.41
2025-01-17T00:00:00+00:00,synthetic,landslide,2,5,10.07,454.16,100,7.08,28.58,29.93,39.64,0.72,0.53,2301.81,110.39,3.4,87.35,0,1.6,17.46,1,73.07,77.39,94.15
2025-01-18T00:00:00+00:00,synthetic,fire,2,46,2.27,4.67,27.46,37.66,67.67,35.06,63.24,0.13,-0.0,1078.61,26.52,9.49,61.14,2,0,53.52,1,19.77,90.66,69.8
2025-01-19T00:00:00+00:00,synthetic,fire,2,17,0.35,6.68,40.85,33.27,33.77,33.03,39.55,0.34,-0.01,1261.31,250.16,10.38,81.44,1,0,36.67,1,16.14,80.67,50.45
2025-01-20T00:00:00+00:00,synthetic,other,2,26,2.49,0,22.89,15.39,23.78,29.47,43.43,1.06,0.17,773.38,1,3.58,100,1,0.3,65.06,1,22.24,98.4,63.77
2025-01-21T00:00:00+00:00,synthetic,other,3,39,2.91,0,30.36,4.09,10.43,22.22,59.89,1.87,-0.03,253.05,166.82,11.79,100,3,0,35.28,2,24.59,91.65,62.0
2025-01-22T00:00:00+00:00,synthetic,landslide,4,295,31.29,107.17,38.0,29.0,40.01,28.02,93.96,0.71,0.39,1742.08,58.64,9.56,60.1,0,0.84,43.92,3,49.2,87.73,90.57
2025-01-23T00:00:00+00:00,synthetic,landslide,1,17,0,164.33,61.23,25.34,42.64,35.3,91.9,2.12,0.57,805.99,224.26,5.36,74.74,13,1.22,44.3,0,44.61,97.79,83.03
2025-01-24T00:00:00+00:00,synthetic,extreme_rain,3,20,27.4,394.39,100,40.04,55.31,24.12,65.43,4.6,0.48,3564.37,155.16,4.11,65.88,0,0,44.98,2,73.81,83.8,98.08
2025-01-25T00:00:00+00:00,synthetic,flood,3,158,0,58.81,44.76,9.69,36.54,27.43,97.66,2.31,0.82,1079.81,65.19,1.57,100,0,0,19.89,2,30.74,78.12,90.71
2025-01-26T00:00:00+00:00,synthetic,fire,2,150,2.72,1.51,18.69,25.25,35.05,22.32,70.5,0,0.0,325.11,182.73,3.81,100,0,0,79.5,1,22.51,85.47,78.3
2025-01-27T00:00:00+00:00,synthetic,earthquake,1,24,5.74,30.77,20.22,6.37,24.05,21.68,86.68,0.9,0.07,2465.32,60.72,4.07,70.68,0,4.53,30.5,0,23.13,89.09,82.51
2025-01-28T00:00:00+00:00,synthetic,flood,2,31,31.57,56.67,47.1,30.67,40.34,35.11,72.87,3.46,0.51,1183.67,222.93,11.02,81.51,0,0,70.15,1,29.99,95.79,69.03
2025-01-29T00:00:00+00:00,synthetic,flood,3,94,25.86,81.48,30.56,16.31,34.62,27.82,74.86,3.43,0.29,1647.0,220.63,10.34,70.44,1,0,70.0,2,40.62,94.94,88.86
2025-01-30T00:00:00+00:00,synthetic,other,4,10,3.7,33.65,22.16,41.68,52.71,25.95,60.67,0.09,-0.09,1779.72,1,4.33,72.33,0,0.54,40.91,3,36.59,74.83,89.89
2025-01-31T00:00:00+00:00,synthetic,other,2,122,1.31,30.12,41.96,13.89,22.1,25.3,62.58,0.24,-0.06,811.3,157.94,0.58,64.15,4,0.03,57.61,1,25.0,83.47,81.27
2025-02-01T00:00:00+00:00,synthetic,other,3,963,4.88,27.12,45.74,25.63,38.82,27.78,62.59,1.08,0.15,740.7,65.98,6.85,86.8,5,0,47.81,2,32.62,85.9,85.1
2025-02-02T00:00:00+00:00,synthetic,flood,2,75,0,51.51,42.15,14.76,24.53,32.02,83.23,3.72,0.87,535.71,1,20.7,61.43,2,0,72.38,1,33.16,80.66,65.31
2025-02-03T00:00:00+00:00,synthetic,extreme_rain,4,8,7.83,329.51,100,12.41,25.9,23.05,62.27,1.86,-0.37,3603.15,264.08,11.86,64.22,1,0,81.15,3,77.11,96.79,97.75
2025-02-04T00:00:00+00:00,synthetic,other,1,8,6.34,109.56,33.14,12.84,25.93,29.53,67.08,1.69,0.1,1321.73,72.57,9.3,100,0,1.12,43.13,0,24.78,82.85,62.19
2025-02-05T00:00:00+00:00,synthetic,landslide,2,32,30.55,269.2,75.89,8.66,19.96,17.59,75.19,1.6,0.24,839.43,62.81,0.56,75.39,4,1.2,67.47,1,60.46,82.07,95.58
2025-02-06T00:00:00+00:00,synthetic,cyclone,4,5,0,143.84,46.01,83.62,136.01,32.2,85.74,5.35,0.99,3095.59,40.33,16.8,43.18,1,0,91.39,3,63.45,98.58,98.75
2025-02-07T00:00:00+00:00,synthetic,landslide,3,24,11.6,160.19,58.6,25.0,34.73,30.45,67.16,1.63,0.04,290.15,1,1.38,56.86,3,0.75,37.91,2,46.91,90.92,91.05
2025-02-08T00:00:00+00:00,synthetic,other,3,106,4.01,159.48,45.44,20.24,26.74,31.36,38.22,0.04,-0.02,811.64,171.47,2.68,49.34,5,0.05,78.93,2,53.39,76.97,96.14
2025-02-09T00:00:00+00:00,synthetic,fire,3,22,1.16,9.33,12.8,18.91,32.82,26.53,69.01,0.71,-0.03,2718.91,40.55,0.68,44.44,0,0,43.7,2,24.83,97.22,84.03
2025-02-10T00:00:00+00:00,synthetic,earthquake,1,18,0,63.39,32.69,23.47,34.3,27.27,69.91,1.19,0.16,1256.36,1,7.15,36.93,2,6.0,73.48,0,41.22,81.62,95.28
2025-02-11T00:00:00+00:00,synthetic,flood,2,91,21.13,0,15.9,16.83,31.55,28.33,94.4,4.64,0.6,1095.26,1,6.99,9.95,0,0,74.82,1,24.45,71.83,80.08
2025-02-12T00:00:00+00:00,synthetic,extreme_rain,2,20,17.92,232.58,85.51,7.44,42.64,27.2,35.12,5.19,0.44,1174.49,49.4,6.69,100,0,0,23.07,1,42.28,79.37,75.81
2025-02-13T00:00:00+00:00,synthetic,fire,1,11,0.3,10.31,37.21,24.63,46.53,20.25,91.8,0.54,0.05,1536.75,127.84,6.64,58.98,2,0,65.56,0,14.89,78.32,67.93
2025-02-14T00:00:00+00:00,synthetic,flood,2,25,40.88,6.43,20.83,15.67,45.88,29.84,85.42,5.41,0.12,271.33,59.7,1.16,75.27,0,0,68.69,1,21.75,89.27,80.04
2025-02-15T00:00:00+00:00,synthetic,flood,1,5,0.81,68.78,33.1,11.52,31.26,18.88,57.48,0.9,0.15,990.39,234.15,2.91,93.83,3,0,32.56,0,17.25,92.07,43.18
2025-02-16T00:00:00+00:00,synthetic,flood,1,31,26.47,257.88,81.52,6.53,16.95,22.35,35.23,7.94,0.76,1217.12,275.03,7.42,92.86,18,0,52.82,0,58.66,99.17,71.86
2025-02-17T00:00:00+00:00,synthetic,landslide,3,102,19.83,69.64,49.73,18.11,27.14,30.31,60.04,2.53,0.21,435.97,86.46,23.31,83.53,3,0.91,23.17,2,34.72,74.56,75.38
2025-02-18T00:00:00+00:00,synthetic,landslide,2,22,0,126.59,58.73,32.64,35.0,32.07,51.04,1.94,0.33,1515.1,36.21,1.17,66.46,3,2.02,11.56,1,35.35,72.88,86.51
2025-02-19T00:00:00+00:00,synthetic,cyclone,2,175,40.08,124.32,53.86,126.48,129.18,32.46,65.45,5.79,1.2,1089.21,58.88,6.15,74.65,0,0,36.42,1,35.48,78.67,94.49
2025-02-20T00:00:00+00:00,synthetic,fire,4,13,2.27,2.74,13.88,28.89,52.63,25.9,58.84,0.3,0.02,1802.77,280.91,2.27,87.13,2,0,38.56,3,32.95,81.31,87.95
2025-02-21T00:00:00+00:00,synthetic,flood,2,21,31.99,67.63,36.22,20.39,30.06,27.8,58.0,4.5,0.31,1098.54,319.26,12.84,84.93,7,0,63.29,1,34.67,82.06,63.1
2025-02-22T00:00:00+00:00,synthetic,landslide,2,288,25.78,15.7,25.34,35.06,38.63,21.52,50.66,3.05,-0.07,2352.06,72.49,3.58,51.03,1,1.46,33.98,1,20.84,77.32,87.39
2025-02-23T00:00:00+00:00,synthetic,fire,1,14,1.66,4.09,33.55,28.07,49.64,24.97,49.91,0.75,-0.11,209.18,100.47,7.42,65.73,10,0,55.25,0,17.91,91.14,44.63
2025-02-24T00:00:00+00:00,synthetic,flood,2,52,29.49,186.45,61.84,15.92,21.26,25.56,57.97,4.85,0.02,2754.66,1,6.22,73.31,2,0,26.54,1,36.86,93.76,72.16
2025-02-25T00:00:00+00:00,synthetic,other,2,20,1.46,74.24,38.34,32.21,46.63,32.79,95.88,0.09,0.09,3598.3,1,13.23,34.39,1,0,23.07,1,22.32,79.41,71.03
2025-02-26T00:00:00+00:00,synthetic,cyclone,4,30,63.54,17.61,31.48,103.62,156.7,23.47,50.58,1.77,1.66,982.61,1,0.5,61.36,2,0,0,3,36.03,92.9,97.38
2025-02-27T00:00:00+00:00,synthetic,flood,4,12,21.04,273.94,90.91,47.46,68.7,29.92,70.42,4.5,-0.18,697.7,17.78,1.22,81.25,0,0,22.9,3,60.08,89.24,94.37
2025-02-28T00:00:00+00:00,synthetic,cyclone,4,4,65.13,0,17.8,129.49,156.97,22.01,42.81,4.75,1.04,1907.64,41.27,2.85,56.41,0,0,61.51,3,40.25,79.63,97.29
2025-03-01T00:00:00+00:00,synthetic,cyclone,2,452,43.55,76.08,36.95,90.78,121.03,27.72,42.75,6.33,0.44,697.49,1,0.2,69.67,3,0,29.08,1,26.98,91.8,92.22
2025-03-02T00:00:00+00:00,synthetic,earthquake,3,6,11.93,35.63,42.22,1.14,12.48,27.85,72.75,0.96,0.02,1527.47,98.11,18.03,59.96,3,5.71,43.56,2,47.77,96.88,89.03
2025-03-03T00:00:00+00:00,synthetic,earthquake,4,5,9.88,55.87,34.58,14.79,28.6,36.26,87.89,1.7,-0.08,1179.64,1,12.67,57.38,8,2.55,0,3,44.35,79.68,94.75
2025-03-04T00:00:00+00:00,synthetic,cyclone,2,9,0,217.31,79.65,52.61,89.19,27.42,42.62,3.89,0.3,1561.95,1,18.46,65.76,8,0,30.31,1,47.43,97.01,89.03
2025-03-05T00:00:00+00:00,synthetic,fire,1,8,0.55,1.99,20.93,27.49,39.53,26.03,80.4,0,-0.03,1015.82,75.91,1.68,72.37,5,0,44.28,0,12.07,97.5,45.85
2025-03-06T00:00:00+00:00,synthetic,extreme_rain,1,25,8.06,103.96,42.4,9.62,21.91,17.84,42.94,6.3,0.12,831.02,1,0.52,34.74,2,0,0,0,14.68,82.56,63.75
2025-03-07T00:00:00+00:00,synthetic,other,2,44,10.95,27.03,22.82,14.24,23.75,28.29,97.41,2.24,0.17,2499.58,111.49,7.62,53.95,0,0.38,57.45,1,23.58,76.79,83.03
2025-03-08T00:00:00+00:00,synthetic,other,2,43,12.04,86.61,42.65,12.92,16.13,35.09,92.55,0.39,-0.11,1810.9,205.51,8.23,50.24,0,0,58.57,1,28.38,83.99,77.63
2025-03-09T00:00:00+00:00,synthetic,extreme_rain,2,13,11.75,279.39,78.09,29.28,29.28,28.62,42.51,4.19,1.27,2165.02,44.04,5.71,94.08,1,0,33.5,1,54.71,83.21,89.98
2025-03-10T00:00:00+00:00,synthetic,extreme_rain,2,38,24.47,79.53,22.94,18.14,42.9,24.89,76.32,5.56,0.07,2273.74,35.21,0.68,72.32,2,0,26.83,1,24.31,97.98,71.67
2025-03-11T00:00:00+00:00,synthetic,earthquake,3,18,0,5.02,36.44,7.72,14.27,36.76,50.78,0.65,0.08,769.03,91.39,9.85,46.11,2,4.66,18.82,2,35.96,80.04,93.06
2025-03-12T00:00:00+00:00,synthetic,flood,2,71,23.65,81.73,44.71,30.28,33.59,30.07,94.13,4.51,0.14,1535.26,57.69,19.46,61.89,1,0,58.65,1,29.86,94.14,66.9
2025-03-13T00:00:00+00:00,synthetic,fire,4,20,1.14,2.25,16.76,21.76,28.9,25.57,83.79,0.46,-0.02,2204.02,175.15,8.22,70.22,0,0,43.57,3,31.99,86.67,82.77
2025-03-14T00:00:00+00:00,synthetic,extreme_rain,3,31,17.87,259.81,72.12,6.76,6.76,27.73,92.27,4.43,0.11,2390.31,59.78,0.2,48.37,1,0,54.5,2,58.35,85.24,97.12
2025-03-15T00:00:00+00:00,synthetic,cyclone,3,142,38.92,238.58,65.26,200.5,238.05,20.79,37.4,5.66,1.47,2481.18,267.51,2.92,66.61,2,0,39.63,2,60.72,75.53,99.51
2025-03-16T00:00:00+00:00,synthetic,flood,4,13,30.52,0,25.88,8.54,19.07,32.93,70.28,6.55,0.71,3050.14,1,1.48,88.0,3,0,80.01,3,44.36,95.18,91.69
2025-03-17T00:00:00+00:00,synthetic,cyclone,1,17,74.22,80.24,27.89,36.67,85.87,30.68,89.22,1.85,0.14,6967.29,1,3.06,100,3,0,68.36,0,25.01,85.37,79.27
2025-03-18T00:00:00+00:00,synthetic,flood,2,53,21.57,227.5,68.39,24.85,40.92,36.72,83.44,2.36,0.25,1541.03,1,1.09,87.71,3,0,82.31,1,53.79,95.41,93.75
2025-03-19T00:00:00+00:00,synthetic,flood,2,11,7.98,150.98,58.3,40.19,52.19,30.57,35.84,3.57,0.96,542.49,156.26,12.82,57.25,3,0,27.45,1,38.26,79.69,67.91
2025-03-20T00:00:00+00:00,synthetic,cyclone,3,18,41.95,327.07,100,95.35,137.06,31.94,46.2,5.41,0.61,1625.36,1,4.99,88.05,2,0,72.39,2,72.93,89.93,98.35
2025-03-21T00:00:00+00:00,synthetic,cyclone,2,93,20.72,262.37,93.14,113.28,155.16,26.41,86.74,2.05,0.9,668.04,1,6.54,64.98,3,0,34.82,1,52.64,93.37,98.33
2025-03-22T00:00:00+00:00,synthetic,flood,1,27,42.41,378.37,100,25.99,47.16,32.37,83.95,7.51,0.1,3362.93,1,17.19,63.31,0,0,19.49,0,49.43,90.01,81.1
2025-03-23T00:00:00+00:00,synthetic,earthquake,3,6,10.8,53.26,23.13,10.56,17.52,26.81,75.69,0.32,-0.18,6930.65,367.21,23.74,85.93,5,5.21,22.69,2,45.19,74.07,92.28
2025-03-24T00:00:00+00:00,synthetic,flood,2,665,0,128.34,55.64,14.97,34.76,26.92,43.39,3.12,0.33,312.49,80.84,4.43,45.22,1,0,49.24,1,34.74,76.35,92.24
2025-03-25T00:00:00+00:00,synthetic,landslide,3,26,0.96,238.97,83.41,23.53,34.14,25.4,54.47,1.81,0.23,980.11,109.06,11.43,77.35,1,0,40.06,2,53.84,99.86,91.41
2025-03-26T00:00:00+00:00,synthetic,landslide,2,130,11.48,104.52,36.96,13.63,16.43,23.87,38.53,2.23,0.71,651.33,42.84,6.88,93.14,0,0,22.17,1,28.11,81.5,52.18
2025-03-27T00:00:00+00:00,synthetic,extreme_rain,3,16,45.91,337.6,100,12.3,24.02,18.24,67.75,2.89,0.31,5897.33,133.58,8.52,26.48,1,0,52.91,2,68.38,92.85,96.93
2025-03-28T00:00:00+00:00,synthetic,cyclone,2,213,26.56,244.31,81.01,130.31,181.47,31.3,74.71,3.65,-0.26,365.52,1,1.02,78.75,2,0,43.29,1,45.39,72.62,97.43
2025-03-29T00:00:00+00:00,synthetic,earthquake,3,7,2.95,7.36,19.89,10.12,14.88,24.77,36.46,1.2,-0.07,1941.97,40.23,6.99,47.92,4,3.02,46.11,2,37.08,70.9,86.35
2025-03-30T00:00:00+00:00,synthetic,extreme_rain,1,28,17.26,270.3,71.7,23.93,39.73,26.46,79.93,2.26,0.6,5092.13,1,0.72,62.8,2,0,27.73,0,42.02,88.93,85.59
2025-03-31T00:00:00+00:00,synthetic,earthquake,4,18,0,27.86,14.17,19.22,37.76,29.52,46.34,1.17,0.08,530.77,21.17,5.08,96.66,1,5.44,6.05,3,45.96,76.51,97.08
2025-04-01T00:00:00+00:00,synthetic,earthquake,3,29,6.97,43.16,17.88,29.0,29.0,24.75,64.63,2.61,-0.17,2413.95,42.56,7.67,70.63,0,4.98,38.17,2,42.15,84.32,95.06
2025-04-02T00:00:00+00:00,synthetic,extreme_rain,3,35,38.04,45.56,47.11,19.01,29.73,25.91,42.54,4.33,0.34,663.34,1,12.51,85.99,0,0,67.38,2,35.28,98.07,82.71
2025-04-03T00:00:00+00:00,synthetic,earthquake,3,111,4.43,10.96,22.12,12.76,38.88,35.28,82.01,0.09,0.1,510.09,101.59,5.32,64.71,1,5.27,3.44,2,35.05,89.84,94.96
2025-04-04T00:00:00+00:00,synthetic,landslide,3,3,8.87,95.4,56.03,7.75,20.32,24.74,78.98,1.9,-0.13,1783.01,1,1.89,47.71,3,0.24,13.65,2,32.37,77.67,86.45
2025-04-05T00:00:00+00:00,synthetic,cyclone,4,43,40.64,189.01,49.23,108.16,125.34,28.44,92.3,3.83,1.34,1638.55,214.48,14.29,77.48,8,0,59.22,3,70.44,73.24,98.43
2025-04-06T00:00:00+00:00,synthetic,landslide,3,12,13.13,66.03,36.46,24.56,28.03,19.51,56.08,3.1,-0.07,3441.14,105.04,6.93,86.8,0,0,75.76,2,37.23,78.95,81.72
2025-04-07T00:00:00+00:00,synthetic,cyclone,2,9,46.3,0,21.24,106.46,124.72,23.71,86.37,3.26,-0.74,1062.74,1,0.95,70.53,4,0,79.59,1,21.84,82.62,91.74
2025-04-08T00:00:00+00:00,synthetic,landslide,1,4,13.38,297.81,78.44,13.23,29.51,28.25,92.15,2.42,-0.05,488.44,26.95,0.46,45.3,2,1.08,54.63,0,50.17,80.08,81.82
2025-04-09T00:00:00+00:00,synthetic,cyclone,2,26,46.72,308.04,88.03,78.76,96.41,34.7,68.21,2.19,1.46,2940.59,1,1.37,59.44,6,0,50.51,1,66.16,84.94,97.99
2025-04-10T00:00:00+00:00,synthetic,earthquake,2,56,3.61,17.02,25.42,4.23,15.93,31.53,57.27,1.31,-0.19,679.8,202.17,0.24,54.64,0,5.45,5.93,1,26.49,90.53,79.88
2025-04-11T00:00:00+00:00,synthetic,cyclone,2,38,61.48,0,15.93,94.42,111.38,28.45,83.63,3.66,0.2,1395.14,340.95,3.82,43.08,0,0,24.8,1,13.44,86.44,80.83
2025-04-12T00:00:00+00:00,synthetic,fire,2,14,2.79,0,30.62,16.21,28.62,31.82,91.23,0.79,0.01,533.7,1,25.57,76.52,5,0,66.68,1,24.05,85.06,63.12
2025-04-13T00:00:00+00:00,synthetic,cyclone,2,16,21.69,342.88,89.27,126.62,165.01,32.62,92.28,4.16,0.94,820.11,320.93,6.42,100,0,0,47.38,1,62.38,86.91,96.88
2025-04-14T00:00:00+00:00,synthetic,landslide,2,53,17.02,101.37,35.59,13.12,24.49,32.18,75.67,1.55,0.52,4564.67,38.38,9.74,65.06,1,2.55,41.37,1,38.68,85.81,86.55
2025-04-15T00:00:00+00:00,synthetic,cyclone,2,52,10.91,258.8,97.58,60.96,108.94,32.18,65.08,4.95,-0.06,2581.67,123.06,3.46,46.47,6,0,46.11,1,51.87,84.5,96.76
2025-04-16T00:00:00+00:00,synthetic,landslide,3,37,5.31,206.47,76.12,7.37,16.75,21.09,36.79,2.75,0.48,1140.65,227.31,4.75,85.36,9,0,26.94,2,55.23,71.79,87.28
2025-04-17T00:00:00+00:00,synthetic,cyclone,2,13,11.0,342.92,100,52.5,68.69,31.55,50.56,5.13,0.66,1256.47,184.04,18.18,67.65,2,0,55.03,1,63.98,96.5,89.54
2025-04-18T00:00:00+00:00,synthetic,flood,3,45,36.5,168.94,73.84,23.76,41.53,19.97,74.87,0.65,0.28,516.07,24.96,4.9,68.87,1,0,34.96,2,44.76,85.13,89.96
2025-04-19T00:00:00+00:00,synthetic,other,2,41,5.59,0,22.0,0,0,24.52,86.06,0.61,0.12,375.02,1,4.03,68.68,1,0.66,68.19,1,23.63,97.9,61.67
2025-04-20T00:00:00+00:00,synthetic,flood,2,9,25.67,0,16.83,32.72,46.42,31.83,56.77,3.35,0.13,3139.15,208.75,1.84,72.1,0,0,64.36,1,20.24,81.57,79.12
2025-04-21T00:00:00+00:00,synthetic,flood,2,8,10.4,221.37,86.42,14.26,28.26,17.56,64.0,5.64,0.55,4235.0,97.21,11.32,59.52,0,0,79.65,1,51.67,71.03,90.21
2025-04-22T00:00:00+00:00,synthetic,cyclone,3,10,22.87,107.57,49.17,94.98,102.1,25.95,40.17,1.85,0.73,606.18,171.51,14.3,87.01,7,0,66.51,2,50.11,75.7,90.71
2025-04-23T00:00:00+00:00,synthetic,flood,3,48,2.33,201.83,61.58,9.47,21.95,30.42,95.51,5.45,0.95,1902.64,176.28,2.84,53.63,1,0,63.31,2,57.18,87.21,94.33
2025-04-24T00:00:00+00:00,synthetic,earthquake,2,31,7.91,41.46,25.25,21.23,23.23,23.88,59.86,0.95,0.0,1417.96,1,4.88,88.75,6,2.09,42.07,1,31.64,80.08,80.15
2025-04-25T00:00:00+00:00,synthetic,fire,3,196,1.35,10.84,2.65,30.78,38.92,36.36,53.5,0.49,-0.16,842.41,171.08,0.2,98.39,2,0,33.29,2,24.07,75.37,83.35
2025-04-26T00:00:00+00:00,synthetic,extreme_rain,3,17,54.27,223.09,83.02,4.71,16.97,33.82,36.03,1.04,0.07,1000.99,71.83,4.64,65.57,1,0,63.24,2,55.29,78.59,93.98
2025-04-27T00:00:00+00:00,synthetic,earthquake,2,31,11.81,50.9,40.41,7.81,13.18,27.42,76.8,1.29,0.24,8574.75,226.15,6.95,83.15,8,4.16,69.46,1,46.71,80.69,95.56
2025-04-28T00:00:00+00:00,synthetic,flood,1,38,50.7,193.23,75.27,30.06,40.85,28.78,78.85,3.13,0.65,3626.51,1,3.4,32.56,2,0,39.72,0,35.21,96.87,79.34
2025-04-29T00:00:00+00:00,synthetic,other,4,16,3.27,39.61,33.38,5.91,17.89,32.12,51.42,0.46,-0.11,1156.9,159.07,4.64,57.42,1,0,42.88,3,36.73,89.41,80.49
2025-04-30T00:00:00+00:00,synthetic,other,3,55,0,50.3,32.73,6.17,14.26,30.88,78.31,0.03,0.02,9671.71,41.15,5.49,34.26,3,1.08,32.96,2,33.75,81.29,93.23
2025-05-01T00:00:00+00:00,synthetic,extreme_rain,4,30,0,194.26,58.78,34.7,55.36,28.64,46.38,1.82,0.4,866.29,1,1.77,65.2,0,0,60.76,3,60.22,72.88,97.04
2025-05-02T00:00:00+00:00,synthetic,flood,2,10,29.05,189.8,81.73,27.6,41.38,23.94,66.38,3.86,0.76,969.6,1,3.51,82.2,3,0,62.68,1,48.25,92.37,88.66
2025-05-03T00:00:00+00:00,synthetic,cyclone,3,25,67.43,157.93,55.67,55.6,69.73,23.43,51.7,3.33,1.18,683.59,90.98,0.69,39.0,1,0,54.67,2,51.49,97.25,97.38
2025-05-04T00:00:00+00:00,synthetic,earthquake,4,61,0,43.73,30.29,11.7,22.52,31.76,42.21,0.32,0.25,1729.23,165.78,10.98,68.94,10,4.93,28.63,3,58.46,76.58,98.25
2025-05-05T00:00:00+00:00,synthetic,extreme_rain,3,22,0,198.06,66.79,29.87,45.91,18.1,91.29,1.67,0.39,803.15,23.07,4.51,45.62,1,0,60.59,2,53.42,70.1,93.66
2025-05-06T00:00:00+00:00,synthetic,landslide,1,25,25.99,123.29,51.65,21.22,28.71,29.64,95.97,2.2,0.13,326.72,301.86,3.12,56.55,0,1.27,74.61,0,32.67,80.86,75.81
2025-05-07T00:00:00+00:00,synthetic,landslide,2,22,23.72,98.63,33.9,13.14,23.1,27.4,42.9,0.54,0.65,1440.38,1,5.28,94.82,0,1.53,66.48,1,39.65,83.41,85.0
2025-05-08T00:00:00+00:00,synthetic,extreme_rain,1,43,54.92,57.5,29.24,11.9,16.37,31.66,56.83,4.71,0.63,1563.67,74.06,2.44,50.8,0,0,0,0,10.07,96.54,43.46
2025-05-09T00:00:00+00:00,synthetic,landslide,3,17,21.35,405.0,100,7.87,8.44,16.96,65.47,1.86,0.25,907.62,1,0.23,69.73,0,0.67,67.57,2,80.02,87.91,97.7
2025-05-10T00:00:00+00:00,synthetic,earthquake,3,6,4.05,35.8,33.84,12.95,24.89,19.44,92.61,1.28,0.22,208.39,1,1.2,50.18,5,3.09,56.51,2,44.82,89.33,93.09
2025-05-11T00:00:00+00:00,synthetic,earthquake,2,105,2.9,37.42,27.8,22.99,28.8,28.53,80.09,0.92,-0.16,176.66,180.92,0.62,51.76,2,3.59,45.49,1,32.28,80.6,88.95
2025-05-12T00:00:00+00:00,synthetic,earthquake,3,19,0,59.53,29.08,14.03,25.0,24.36,39.05,0,0.24,801.32,1,14.09,91.13,1,5.56,10.15,2,43.66,86.93,90.79
2025-05-13T00:00:00+00:00,synthetic,cyclone,1,33,0,81.2,33.6,62.83,65.2,28.66,78.21,5.26,1.05,437.98,249.99,18.61,65.03,0,0,34.38,0,21.19,83.6,52.64
2025-05-14T00:00:00+00:00,synthetic,earthquake,4,6,3.88,30.73,23.11,13.07,23.8,26.62,76.16,0.08,0.01,1443.92,119.33,7.01,50.2,10,4.0,66.42,3,59.67,88.71,96.68
2025-05-15T00:00:00+00:00,synthetic,extreme_rain,4,60,0,111.14,62.05,6.01,22.36,21.35,94.9,4.68,0.62,438.7,1,2.78,28.12,0,0,36.37,3,47.0,96.79,93.37
2025-05-16T00:00:00+00:00,synthetic,fire,2,10,1.19,1.25,18.76,5.45,14.61,36.6,57.65,0.41,0.02,3187.01,71.91,3.92,55.78,1,0,82.89,1,23.98,89.16,75.98
2025-05-17T00:00:00+00:00,synthetic,earthquake,3,26,2.07,16.98,22.84,4.66,11.26,33.48,77.42,1.76,-0.09,1331.0,96.86,1.8,54.43,1,6.8,65.23,2,50.5,87.42,98.5
2025-05-18T00:00:00+00:00,synthetic,earthquake,4,102,8.29,36.28,34.28,13.86,28.68,21.97,94.02,1.03,-0.01,629.91,119.57,5.86,68.94,0,3.12,32.75,3,43.55,76.93,95.76
2025-05-19T00:00:00+00:00,synthetic,fire,1,23,1.41,6.92,10.47,29.44,43.0,27.35,91.45,0.23,-0.01,1293.1,160.11,2.85,63.52,0,0,31.85,0,6.52,70.35,53.64
2025-05-20T00:00:00+00:00,synthetic,other,2,37,10.3,0,14.89,19.62,20.97,35.62,58.71,0.35,0.11,1882.52,184.14,1.41,90.22,0,0.69,63.45,1,22.01,99.83,58.1
2025-05-21T00:00:00+00:00,synthetic,flood,2,24,12.61,62.02,43.6,20.81,20.81,22.24,88.36,5.07,0.21,481.84,1,0.31,49.21,0,0,49.28,1,25.37,84.8,81.28
2025-05-22T00:00:00+00:00,synthetic,other,2,390,0,25.8,27.12,17.84,17.84,25.17,39.2,0.42,0.01,1301.95,245.22,5.65,91.95,0,0.2,35.63,1,18.15,74.87,64.29
2025-05-23T00:00:00+00:00,synthetic,earthquake,4,140,6.48,41.09,40.54,7.51,19.37,23.47,94.47,1.21,-0.12,3279.68,122.04,12.9,68.22,5,3.65,36.42,3,49.84,89.64,96.39
2025-05-24T00:00:00+00:00,synthetic,cyclone,3,125,20.18,72.88,33.06,90.83,137.8,17.34,76.87,7.63,1.08,3089.16,1,3.43,79.99,0,0,84.4,2,45.35,85.67,96.98
2025-05-25T00:00:00+00:00,synthetic,other,2,73,2.62,17.33,26.37,16.25,21.49,23.69,86.65,0.38,0.12,5102.5,318.72,2.41,53.12,0,1.01,39.47,1,20.82,74.46,83.59
2025-05-26T00:00:00+00:00,synthetic,earthquake,1,19,7.73,39.51,25.4,9.44,12.72,28.51,67.21,0.9,0.12,1146.28,1,21.3,87.51,12,2.31,53.05,0,31.41,82.01,67.68
2025-05-27T00:00:00+00:00,synthetic,landslide,1,7,0,0,12.72,11.74,17.96,24.25,52.03,1.72,0.06,920.13,159.24,3.87,52.63,0,0.24,46.03,0,9.32,93.78,59.27
2025-05-28T00:00:00+00:00,synthetic,flood,2,14,0,221.24,72.82,35.0,58.39,27.55,87.64,2.99,0.17,2201.29,223.71,20.49,86.76,1,0,48.52,1,44.94,92.48,71.6
2025-05-29T00:00:00+00:00,synthetic,fire,1,76,0.99,4.34,3.8,26.28,39.43,28.04,72.99,0,-0.03,994.55,85.68,1.77,84.18,10,0,63.94,0,19.88,71.03,51.62
2025-05-30T00:00:00+00:00,synthetic,extreme_rain,3,214,0,224.17,63.96,20.07,31.34,22.59,78.88,6.73,1.12,787.12,234.46,4.49,70.6,0,0,44.64,2,56.51,78.06,89.54
2025-05-31T00:00:00+00:00,synthetic,flood,1,5,16.7,36.66,23.98,23.56,23.56,30.18,40.69,2.36,0.28,809.49,15.15,14.77,77.38,2,0,57.82,0,17.79,80.39,31.72
2025-06-01T00:00:00+00:00,synthetic,earthquake,3,49,9.97,36.72,37.46,18.74,18.74,31.07,84.05,0.75,-0.32,1100.98,204.69,10.05,85.69,0,5.21,69.03,2,46.89,96.42,94.82
2025-06-02T00:00:00+00:00,synthetic,landslide,3,117,29.64,182.66,63.64,24.11,34.37,35.22,66.3,2.41,0.11,455.02,1,8.18,78.17,3,0.74,60.02,2,53.89,91.25,94.6
2025-06-03T00:00:00+00:00,synthetic,landslide,2,5,22.61,262.15,72.21,19.28,26.42,24.93,38.18,0.45,0.27,507.41,1,1.91,61.29,2,0.93,46.15,1,53.49,95.78,91.18
2025-06-04T00:00:00+00:00,synthetic,earthquake,3,37,2.51,40.81,39.32,8.4,18.2,30.13,71.85,0.99,0.26,4976.48,1,24.04,71.28,2,7.3,21.38,2,49.52,83.61,96.99
2025-06-05T00:00:00+00:00,synthetic,landslide,1,71,0,158.28,56.78,19.45,27.68,26.14,52.57,0.67,0.43,698.32,151.35,0.79,58.53,7,1.01,46.98,0,38.21,85.76,75.39
2025-06-06T00:00:00+00:00,synthetic,other,2,50,21.21,61.12,22.24,11.15,24.33,36.09,41.6,0,0.09,1150.56,17.96,0.43,38.79,3,1.02,47.32,1,29.78,84.4,87.3
2025-06-07T00:00:00+00:00,synthetic,cyclone,2,159,73.06,189.79,61.07,68.84,100.01,27.98,49.61,2.75,0.92,4329.01,190.29,5.08,90.14,2,0,50.02,1,46.0,97.76,94.29
2025-06-08T00:00:00+00:00,synthetic,other,2,419,0.42,32.51,19.18,15.96,20.24,25.35,54.44,0.27,-0.02,2736.0,82.54,0.7,75.21,2,0.94,24.07,1,20.54,83.19,75.17
2025-06-09T00:00:00+00:00,synthetic,fire,2,11,2.34,6.65,27.91,33.88,39.61,28.73,38.65,0.36,-0.02,339.49,216.67,7.7,70.77,2,0,40.36,1,17.58,97.91,68.55
2025-06-10T00:00:00+00:00,synthetic,extreme_rain,2,54,73.91,215.54,75.45,21.2,36.96,26.15,60.89,3.14,-0.55,429.22,1,10.29,100,4,0,69.48,1,46.84,90.43,90.1
2025-06-11T00:00:00+00:00,synthetic,fire,3,19,1.09,15.75,10.02,18.13,32.66,27.64,94.72,0.64,-0.01,1416.02,50.72,9.07,77.49,0,0,32.08,2,23.61,84.57,75.06
2025-06-12T00:00:00+00:00,synthetic,extreme_rain,1,137,17.6,125.02,49.42,25.15,40.83,23.39,65.13,3.61,0.76,415.02,109.42,11.5,43.82,1,0,68.71,0,31.95,74.42,69.86
2025-06-13T00:00:00+00:00,synthetic,other,1,51,6.98,50.88,18.91,18.66,31.55,28.34,96.09,0.88,-0.03,1331.06,209.76,1.21,72.99,5,0.95,41.2,0,20.22,70.68,48.84
2025-06-14T00:00:00+00:00,synthetic,landslide,3,44,0,480.62,100,5.91,14.11,28.74,63.18,1.03,0.76,2461.22,1,2.72,56.99,17,0.73,72.66,2,100,78.83,98.06
2025-06-15T00:00:00+00:00,synthetic,landslide,4,13,0,281.98,76.21,22.88,31.25,20.54,72.6,2.18,0.84,689.83,96.63,10.83,69.79,0,0.93,41.27,3,72.25,77.28,96.94
2025-06-16T00:00:00+00:00,synthetic,flood,3,3,51.67,239.28,81.87,24.48,33.17,23.27,57.6,4.53,0.29,2896.8,67.42,0.35,69.77,0,0,43.84,2,54.07,88.7,92.74
2025-06-17T00:00:00+00:00,synthetic,fire,2,36,0,5.39,24.12,19.17,32.73,28.77,97.23,0.36,-0.06,651.79,29.19,0.61,87.24,0,0,66.86,1,20.37,73.36,70.92
2025-06-18T00:00:00+00:00,synthetic,extreme_rain,3,20,42.91,17.96,29.09,16.08,27.72,39.07,65.5,3.07,0.55,873.98,266.76,0.51,39.41,1,0,64.21,2,33.24,92.99,83.91
2025-06-19T00:00:00+00:00,synthetic,extreme_rain,4,1,0,0,27.27,20.29,35.65,31.16,58.92,5.58,-0.2,1500.29,1,1.24,75.23,0,0,30.33,3,28.45,82.58,85.69
2025-06-20T00:00:00+00:00,synthetic,earthquake,2,12,4.4,1.34,5.7,11.94,25.1,24.05,80.21,0.08,-0.16,1553.2,26.07,4.76,62.23,0,6.13,9.16,1,27.42,77.98,88.71
2025-06-21T00:00:00+00:00,synthetic,other,3,6,12.0,26.87,13.9,1.57,10.07,22.07,70.29,1.82,0.32,2144.14,1,11.11,90.88,0,0.41,44.8,2,30.13,89.32,76.76
2025-06-22T00:00:00+00:00,synthetic,fire,4,27,1.02,0.3,18.86,4.6,18.38,31.44,63.12,0.17,-0.06,1167.92,69.72,0.83,80.07,0,0,35.06,3,30.02,83.25,89.03
2025-06-23T00:00:00+00:00,synthetic,other,2,21,0,49.67,43.35,13.68,19.75,22.41,82.38,2.12,-0.0,583.09,133.46,6.61,84.57,2,0.64,58.96,1,28.07,83.42,56.79
2025-06-24T00:00:00+00:00,synthetic,cyclone,3,165,29.57,376.74,100,59.11,95.15,26.36,63.37,6.88,1.0,971.3,1,2.53,66.64,8,0,66.39,2,84.57,95.42,98.21
2025-06-25T00:00:00+00:00,synthetic,flood,2,38,34.71,209.46,50.66,17.43,38.01,27.81,92.11,5.43,0.46,3631.21,138.91,6.83,50.64,0,0,39.73,1,42.61,98.01,93.93
2025-06-26T00:00:00+00:00,synthetic,cyclone,4,46,57.68,203.74,92.33,134.5,134.5,35.31,78.21,6.8,0.31,4683.19,127.67,24.92,100,1,0,45.88,3,59.08,74.82,97.39
2025-06-27T00:00:00+00:00,synthetic,extreme_rain,3,133,8.69,7.58,15.44,1.37,5.08,24.0,93.28,4.46,0.24,4353.96,104.64,32.96,89.53,3,0,11.51,2,22.57,94.33,42.06
2025-06-28T00:00:00+00:00,synthetic,cyclone,1,220,47.55,429.25,100,53.16,91.48,18.29,77.89,5.55,0.79,571.87,13.59,0.41,36.27,4,0,49.27,0,67.54,77.68,97.22
2025-06-29T00:00:00+00:00,synthetic,earthquake,4,24,4.19,9.16,24.82,37.29,40.19,29.52,38.9,1.04,-0.12,5179.71,115.84,1.35,54.4,0,3.78,39.02,3,42.89,88.75,97.33
2025-06-30T00:00:00+00:00,synthetic,landslide,3,28,18.74,312.18,98.76,20.41,39.9,24.54,75.24,3.17,0.34,2441.92,1,13.79,84.12,2,0.7,76.07,2,72.53,97.23,96.46
2025-07-01T00:00:00+00:00,synthetic,cyclone,2,88,0,379.35,100,150.34,170.06,38.72,97.55,6.94,1.14,4398.64,124.87,0.71,78.77,4,0,50.52,1,71.53,88.08,98.65
2025-07-02T00:00:00+00:00,synthetic,fire,2,4,0,13.51,15.08,18.7,34.21,27.38,50.2,0.35,-0.02,1757.96,364.98,13.85,68.38,5,0,0,1,13.51,88.83,38.11
2025-07-03T00:00:00+00:00,synthetic,extreme_rain,2,84,46.67,146.39,51.79,36.39,48.46,27.9,78.53,3.35,0.43,819.87,1,3.87,62.52,4,0,37.45,1,37.64,74.31,81.69
2025-07-04T00:00:00+00:00,synthetic,cyclone,2,32,0,170.31,64.38,95.75,122.61,19.64,84.41,1.68,-0.34,447.97,1,2.08,74.24,2,0,25.9,1,33.02,87.9,91.87
2025-07-05T00:00:00+00:00,synthetic,other,2,5,13.36,0,17.81,30.74,37.11,23.0,84.56,0.15,-0.02,549.9,63.69,0.2,97.99,4,1.21,35.18,1,21.04,77.45,69.35
2025-07-06T00:00:00+00:00,synthetic,flood,2,22,29.31,134.94,61.33,29.28,49.8,32.87,95.13,2.38,0.72,1312.38,224.64,0.22,54.78,0,0,37.46,1,34.55,72.75,74.39
2025-07-07T00:00:00+00:00,synthetic,landslide,4,25,0,206.44,91.09,28.26,37.51,21.83,49.87,1.74,-0.14,300.26,157.05,1.86,73.35,6,0.63,53.58,3,64.4,87.87,96.51
2025-07-08T00:00:00+00:00,synthetic,other,2,13,7.22,32.96,27.12,0,16.44,31.74,52.01,0.84,0.16,1326.15,273.9,7.92,37.04,0,0.99,65.62,1,27.55,90.77,76.96
2025-07-09T00:00:00+00:00,synthetic,fire,2,32,1.44,5.27,23.04,51.29,72.02,30.44,82.02,0.62,-0.02,614.52,220.88,13.44,79.01,12,0,61.63,1,29.22,97.68,82.63
2025-07-10T00:00:00+00:00,synthetic,extreme_rain,2,64,50.83,311.39,64.08,35.79,46.33,23.77,88.38,0.63,-0.1,610.23,136.46,2.24,43.27,6,0,47.8,1,58.29,77.7,91.47
2025-07-11T00:00:00+00:00,synthetic,cyclone,1,22,49.83,107.4,30.26,117.93,148.55,30.29,41.67,6.33,1.16,248.23,63.22,4.86,99.7,3,0,51.41,0,30.32,85.55,82.37
2025-07-12T00:00:00+00:00,synthetic,fire,1,5,1.12,3.63,15.07,28.53,37.74,28.37,52.06,0.69,0.04,1969.34,109.75,1.31,67.19,1,0,7.81,0,2.86,78.69,40.46
2025-07-13T00:00:00+00:00,synthetic,earthquake,1,38,6.69,21.0,18.8,11.7,23.05,15.17,37.71,2.22,0.31,1933.06,200.0,7.74,42.57,5,2.46,0,0,15.42,74.29,63.94
2025-07-14T00:00:00+00:00,synthetic,flood,2,18,0,19.96,19.86,17.74,44.61,33.12,75.99,5.37,0.11,1007.85,1,3.92,82.46,1,0,52.37,1,21.16,84.03,69.85
2025-07-15T00:00:00+00:00,synthetic,fire,1,83,0.16,5.39,10.61,31.64,40.81,26.98,96.36,0,-0.01,860.27,92.77,0.82,68.27,0,0,3.81,0,1.28,80.88,49.06
2025-07-16T00:00:00+00:00,synthetic,fire,1,61,2.78,11.6,24.27,19.44,38.54,33.71,81.96,0.65,0.05,1823.97,115.95,13.97,69.85,2,0,47.93,0,11.87,88.66,44.21
2025-07-17T00:00:00+00:00,synthetic,cyclone,4,44,97.04,247.48,69.92,22.15,47.81,18.84,97.3,7.06,1.22,1434.66,259.85,6.29,81.74,2,0,11.08,3,63.41,86.18,91.62
2025-07-18T00:00:00+00:00,synthetic,flood,2,32,0,224.7,90.1,26.53,47.32,25.9,49.27,7.09,0.2,1057.24,187.21,11.0,91.56,0,0,11.99,1,38.15,81.15,76.69
2025-07-19T00:00:00+00:00,synthetic,earthquake,3,24,0,0,10.13,7.12,7.12,26.78,57.66,0.01,-0.09,3343.27,117.67,13.75,54.37,6,6.39,44.53,2,47.52,99.42,96.76
2025-07-20T00:00:00+00:00,synthetic,fire,2,4,0.04,5.73,17.71,32.37,49.36,23.02,86.49,0.47,0.01,1286.91,1,4.35,82.05,0,0,72.98,1,21.89,86.07,58.13
2025-07-21T00:00:00+00:00,synthetic,landslide,2,5,5.35,105.48,43.77,16.72,26.9,23.96,79.66,2.25,0.31,2897.39,175.67,21.65,70.59,0,0.03,28.92,1,27.49,88.28,49.0
2025-07-22T00:00:00+00:00,synthetic,other,2,27,0,79.13,53.86,16.72,29.63,22.63,74.73,0.76,0.13,1812.32,151.03,2.14,86.74,0,0,56.54,1,28.31,71.5,75.28
2025-07-23T00:00:00+00:00,synthetic,other,3,33,11.17,73.08,34.29,7.43,15.67,34.66,95.61,1.56,0.01,714.69,225.22,5.0,38.49,1,0.56,44.7,2,35.34,80.82,87.71
2025-07-24T00:00:00+00:00,synthetic,earthquake,3,36,4.51,53.42,28.29,16.8,24.75,26.25,67.31,0,0.1,5368.44,193.25,1.63,71.44,5,5.07,44.76,2,50.19,80.77,96.81
2025-07-25T00:00:00+00:00,synthetic,flood,3,8,21.63,94.11,38.19,23.28,28.97,20.65,91.28,7.13,0.48,854.09,123.93,10.34,59.3,1,0,41.55,2,37.95,87.52,81.75
2025-07-26T00:00:00+00:00,synthetic,fire,1,133,1.25,11.53,11.46,42.53,50.4,30.28,97.27,0.33,-0.01,993.82,191.43,1.59,39.34,0,0,60.59,0,12.24,72.09,73.13
2025-07-27T00:00:00+00:00,synthetic,landslide,1,6,26.47,106.11,38.07,9.83,34.87,30.23,79.18,1.85,0.41,2711.51,229.31,21.3,61.48,0,0.07,41.8,0,22.5,93.69,44.43
2025-07-28T00:00:00+00:00,synthetic,flood,3,3,27.48,0,21.43,8.25,23.4,25.91,66.23,3.41,-0.23,1907.38,1,9.96,88.6,0,0,60.75,2,25.78,77.76,74.45
2025-07-29T00:00:00+00:00,synthetic,flood,2,4,0,154.55,49.24,0,21.63,32.67,68.38,2.52,0.8,555.41,25.12,9.26,35.07,0,0,14.52,1,33.15,95.29,70.55
2025-07-30T00:00:00+00:00,synthetic,other,1,121,3.75,0,17.43,32.77,46.12,27.12,74.4,0.71,0.11,470.65,253.92,3.15,78.54,1,0.55,54.65,0,12.84,93.88,68.1
2025-07-31T00:00:00+00:00,synthetic,other,2,126,14.34,1.08,19.41,20.54,28.25,30.52,58.78,0.29,0.12,1167.57,43.74,0.46,87.32,0,0.29,32.25,1,15.4,85.11,63.55
2025-08-01T00:00:00+00:00,synthetic,flood,3,44,41.7,0,17.82,5.89,23.52,30.95,80.7,5.62,0.19,1267.29,161.99,0.92,49.28,0,0,36.28,2,23.49,77.72,72.11
2025-08-02T00:00:00+00:00,synthetic,cyclone,2,10,20.8,409.09,100,107.9,168.05,41.96,78.33,4.78,1.59,2647.35,1,17.5,41.64,0,0,53.54,1,74.68,82.67,98.7
2025-08-03T00:00:00+00:00,synthetic,fire,3,10,3.12,5.92,38.58,35.36,40.12,24.39,62.65,0.09,0.11,1281.28,1,0.2,64.28,0,0,24.24,2,21.6,73.8,78.96
2025-08-04T00:00:00+00:00,synthetic,extreme_rain,4,17,0,236.13,97.87,18.18,37.89,24.58,43.66,2.29,0.11,245.54,13.91,4.05,66.74,0,0,29.07,3,58.13,84.41,94.74
2025-08-05T00:00:00+00:00,synthetic,cyclone,2,47,9.08,181.61,74.9,156.43,167.62,25.31,50.94,8.16,0.72,1871.41,83.04,3.68,84.6,4,0,63.37,1,48.01,70.41,96.31
2025-08-06T00:00:00+00:00,synthetic,flood,2,228,57.55,80.79,30.52,23.49,45.69,20.42,71.07,5.9,0.11,857.14,191.0,16.33,62.17,0,0,30.5,1,23.75,71.64,65.35
2025-08-07T00:00:00+00:00,synthetic,fire,1,15,1.58,13.48,30.86,34.0,55.98,23.09,44.77,1.13,-0.06,1391.49,128.17,5.22,94.85,4,0,43.09,0,12.27,89.41,39.72
2025-08-08T00:00:00+00:00,synthetic,earthquake,1,19,1.55,9.11,4.09,16.89,38.31,24.53,65.31,1.38,-0.17,537.63,1,4.72,64.31,6,2.02,34.69,0,17.35,88.81,60.04
2025-08-09T00:00:00+00:00,synthetic,flood,4,39,15.27,117.76,50.82,0.11,21.07,32.94,72.35,3.86,0.2,1710.28,54.21,16.63,67.0,0,0,54.08,3,48.88,79.69,85.39
2025-08-10T00:00:00+00:00,synthetic,earthquake,3,231,12.77,13.52,2.26,2.45,11.6,23.38,38.56,1.0,0.05,2499.56,200.48,12.06,88.16,1,4.33,66.64,2,43.67,93.21,93.62
2025-08-11T00:00:00+00:00,synthetic,landslide,1,50,0,247.64,100,24.96,41.29,27.02,37.11,2.86,-0.12,1252.76,80.28,0.88,63.36,1,0.17,55.07,0,40.34,70.67,86.67
2025-08-12T00:00:00+00:00,synthetic,earthquake,3,8,8.97,79.64,51.77,11.69,24.85,23.9,47.11,2.53,-0.01,472.2,33.2,4.72,74.3,13,3.43,38.41,2,53.11,95.15,93.58
2025-08-13T00:00:00+00:00,synthetic,cyclone,3,49,0,48.63,36.96,128.68,128.68,27.13,89.32,4.45,0.25,2804.31,1,14.94,86.4,1,0,75.23,2,37.42,81.98,89.37
2025-08-14T00:00:00+00:00,synthetic,earthquake,2,53,2.73,29.45,16.35,2.55,18.71,23.48,78.67,0.86,-0.11,1785.75,132.49,6.3,21.67,0,4.46,34.48,1,30.54,91.94,95.91
2025-08-15T00:00:00+00:00,synthetic,extreme_rain,3,25,76.08,264.75,93.72,27.77,50.04,17.25,36.37,7.84,-0.1,8437.38,130.06,0.76,100,3,0,21.25,2,53.49,87.89,96.19
2025-08-16T00:00:00+00:00,synthetic,fire,2,17,0,4.5,17.05,18.04,27.53,32.45,39.5,0.56,0.05,1103.87,1,4.44,68.3,3,0,84.31,1,26.38,80.27,78.61
2025-08-17T00:00:00+00:00,synthetic,earthquake,2,15,0,34.96,32.96,18.29,18.29,30.44,55.71,2.01,0.14,779.57,259.16,14.24,62.26,0,4.78,22.56,1,31.28,89.45,79.04
2025-08-18T00:00:00+00:00,synthetic,landslide,1,50,9.64,122.16,58.77,4.32,13.66,28.83,83.39,2.98,0.25,1134.71,117.23,3.5,74.1,2,1.32,69.33,0,33.94,99.24,79.24
2025-08-19T00:00:00+00:00,synthetic,cyclone,1,6,0,91.54,55.95,56.46,87.58,17.09,90.28,3.55,0.28,1344.12,28.23,7.73,75.48,0,0,6.73,0,13.62,76.06,56.34
2025-08-20T00:00:00+00:00,synthetic,fire,2,27,0.56,8.48,10.77,16.9,28.05,20.42,47.3,0.74,-0.02,447.61,1,2.79,67.74,3,0,28.89,1,16.54,86.97,52.42
2025-08-21T00:00:00+00:00,synthetic,flood,3,21,23.67,53.69,24.63,12.26,16.67,34.34,54.76,3.84,0.56,1338.71,25.35,6.5,75.97,0,0,51.12,2,34.47,84.45,76.92
2025-08-22T00:00:00+00:00,synthetic,earthquake,4,57,0,41.89,30.4,19.31,25.82,21.87,43.98,2.09,-0.42,3165.84,154.48,2.8,65.16,4,4.01,49.86,3,51.15,94.08,96.08
2025-08-23T00:00:00+00:00,synthetic,other,2,110,10.82,50.33,30.59,15.08,18.61,22.77,41.02,1.03,-0.06,886.26,1,19.97,90.62,0,0,50.3,1,22.82,91.01,51.41
2025-08-24T00:00:00+00:00,synthetic,earthquake,4,104,10.77,5.52,34.1,8.01,13.89,23.75,39.83,1.35,-0.13,3509.41,21.1,7.88,78.38,0,2.64,11.75,3,34.06,96.45,90.8
2025-08-25T00:00:00+00:00,synthetic,landslide,2,63,15.6,80.53,32.97,24.96,35.84,23.33,77.75,0.53,0.33,520.46,78.87,11.6,94.66,4,0.58,23.56,1,28.47,99.14,62.08
2025-08-26T00:00:00+00:00,synthetic,other,3,77,5.48,5.64,14.34,14.04,21.86,33.98,91.43,0.3,-0.06,4666.87,1,4.19,93.63,1,0,31.3,2,22.81,74.68,86.13
2025-08-27T00:00:00+00:00,synthetic,flood,1,6,27.73,106.49,38.12,19.24,28.35,22.3,35.6,3.2,0.62,518.08,1,9.48,32.02,0,0,70.23,0,28.54,72.77,71.83
2025-08-28T00:00:00+00:00,synthetic,earthquake,2,18,4.99,44.95,39.64,12.43,35.9,29.56,75.5,1.19,-0.0,1799.66,1,10.28,82.54,6,6.52,30.6,1,43.25,84.39,94.69
2025-08-29T00:00:00+00:00,synthetic,earthquake,2,41,5.2,33.49,14.97,1.32,2.32,28.77,64.16,1.85,0.0,586.71,14.73,4.65,88.53,0,4.76,48.05,1,34.95,95.09,92.23
2025-08-30T00:00:00+00:00,synthetic,other,2,34,16.24,63.56,38.62,9.67,17.61,33.2,62.21,1.04,0.11,1873.57,162.58,11.37,100,1,0.4,40.95,1,25.54,73.65,71.37
2025-08-31T00:00:00+00:00,synthetic,cyclone,1,61,65.12,273.77,99.0,65.4,89.92,24.12,77.41,5.47,0.57,2745.38,1,0.77,52.96,2,0,40.27,0,44.57,86.49,88.85
2025-09-01T00:00:00+00:00,synthetic,earthquake,2,33,0,5.05,15.38,18.23,20.78,22.11,78.25,1.26,-0.06,944.06,100.6,4.97,56.16,0,6.57,44.54,1,36.01,99.89,95.89
2025-09-02T00:00:00+00:00,synthetic,fire,1,46,0.71,17.21,30.1,43.1,67.24,31.59,89.05,0.34,0.03,684.94,95.99,2.83,73.22,4,0,44.73,0,13.46,91.8,74.33
2025-09-03T00:00:00+00:00,synthetic,flood,2,79,11.59,229.78,82.97,23.39,43.7,22.04,55.54,4.71,-0.14,202.89,60.14,2.58,43.78,3,0,21.17,1,41.11,87.04,81.62
2025-09-04T00:00:00+00:00,synthetic,extreme_rain,3,26,23.88,36.36,35.72,3.61,10.32,30.17,36.66,1.73,0.5,1739.14,191.15,7.42,56.88,1,0,32.74,2,29.58,97.08,76.84
2025-09-05T00:00:00+00:00,synthetic,cyclone,3,114,0,372.34,100,134.46,177.34,31.71,68.7,5.63,0.47,3318.14,120.78,5.82,100,2,0,67.12,2,76.71,71.63,99.62
2025-09-06T00:00:00+00:00,synthetic,cyclone,1,108,79.82,0,20.88,87.02,87.04,29.06,96.13,4.98,0.85,2605.68,206.52,7.13,82.31,0,0,30.63,0,9.78,82.28,48.58
2025-09-07T00:00:00+00:00,synthetic,other,1,47,0.83,0,20.73,17.75,25.58,27.91,84.54,1.17,0.21,2225.15,24.82,1.36,43.26,16,0,51.8,0,23.18,95.95,67.02
2025-09-08T00:00:00+00:00,synthetic,flood,2,129,0,187.7,98.8,22.96,42.6,29.97,40.21,3.03,0.26,1368.75,40.08,2.98,100,1,0,60.57,1,43.53,74.09,90.74
2025-09-09T00:00:00+00:00,synthetic,other,3,8,6.6,16.32,23.66,18.36,28.44,25.68,84.63,0.92,0.19,478.35,12.77,3.85,81.7,3,0.9,69.47,2,36.52,72.74,82.3
2025-09-10T00:00:00+00:00,synthetic,cyclone,3,51,13.33,169.98,65.15,153.71,163.56,23.52,66.18,4.26,0.32,1968.98,103.17,28.39,74.69,5,0,30.81,2,47.53,73.52,95.91
2025-09-11T00:00:00+00:00,synthetic,earthquake,2,58,3.93,59.38,41.56,30.15,39.05,27.62,51.32,0.23,0.25,1036.41,1,1.27,87.75,0,5.61,49.62,1,42.14,90.72,96.98
2025-09-12T00:00:00+00:00,synthetic,other,3,10,1.64,77.82,23.18,2.68,9.88,29.09,75.31,1.6,0.05,826.17,211.54,4.07,74.98,3,0.25,56.71,2,38.94,96.07,83.02
2025-09-13T00:00:00+00:00,synthetic,fire,1,12,0.39,5.2,7.96,24.31,24.31,23.41,36.54,0.11,-0.05,1494.13,26.21,3.68,36.08,0,0,54.63,0,10.22,93.26,68.83
2025-09-14T00:00:00+00:00,synthetic,other,2,13,0.06,35.09,22.11,10.83,24.16,27.06,85.95,1.3,0.12,1140.76,113.2,1.89,90.21,1,0.2,24.05,1,18.53,99.13,61.74
2025-09-15T00:00:00+00:00,synthetic,earthquake,3,8,4.03,42.77,29.67,26.31,34.06,32.3,93.39,1.81,-0.08,848.73,1,13.05,71.24,3,3.92,21.94,2,38.88,74.64,92.85
2025-09-16T00:00:00+00:00,synthetic,landslide,2,52,28.71,265.65,90.86,12.21,21.03,23.18,47.75,3.03,0.37,900.68,124.44,7.93,72.49,7,1.4,76.07,1,65.24,87.96,88.01
2025-09-17T00:00:00+00:00,synthetic,earthquake,4,33,12.78,52.1,24.76,7.44,15.03,22.68,76.03,0.53,-0.15,1060.6,171.0,4.79,79.04,0,5.37,13.24,3,47.97,89.52,95.24
2025-09-18T00:00:00+00:00,synthetic,fire,2,7,2.56,9.72,23.17,29.41,39.35,26.07,39.32,0.26,0.06,1778.42,49.36,12.12,51.0,5,0,2.0,1,13.85,96.53,44.05
2025-09-19T00:00:00+00:00,synthetic,flood,2,202,21.02,53.16,38.06,0,16.29,28.63,47.5,4.4,0.37,1113.92,196.38,5.72,56.01,3,0,44.45,1,26.65,82.95,82.11
2025-09-20T00:00:00+00:00,synthetic,other,2,8,7.2,30.82,29.57,15.25,28.97,32.58,51.47,0.2,-0.05,1123.67,92.05,28.68,100,2,0,0,1,13.03,73.52,20.75
2025-09-21T00:00:00+00:00,synthetic,flood,1,10,0,43.29,39.42,17.84,25.37,32.74,36.07,6.24,0.57,1468.98,16.09,0.98,78.17,0,0,60.56,0,18.95,75.33,68.92
2025-09-22T00:00:00+00:00,synthetic,landslide,1,9,26.67,77.1,36.76,18.73,30.06,40.0,87.01,1.5,0.54,2003.22,279.95,3.53,48.02,0,0.17,36.51,0,19.04,83.79,60.47
2025-09-23T00:00:00+00:00,synthetic,extreme_rain,3,26,30.81,238.18,64.32,21.96,32.93,27.44,93.95,1.14,0.72,272.57,26.91,0.2,90.06,1,0,19.9,2,52.58,84.86,93.24
2025-09-24T00:00:00+00:00,synthetic,fire,1,835,2.52,9.91,14.67,29.71,37.68,30.94,87.51,0.75,-0.0,837.38,1,1.62,100,3,0,53.47,0,13.2,78.16,64.2
2025-09-25T00:00:00+00:00,synthetic,flood,1,15,24.48,110.55,49.86,8.88,30.05,31.3,75.18,4.05,0.81,1374.65,1,0.4,85.8,6,0,25.04,0,26.61,76.05,52.27
2025-09-26T00:00:00+00:00,synthetic,cyclone,2,20,35.02,114.16,44.15,111.93,167.35,30.06,57.72,3.46,0.51,716.53,145.91,2.7,41.98,0,0,44.14,1,32.19,72.78,94.96
2025-09-27T00:00:00+00:00,synthetic,earthquake,1,58,7.02,16.53,43.34,17.5,36.8,29.88,41.15,1.22,0.11,2644.87,158.52,7.88,51.98,3,4.59,35.02,0,25.0,73.17,84.66
2025-09-28T00:00:00+00:00,synthetic,extreme_rain,3,37,21.21,128.37,51.12,11.45,30.67,26.3,45.18,4.03,0.42,961.86,1,10.16,50.45,0,0,54.92,2,43.4,94.44,92.74
2025-09-29T00:00:00+00:00,synthetic,fire,3,42,0,6.78,15.68,39.03,44.36,27.08,35.64,0.7,0.01,382.66,1,14.83,77.92,5,0,13.5,2,23.28,96.65,48.86
2025-09-30T00:00:00+00:00,synthetic,earthquake,2,21,9.44,0,39.53,17.65,26.45,31.19,39.06,1.28,-0.01,225.61,1,8.98,62.71,0,4.76,12.88,1,24.57,78.9,78.24
2025-10-01T00:00:00+00:00,synthetic,cyclone,1,21,24.61,202.17,65.44,85.84,128.56,29.04,37.4,5.26,0.55,786.22,211.5,2.65,81.7,4,0,36.89,0,36.85,93.5,80.47
2025-10-02T00:00:00+00:00,synthetic,flood,2,19,42.26,0,24.71,21.41,29.2,21.4,47.74,2.1,0.39,2423.3,67.33,4.05,74.79,1,0,49.53,1,19.67,89.75,73.89
2025-10-03T00:00:00+00:00,synthetic,landslide,2,156,44.02,178.46,70.87,28.14,28.14,20.13,60.58,2.44,-0.45,1020.01,92.69,1.26,55.9,0,0.26,50.14,1,36.97,88.92,87.82
2025-10-04T00:00:00+00:00,synthetic,flood,3,157,57.63,180.39,61.92,24.85,47.94,36.37,69.97,4.41,-0.46,728.68,1,4.57,93.32,0,0,27.36,2,40.27,97.65,92.64
2025-10-05T00:00:00+00:00,synthetic,flood,3,41,17.76,95.76,44.57,11.9,39.27,20.85,41.75,6.79,-0.14,203.58,195.48,1.31,53.86,1,0,69.23,2,40.05,77.15,86.39
2025-10-06T00:00:00+00:00,synthetic,extreme_rain,4,34,27.99,64.58,32.99,26.96,57.73,36.05,85.99,3.85,0.45,1840.64,84.83,12.79,60.84,3,0,10.83,3,38.33,93.14,91.73
2025-10-07T00:00:00+00:00,synthetic,flood,3,38,27.64,59.12,30.94,18.33,33.7,27.09,65.85,6.12,0.44,1558.72,25.75,8.17,75.77,0,0,51.78,2,34.59,73.05,84.93
2025-10-08T00:00:00+00:00,synthetic,fire,3,5,2.37,7.02,38.94,26.66,32.2,25.03,85.46,0,0.01,2231.34,1,1.63,75.4,2,0,45.93,2,26.77,82.39,84.95
2025-10-09T00:00:00+00:00,synthetic,fire,2,51,0,1.75,23.01,11.95,31.93,19.45,96.47,0.23,0.01,1079.51,4.01,0.57,47.14,2,0,64.86,1,21.52,97.72,80.06
2025-10-10T00:00:00+00:00,synthetic,earthquake,3,16,6.69,35.62,32.9,2.72,15.97,27.78,51.89,1.53,0.3,1314.0,370.91,9.66,86.46,3,4.91,48.9,2,47.7,95.97,92.76
2025-10-11T00:00:00+00:00,synthetic,fire,2,11,0.15,5.98,32.62,17.72,29.73,29.73,63.05,0.08,-0.0,4998.18,116.52,9.69,75.78,0,0,53.06,1,18.24,77.66,67.72
2025-10-12T00:00:00+00:00,synthetic,cyclone,2,113,26.69,0,4.13,121.85,172.13,37.03,67.93,5.41,0.76,2810.08,234.39,5.02,64.8,1,0,56.03,1,22.69,88.13,94.05
2025-10-13T00:00:00+00:00,synthetic,landslide,4,4,16.79,145.15,50.3,27.34,27.68,26.49,39.13,1.91,0.14,1129.9,81.19,2.31,43.16,7,0.89,49.44,3,59.27,76.16,95.14
2025-10-14T00:00:00+00:00,synthetic,extreme_rain,2,16,0,315.34,99.93,18.94,24.44,35.58,75.46,4.83,0.04,1015.41,193.76,5.14,94.02,13,0,44.2,1,64.4,93.61,86.22
2025-10-15T00:00:00+00:00,synthetic,landslide,3,11,12.67,237.62,64.03,7.01,21.15,21.03,57.92,2.72,0.35,644.71,1.33,9.12,47.66,0,0.63,11.3,2,50.18,96.94,89.83
2025-10-16T00:00:00+00:00,synthetic,extreme_rain,2,10,9.75,48.01,21.83,17.82,34.95,25.62,67.06,3.09,0.14,2106.7,58.76,0.2,54.54,12,0,43.82,1,31.93,70.11,79.08
2025-10-17T00:00:00+00:00,synthetic,extreme_rain,2,39,5.25,283.78,85.49,24.15,42.57,30.09,63.23,4.5,0.02,1484.64,207.28,7.04,75.06,0,0,78.16,1,56.24,98.65,90.56
2025-10-18T00:00:00+00:00,synthetic,flood,2,11,15.15,118.56,53.6,26.73,44.65,27.19,78.79,6.58,0.4,1116.32,1,7.96,52.59,2,0,75.21,1,39.36,84.95,76.68
2025-10-19T00:00:00+00:00,synthetic,flood,1,49,23.84,272.42,61.98,19.82,44.57,25.3,93.38,5.03,0.33,354.15,174.93,2.57,64.46,4,0,56.25,0,47.65,94.09,79.22
2025-10-20T00:00:00+00:00,synthetic,landslide,4,83,16.75,219.33,89.78,22.87,36.69,24.89,48.82,0.94,-0.08,1767.0,1,3.89,60.01,3,0.63,36.97,3,60.88,96.63,96.71
2025-10-21T00:00:00+00:00,synthetic,fire,1,79,2.02,4.44,13.67,32.19,37.89,30.09,39.64,0.41,0.08,524.34,1,5.2,72.42,2,0,38.89,0,9.54,99.19,48.7
2025-10-22T00:00:00+00:00,synthetic,other,4,4,0,35.56,32.16,28.88,29.28,25.15,60.07,0.44,0.08,1091.08,235.14,0.9,48.46,2,0.66,48.12,3,40.9,73.25,87.81
2025-10-23T00:00:00+00:00,synthetic,flood,3,32,16.0,254.86,94.02,27.01,40.53,22.16,55.1,3.5,-0.1,2699.99,75.44,4.73,78.87,2,0,51.26,2,56.89,73.6,88.99
2025-10-24T00:00:00+00:00,synthetic,cyclone,2,73,32.72,0,10.59,59.0,90.03,25.8,37.7,7.03,0.2,1360.51,75.35,0.58,80.64,0,0,57.26,1,19.29,96.62,84.89
2025-10-25T00:00:00+00:00,synthetic,fire,3,80,2.37,2.67,24.6,35.21,40.06,27.79,42.3,0.6,-0.02,5533.16,198.09,3.51,81.29,0,0,31.89,2,21.97,87.17,89.61
2025-10-26T00:00:00+00:00,synthetic,flood,3,8,0,172.8,53.65,9.81,9.81,26.35,40.33,0.74,0.99,3589.7,256.91,3.64,73.62,0,0,33.7,2,47.76,76.39,88.85
2025-10-27T00:00:00+00:00,synthetic,other,3,19,2.49,13.73,15.06,23.15,25.87,29.0,80.73,0,-0.06,916.37,93.35,1.2,91.87,2,0.57,24.24,2,25.03,86.4,70.09
2025-10-28T00:00:00+00:00,synthetic,other,3,185,10.91,0,29.21,15.53,17.5,28.95,81.77,0.67,-0.06,759.01,92.93,11.34,39.66,5,0.63,72.77,2,34.69,88.22,82.1
2025-10-29T00:00:00+00:00,synthetic,flood,3,1,10.12,4.61,15.71,41.07,59.39,32.02,65.56,2.2,0.17,260.77,110.58,6.53,36.79,1,0,19.39,2,21.69,98.16,81.89
2025-10-30T00:00:00+00:00,synthetic,flood,3,47,0,84.47,46.03,23.3,32.06,21.89,80.33,4.93,0.07,439.0,66.6,4.25,100,2,0,25.85,2,32.73,73.98,69.76
2025-10-31T00:00:00+00:00,synthetic,other,2,11,0,7.86,16.45,17.4,21.01,31.65,60.43,0.52,-0.08,3849.04,1,16.27,50.63,0,0.48,66.9,1,22.02,78.36,64.92
2025-11-01T00:00:00+00:00,synthetic,flood,3,45,19.62,248.68,95.39,0,11.99,16.29,52.97,0.6,0.45,1132.92,381.76,2.47,42.42,1,0,46.77,2,57.31,71.59,91.46
2025-11-02T00:00:00+00:00,synthetic,earthquake,2,24,4.77,14.95,21.94,4.74,14.41,21.81,93.69,0.86,0.16,719.22,271.23,7.33,56.19,0,4.18,40.06,1,30.36,81.45,86.08
2025-11-03T00:00:00+00:00,synthetic,flood,2,55,1.8,149.35,63.74,15.26,36.07,23.03,87.8,6.51,1.23,1529.35,100.16,4.78,33.38,1,0,55.71,1,42.88,88.02,88.05
2025-11-04T00:00:00+00:00,synthetic,landslide,2,318,0,299.52,86.59,11.16,43.7,29.07,49.27,1.91,0.7,1649.99,1,9.19,80.5,3,0,57.19,1,60.15,86.85,90.97
2025-11-05T00:00:00+00:00,synthetic,landslide,2,11,16.06,121.5,51.69,15.7,19.54,35.78,86.48,2.66,0.26,887.7,289.75,12.2,51.97,3,0.28,36.03,1,33.6,98.97,72.32
2025-11-06T00:00:00+00:00,synthetic,extreme_rain,3,296,10.68,113.46,63.17,25.07,47.4,27.51,50.5,4.8,0.7,4024.69,308.49,15.89,79.36,0,0,39.1,2,40.17,81.56,87.1
2025-11-07T00:00:00+00:00,synthetic,flood,1,13,20.99,115.12,37.22,15.86,28.04,26.05,64.12,5.82,-0.08,533.81,60.5,20.91,77.19,0,0,38.59,0,20.36,85.52,44.07
2025-11-08T00:00:00+00:00,synthetic,other,3,13,15.73,93.23,40.86,17.03,23.72,31.52,58.83,1.71,-0.13,643.18,233.75,16.44,60.64,0,0,30.4,2,32.0,82.43,68.22
2025-11-09T00:00:00+00:00,synthetic,other,1,8,2.05,0,23.36,28.25,31.83,20.01,91.54,2.0,-0.08,3015.08,120.62,1.97,77.78,4,0.89,63.56,0,16.92,78.44,73.44
2025-11-10T00:00:00+00:00,synthetic,extreme_rain,4,26,30.22,327.14,100,11.29,25.67,28.98,53.9,5.44,0.48,398.71,1,0.55,43.19,1,0,22.78,3,70.54,76.3,98.9
2025-11-11T00:00:00+00:00,synthetic,earthquake,4,13,2.82,48.11,40.58,6.28,17.87,8.62,52.87,0.93,0.05,1527.34,139.75,4.8,45.64,11,6.29,74.06,3,71.0,91.35,99.33
2025-11-12T00:00:00+00:00,synthetic,other,3,284,3.84,51.81,29.8,27.95,37.97,26.12,74.52,0.96,-0.03,1402.31,1,2.97,98.18,1,0,31.16,2,28.49,82.92,85.79
2025-11-13T00:00:00+00:00,synthetic,flood,2,63,20.26,3.53,34.01,28.89,44.58,19.7,51.01,1.54,0.13,774.29,206.63,2.59,93.68,0,0,39.28,1,16.13,70.51,55.23
2025-11-14T00:00:00+00:00,synthetic,cyclone,1,26,21.66,480.35,100,66.09,66.09,26.93,59.47,4.78,0.66,2009.53,1,13.24,70.91,3,0,60.89,0,74.3,70.75,89.23
2025-11-15T00:00:00+00:00,synthetic,earthquake,3,89,1.65,15.69,23.21,17.45,42.4,33.58,53.22,0,-0.09,1091.33,1,5.53,100,0,2.59,59.37,2,35.88,72.15,92.5
2025-11-16T00:00:00+00:00,synthetic,cyclone,2,84,29.94,164.45,54.1,93.28,104.46,22.11,83.31,2.69,0.55,1134.28,61.39,13.47,69.68,2,0,11.13,1,34.1,85.68,81.11
2025-11-17T00:00:00+00:00,synthetic,fire,2,84,1.08,0,8.86,26.25,31.86,31.3,55.68,0.33,-0.09,798.97,290.12,4.15,45.85,7,0,53.38,1,22.74,93.84,65.68
2025-11-18T00:00:00+00:00,synthetic,cyclone,1,4,65.49,59.04,32.85,165.64,191.86,35.49,86.96,6.78,0.8,367.26,70.98,4.58,92.17,1,0,40.61,0,19.19,93.37,82.63
2025-11-19T00:00:00+00:00,synthetic,flood,3,3,12.54,66.61,34.35,30.23,37.93,31.61,52.3,5.85,0.64,415.5,111.28,0.94,57.09,1,0,79.32,2,42.27,71.99,84.49
2025-11-20T00:00:00+00:00,synthetic,flood,3,56,0,150.17,83.86,13.27,29.34,26.3,95.15,2.77,0.71,1372.95,1,5.21,86.76,0,0,15.84,2,40.43,78.86,86.11
2025-11-21T00:00:00+00:00,synthetic,other,3,42,4.1,0,19.05,25.8,31.83,20.52,38.86,0.87,-0.03,1079.07,95.25,13.34,59.27,0,0.81,81.16,2,32.92,83.63,87.97
2025-11-22T00:00:00+00:00,synthetic,extreme_rain,3,5,39.68,159.75,53.75,14.31,31.45,26.19,52.1,8.35,-0.32,1663.81,159.23,11.62,84.11,3,0,17.2,2,39.08,89.13,71.59
2025-11-23T00:00:00+00:00,synthetic,extreme_rain,4,65,0,51.13,19.22,9.98,16.91,38.64,86.56,4.78,0.14,4285.71,200.85,2.7,45.39,0,0,27.87,3,35.83,92.83,91.98
2025-11-24T00:00:00+00:00,synthetic,extreme_rain,3,23,42.11,0,33.59,36.27,43.79,25.9,64.17,1.41,0.53,2452.49,90.37,2.39,76.29,5,0,33.9,2,28.76,70.97,83.07
2025-11-25T00:00:00+00:00,synthetic,flood,3,96,16.86,294.41,96.95,19.78,28.7,30.35,47.12,8.07,0.09,1697.5,106.53,3.87,53.82,0,0,41.69,2,59.28,94.28,94.34
2025-11-26T00:00:00+00:00,synthetic,cyclone,4,76,33.25,307.7,88.9,64.05,116.01,24.15,90.47,6.95,2.07,5136.75,30.93,2.09,100,2,0,29.33,3,78.13,72.37,98.83
2025-11-27T00:00:00+00:00,synthetic,landslide,2,100,0,199.33,61.35,27.78,38.47,24.84,89.94,0.83,0.12,1069.94,118.15,3.63,76.37,0,1.4,5.58,1,37.74,99.98,91.87
2025-11-28T00:00:00+00:00,synthetic,fire,3,27,4.27,4.22,20.12,38.57,47.24,30.35,49.82,0.59,0.03,1026.27,1,7.25,81.35,0,0,82.7,2,31.55,96.25,89.59
2025-11-29T00:00:00+00:00,synthetic,other,4,47,2.17,80.99,52.17,13.5,24.6,24.31,45.15,0.49,0.17,1600.27,197.58,4.61,70.58,2,0.66,14.79,3,40.82,90.04,92.04
2025-11-30T00:00:00+00:00,synthetic,landslide,2,40,21.51,70.98,32.37,17.18,25.2,24.4,49.09,0.63,0.44,868.63,232.87,10.22,81.99,2,0,75.45,1,33.91,89.52,66.83
2025-12-01T00:00:00+00:00,synthetic,fire,4,61,1.73,4.48,35.2,22.63,28.29,26.31,78.06,0.34,-0.05,2187.55,107.25,4.92,100,0,0,9.37,3,25.97,97.26,89.12
2025-12-02T00:00:00+00:00,synthetic,other,3,185,8.82,42.43,32.73,9.02,23.98,25.37,97.76,0.92,-0.07,877.72,101.63,5.17,69.01,4,0.26,58.32,2,35.23,85.67,88.91
2025-12-03T00:00:00+00:00,synthetic,fire,3,7,1.21,0,18.1,24.07,30.24,24.32,59.62,0,0.04,924.94,88.03,5.39,69.6,2,0,30.14,2,23.21,77.09,77.86
2025-12-04T00:00:00+00:00,synthetic,earthquake,2,3,2.39,25.62,22.44,0.8,4.11,24.54,67.84,0.98,-0.04,438.43,60.31,3.32,100,1,3.86,56.8,1,33.49,73.92,83.31
2025-12-05T00:00:00+00:00,synthetic,other,4,57,12.33,26.4,17.36,15.18,23.77,22.87,60.97,0,0.11,3511.46,1,8.79,75.55,1,0.61,36.49,3,36.91,75.34,88.75
2025-12-06T00:00:00+00:00,synthetic,fire,2,40,3.22,2.17,14.48,44.3,61.81,31.99,54.68,0.64,0.0,1418.49,199.55,6.88,47.18,0,0,77.93,1,22.29,83.79,85.94
2025-12-07T00:00:00+00:00,synthetic,earthquake,3,6,5.12,48.84,16.19,17.02,18.57,26.36,89.98,1.58,0.0,1278.97,123.96,2.07,63.3,0,5.14,61.6,2,48.38,89.9,95.97
2025-12-08T00:00:00+00:00,synthetic,earthquake,3,35,5.2,13.89,34.14,7.07,19.97,29.81,76.09,0,0.02,1479.03,28.81,10.47,85.36,2,4.73,25.49,2,38.12,98.22,89.36
2025-12-09T00:00:00+00:00,synthetic,earthquake,2,8,0,13.85,22.64,10.68,17.2,22.92,52.75,0.93,0.23,1079.67,4.59,37.98,93.39,0,3.83,45.95,1,30.6,84.62,50.82
2025-12-10T00:00:00+00:00,synthetic,earthquake,1,207,8.87,32.15,35.32,17.28,17.28,23.29,42.99,0.91,-0.03,763.14,34.01,6.73,52.42,0,2.29,61.36,0,21.61,82.48,82.45
2025-12-11T00:00:00+00:00,synthetic,earthquake,2,10,4.67,0,21.31,9.16,18.09,27.0,47.29,0.38,-0.34,730.76,50.46,5.22,62.04,2,7.37,75.88,1,43.66,86.14,97.36
2025-12-12T00:00:00+00:00,synthetic,cyclone,3,9,94.14,167.58,57.05,101.45,110.11,28.41,88.63,4.76,-0.0,1233.46,202.4,6.25,100,1,0,37.74,2,43.69,90.9,91.68
2025-12-13T00:00:00+00:00,synthetic,cyclone,1,203,45.5,217.4,69.74,120.41,140.27,29.84,90.57,8.47,0.71,1613.17,110.21,5.72,60.6,0,0,7.01,0,30.92,76.01,88.78
2025-12-14T00:00:00+00:00,synthetic,cyclone,3,60,40.71,8.44,21.42,86.25,129.42,29.05,67.49,2.22,0.52,625.84,1,13.06,67.45,0,0,30.93,2,25.17,88.27,88.43
2025-12-15T00:00:00+00:00,synthetic,fire,1,57,2.77,9.32,32.44,15.23,24.96,24.16,44.88,0,0.1,1949.53,323.04,13.68,65.56,6,0,38.76,0,13.41,71.26,28.92
2025-12-16T00:00:00+00:00,synthetic,fire,2,46,0,0,18.75,34.82,50.36,27.68,37.7,0.04,-0.05,1370.72,202.02,5.04,87.4,1,0,20.34,1,12.19,71.32,48.66
2025-12-17T00:00:00+00:00,synthetic,other,2,5,6.75,59.83,29.2,3.25,16.13,23.68,97.65,1.72,-0.01,1071.87,1,23.35,38.24,1,1.15,0,1,19.37,97.14,42.03
2025-12-18T00:00:00+00:00,synthetic,other,3,71,1.4,5.11,20.31,14.98,17.96,27.14,43.53,1.71,-0.11,573.85,139.79,1.45,58.76,2,0.25,61.28,2,29.45,97.34,82.66
2025-12-19T00:00:00+00:00,synthetic,flood,3,95,13.39,126.27,44.21,27.89,51.33,24.88,56.0,5.73,0.17,1069.39,48.2,2.39,90.0,1,0,92.98,2,49.53,73.96,96.01
2025-12-20T00:00:00+00:00,synthetic,cyclone,3,7,0,1.97,22.13,142.04,180.36,31.1,89.68,7.9,1.19,346.92,97.85,2.15,71.48,3,0,56.1,2,34.68,84.3,96.36
2025-12-21T00:00:00+00:00,synthetic,earthquake,2,17,1.32,33.74,26.28,1.06,6.09,35.16,51.84,1.13,-0.16,1769.63,210.68,2.82,56.37,1,5.13,54.14,1,37.21,99.03,91.78
2025-12-22T00:00:00+00:00,synthetic,fire,1,11,0.31,0,25.15,56.03,63.11,22.83,53.13,0.33,-0.05,918.74,94.45,13.21,71.39,1,0,66.64,0,12.55,70.18,58.87
2025-12-23T00:00:00+00:00,synthetic,other,2,20,0,79.95,50.49,20.79,28.69,32.6,94.17,1.73,-0.01,929.28,1,14.54,65.79,2,0.06,30.09,1,24.71,89.96,68.7
2025-12-24T00:00:00+00:00,synthetic,landslide,1,59,31.29,64.97,55.99,4.34,6.67,20.25,62.62,1.67,0.59,1904.63,1,11.92,45.45,1,1.56,70.93,0,28.98,99.84,70.43
2025-12-25T00:00:00+00:00,synthetic,landslide,2,26,11.3,117.29,37.68,22.05,22.05,27.68,54.35,0.8,0.22,1158.79,53.02,3.47,51.72,3,0,37.53,1,32.35,91.82,70.29
2025-12-26T00:00:00+00:00,synthetic,cyclone,3,127,17.8,54.11,33.44,63.71,100.45,35.79,53.85,6.32,1.52,1201.94,136.41,1.51,35.35,0,0,49.0,2,38.91,74.2,93.89
2025-12-27T00:00:00+00:00,synthetic,extreme_rain,4,22,40.16,135.73,54.12,9.01,16.15,25.21,67.77,8.13,0.06,288.11,140.94,5.08,76.13,0,0,30.12,3,46.0,90.69,89.97
2025-12-28T00:00:00+00:00,synthetic,earthquake,1,17,1.01,21.6,22.92,11.75,15.08,27.61,84.35,1.24,0.1,304.49,43.22,0.57,84.21,0,3.75,56.72,0,24.55,87.91,72.62
2025-12-29T00:00:00+00:00,synthetic,cyclone,3,10,48.47,263.73,100,90.31,124.93,35.11,96.14,3.79,0.53,2420.67,208.95,12.42,68.17,2,0,58.49,2,62.44,76.24,97.19
2025-12-30T00:00:00+00:00,synthetic,extreme_rain,4,10,11.75,80.64,48.06,4.18,9.76,22.62,93.15,5.2,0.28,1531.82,1,7.93,82.46,1,0,41.13,3,43.26,80.98,83.52
2025-12-31T00:00:00+00:00,synthetic,earthquake,3,11,0,25.59,19.61,19.04,20.54,16.43,95.56,0,-0.05,619.28,182.69,9.02,73.5,1,5.78,50.7,2,46.06,99.8,95.38
2026-01-01T00:00:00+00:00,synthetic,cyclone,3,28,58.48,232.59,83.92,111.98,152.69,31.62,68.13,2.54,-0.22,637.38,256.01,1.73,66.7,1,0,35.72,2,50.05,74.62,96.79
2026-01-02T00:00:00+00:00,synthetic,earthquake,3,17,8.08,11.52,30.48,14.63,14.98,30.6,41.46,1.1,-0.12,2078.51,144.25,0.94,69.46,2,7.25,44.36,2,48.1,94.22,97.83
2026-01-03T00:00:00+00:00,synthetic,flood,3,118,6.51,57.21,33.58,28.98,29.43,27.11,50.06,6.61,-0.07,2988.23,59.72,10.9,67.71,0,0,34.62,2,28.72,71.92,84.2
2026-01-04T00:00:00+00:00,synthetic,flood,2,64,24.39,278.5,100,9.0,30.43,26.03,43.29,1.23,0.64,1180.02,1,11.84,74.81,2,0,69.84,1,58.77,78.63,86.45
2026-01-05T00:00:00+00:00,synthetic,earthquake,2,2,10.3,26.67,30.21,7.35,15.05,24.02,41.04,1.38,-0.01,374.67,1,7.8,56.32,0,4.79,45.63,1,33.75,97.96,84.06
2026-01-06T00:00:00+00:00,synthetic,earthquake,4,51,4.29,41.79,43.32,5.96,8.74,15.74,48.58,0.7,0.13,5503.2,164.96,2.36,88.05,8,2.92,30.36,3,50.3,72.07,93.17
2026-01-07T00:00:00+00:00,synthetic,earthquake,4,22,6.41,42.95,23.57,10.23,22.48,29.86,53.36,1.01,-0.03,1730.77,1,3.83,75.43,1,4.85,76.76,3,58.18,94.35,97.85
2026-01-08T00:00:00+00:00,synthetic,extreme_rain,3,8,0,105.22,41.05,2.18,12.6,24.96,66.51,1.9,0.52,382.32,20.0,33.47,63.96,7,0,53.06,2,46.37,97.83,65.47
2026-01-09T00:00:00+00:00,synthetic,landslide,2,324,12.03,97.27,32.89,23.45,40.6,17.77,70.74,1.81,0.21,555.09,1,1.22,61.19,4,0.89,38.77,1,33.58,87.26,90.57
2026-01-10T00:00:00+00:00,synthetic,landslide,3,5,9.81,333.48,90.15,21.28,39.04,32.86,67.03,1.13,0.13,1029.36,290.39,5.63,53.45,4,0.12,74.93,2,73.72,98.3,96.33
2026-01-11T00:00:00+00:00,synthetic,earthquake,2,36,4.38,22.08,31.94,17.9,26.51,27.19,35.28,2.33,-0.19,712.33,114.49,33.21,47.77,0,6.46,81.17,1,43.68,82.64,94.91
2026-01-12T00:00:00+00:00,synthetic,flood,2,44,19.79,0.15,11.73,35.65,42.71,27.86,76.87,3.04,0.18,1587.57,161.98,5.55,67.18,1,0,0,1,9.74,74.18,64.69
2026-01-13T00:00:00+00:00,synthetic,other,2,180,0,115.88,61.06,15.02,26.17,30.82,39.52,0.38,0.11,461.68,136.6,0.45,41.44,3,0,22.87,1,28.98,82.68,81.35
2026-01-14T00:00:00+00:00,synthetic,fire,4,89,0,9.56,5.58,46.56,53.25,26.61,62.1,0,-0.0,827.65,148.33,1.31,100,0,0,48.32,3,33.82,78.12,92.06
2026-01-15T00:00:00+00:00,synthetic,extreme_rain,1,669,16.91,79.9,34.27,26.4,39.91,22.71,50.59,3.38,0.47,1048.21,225.46,1.48,51.86,0,0,30.98,0,17.52,97.31,71.54
2026-01-16T00:00:00+00:00,synthetic,cyclone,1,10,77.01,93.44,31.32,181.45,232.36,29.89,61.06,5.3,2.01,1833.68,1,4.36,76.64,1,0,27.62,0,27.03,98.09,93.36
2026-01-17T00:00:00+00:00,synthetic,landslide,1,31,58.34,258.76,81.65,18.0,28.82,30.8,39.38,1.91,-0.03,725.63,93.81,19.99,93.33,1,0.87,65.05,0,46.05,71.64,60.95
2026-01-18T00:00:00+00:00,synthetic,other,4,35,5.74,33.67,33.25,1.98,8.95,23.87,36.84,0.26,0.0,1806.1,168.25,0.98,74.92,0,0,82.56,3,42.91,80.44,91.12
2026-01-19T00:00:00+00:00,synthetic,other,2,169,7.57,40.88,25.55,12.59,20.15,30.75,38.26,0.88,-0.07,710.18,184.56,1.81,84.93,0,0,38.1,1,19.42,74.68,70.21
2026-01-20T00:00:00+00:00,synthetic,earthquake,3,2,7.26,34.43,40.7,25.66,35.42,26.84,51.05,0.14,0.29,2076.47,81.47,2.14,45.09,0,4.9,76.16,2,49.98,90.93,97.77
2026-01-21T00:00:00+00:00,synthetic,fire,4,2,1.51,10.03,6.65,33.81,46.86,29.91,55.01,0.53,0.1,449.15,201.68,5.57,100,1,0,53.39,3,36.09,98.36,78.01
2026-01-22T00:00:00+00:00,synthetic,other,3,36,5.16,49.82,23.98,3.59,7.98,20.72,88.25,0.26,-0.15,1655.17,1,0.85,88.15,1,0,10.73,2,23.96,89.29,49.27
2026-01-23T00:00:00+00:00,synthetic,cyclone,2,10,11.98,0,23.44,103.14,125.69,31.92,72.5,4.49,0.63,1430.35,1,2.81,87.65,0,0,50.56,1,20.26,81.81,88.17
2026-01-24T00:00:00+00:00,synthetic,fire,3,134,0.38,10.97,8.07,23.71,46.5,21.28,35.73,0.17,0.01,862.29,167.16,1.47,68.15,1,0,21.79,2,22.09,70.09,80.58
2026-01-25T00:00:00+00:00,synthetic,extreme_rain,3,74,23.91,204.76,71.26,22.55,37.82,33.8,75.5,3.04,0.85,1585.16,191.46,3.07,64.64,0,0,41.9,2,52.38,70.48,94.63
2026-01-26T00:00:00+00:00,synthetic,fire,2,92,2.19,11.14,44.8,9.25,20.16,26.73,50.08,0,-0.11,3627.99,1,13.94,88.0,0,0,38.65,1,15.74,70.81,70.73
2026-01-27T00:00:00+00:00,synthetic,cyclone,2,75,34.42,312.54,90.25,76.75,115.15,32.29,84.9,7.64,1.24,2145.85,29.98,11.86,30.63,0,0,15.06,1,54.4,80.21,96.62
2026-01-28T00:00:00+00:00,synthetic,flood,3,169,17.69,114.84,52.81,22.34,46.78,26.94,88.19,3.92,1.04,2202.18,129.47,26.14,56.85,0,0,60.41,2,45.87,77.84,80.62
2026-01-29T00:00:00+00:00,synthetic,fire,3,6,0,7.44,11.81,26.61,27.24,20.2,49.93,0.44,0.03,1753.25,1,4.92,68.05,2,0,2.12,2,19.03,95.13,67.78
2026-01-30T00:00:00+00:00,synthetic,flood,2,21,14.62,55.38,40.25,4.65,32.12,24.31,75.61,4.5,0.67,2435.61,46.8,0.29,77.94,2,0,66.6,1,31.59,89.94,88.74
2026-01-31T00:00:00+00:00,synthetic,landslide,4,24,29.1,310.83,74.75,19.22,31.88,24.57,76.67,1.13,0.54,573.73,180.3,3.2,56.31,0,0.07,58.25,3,74.72,99.43,98.0
2026-02-01T00:00:00+00:00,synthetic,fire,3,184,0.56,12.6,14.3,29.25,42.71,23.84,41.1,0.41,0.0,458.39,116.84,2.01,62.99,0,0,60.68,2,28.44,93.05,88.98
2026-02-02T00:00:00+00:00,synthetic,flood,3,8,0,52.84,47.68,14.5,19.0,23.83,39.72,2.36,0.25,2220.63,63.85,2.31,94.22,3,0,37.77,2,32.79,98.76,82.1
2026-02-03T00:00:00+00:00,synthetic,landslide,3,127,20.88,231.66,69.34,8.02,20.22,18.21,91.9,0.13,0.35,291.48,91.1,3.08,65.14,0,1.25,54.67,2,59.14,96.21,95.01
2026-02-04T00:00:00+00:00,synthetic,cyclone,4,211,21.13,126.8,51.19,133.37,177.23,31.27,83.4,4.36,0.94,416.42,65.45,5.69,43.29,0,0,63.67,3,55.36,97.12,99.59
2026-02-05T00:00:00+00:00,synthetic,fire,2,97,0,6.95,20.28,10.07,14.57,25.52,75.46,0,-0.07,797.22,70.22,0.77,64.33,0,0,16.55,1,11.46,86.12,59.86
2026-02-06T00:00:00+00:00,synthetic,other,3,76,12.85,2.99,21.29,28.87,34.49,25.23,54.99,2.14,0.0,2021.13,70.61,5.18,70.98,2,0.03,48.84,2,26.87,96.57,87.44
2026-02-07T00:00:00+00:00,synthetic,fire,1,42,0.11,5.96,34.57,32.53,39.11,22.71,47.2,0.22,0.08,499.83,226.08,2.5,57.33,0,0,29.14,0,6.34,96.51,56.01
2026-02-08T00:00:00+00:00,synthetic,landslide,2,225,13.66,63.29,56.81,16.34,19.04,27.7,37.67,2.94,0.17,2234.63,79.34,14.06,46.4,0,1.28,83.81,1,35.39,78.74,87.26
2026-02-09T00:00:00+00:00,synthetic,cyclone,3,96,21.55,159.85,59.34,85.2,137.05,29.23,70.28,2.73,0.89,809.85,151.91,5.25,49.31,0,0,27.65,2,44.59,73.24,97.08
2026-02-10T00:00:00+00:00,synthetic,extreme_rain,2,31,48.22,0,9.13,37.4,65.65,30.03,37.18,4.23,0.14,3250.55,111.99,12.24,96.4,0,0,56.52,1,18.89,79.63,70.34
2026-02-11T00:00:00+00:00,synthetic,extreme_rain,3,20,5.97,58.03,22.88,6.57,25.84,30.97,44.44,7.24,0.69,581.09,1,2.19,90.02,0,0,41.06,2,33.81,79.48,87.34
2026-02-12T00:00:00+00:00,synthetic,fire,3,50,0,4.17,17.57,24.93,38.08,24.06,92.48,0,-0.09,1173.55,12.88,5.25,60.84,3,0,16.52,2,21.45,70.88,78.68
2026-02-13T00:00:00+00:00,synthetic,fire,3,38,1.76,1.88,15.81,20.2,34.18,20.05,95.75,0,-0.04,3479.18,54.75,16.47,51.72,2,0,3.97,2,18.36,84.22,72.76
2026-02-14T00:00:00+00:00,synthetic,fire,2,11,0.73,3.13,24.26,33.53,57.39,28.49,77.06,0.56,0.03,2488.12,76.71,10.66,55.3,4,0,54.23,1,21.48,84.36,54.33
2026-02-15T00:00:00+00:00,synthetic,fire,2,51,1.97,8.08,29.39,43.97,55.7,29.41,37.12,0.66,-0.0,1374.33,167.57,3.1,72.17,2,0,74.15,1,23.91,77.71,85.89
2026-02-16T00:00:00+00:00,synthetic,earthquake,3,22,1.55,9.87,19.29,11.66,22.34,23.02,88.63,1.02,-0.24,2026.21,1,1.92,74.76,1,6.46,54.31,2,45.97,80.6,98.25
2026-02-17T00:00:00+00:00,synthetic,extreme_rain,3,60,3.76,130.28,70.27,18.84,37.03,17.81,68.74,7.42,0.3,2121.6,1,1.36,100,0,0,68.78,2,45.49,70.22,92.28
2026-02-18T00:00:00+00:00,synthetic,extreme_rain,3,5,0,201.47,73.48,0,0.22,26.26,91.02,2.77,-0.3,641.61,1,0.83,77.51,1,0,22.98,2,43.6,73.68,84.92
2026-02-19T00:00:00+00:00,synthetic,fire,2,29,2.36,12.85,12.91,30.92,38.68,33.95,60.02,0.57,0.11,718.9,58.22,3.88,61.62,5,0,40.85,1,21.46,91.73,66.09
2026-02-20T00:00:00+00:00,synthetic,cyclone,1,10,27.72,7.79,17.38,25.75,77.59,29.01,41.46,1.26,1.13,1418.29,118.73,3.63,82.62,9,0,63.91,0,25.28,95.26,76.75
2026-02-21T00:00:00+00:00,synthetic,flood,2,59,3.9,38.63,32.41,24.98,45.82,14.11,56.79,1.99,0.23,1730.83,1,2.2,74.92,13,0,4.82,1,25.07,79.44,71.24
2026-02-22T00:00:00+00:00,synthetic,landslide,2,5,38.38,0,17.79,11.67,27.3,28.67,53.65,0.25,0.08,2533.31,1,0.87,98.61,5,1.07,67.25,1,27.74,80.46,80.75
2026-02-23T00:00:00+00:00,synthetic,flood,1,61,35.18,312.08,99.39,33.39,46.4,23.42,79.28,0,0.42,2735.82,1,2.42,49.18,4,0,30.57,0,48.24,84.4,81.22
2026-02-24T00:00:00+00:00,synthetic,earthquake,2,104,4.52,3.6,19.13,19.21,28.08,26.09,62.32,1.44,0.13,442.83,218.5,14.54,46.2,2,4.98,9.09,1,27.28,82.58,88.92
2026-02-25T00:00:00+00:00,synthetic,other,4,298,13.48,0,28.34,0,3.1,19.55,82.65,0.77,0.13,1396.66,103.14,3.31,69.03,0,0.9,40.82,3,34.69,72.69,90.13
2026-02-26T00:00:00+00:00,synthetic,other,2,60,0,57.31,35.8,11.56,20.74,26.42,73.76,1.68,0.19,376.36,69.19,1.01,48.79,0,0,47.49,1,24.37,75.76,64.34
2026-02-27T00:00:00+00:00,synthetic,other,4,28,8.47,0,25.86,14.56,22.82,30.94,61.46,1.1,0.03,935.57,1,1.9,52.6,0,0,93.51,3,40.96,70.51,92.57
2026-02-28T00:00:00+00:00,synthetic,other,1,20,4.49,32.87,17.04,0,8.89,24.9,40.17,0.55,0.14,214.93,285.3,2.95,94.74,2,0.76,21.02,0,12.32,90.5,33.2
2026-03-01T00:00:00+00:00,synthetic,cyclone,1,76,33.69,148.67,49.1,137.1,149.34,24.2,47.85,0.54,1.76,627.84,1,5.89,92.44,0,0,55.37,0,36.61,81.94,85.67
2026-03-02T00:00:00+00:00,synthetic,cyclone,1,3,97.89,200.37,52.52,73.44,102.55,27.12,35.19,7.08,0.66,374.08,105.04,6.99,84.71,10,0,21.19,0,39.15,87.5,71.42
2026-03-03T00:00:00+00:00,synthetic,flood,2,1,34.36,104.66,45.75,35.61,48.23,31.0,90.66,2.17,0.94,4416.51,1,0.2,26.07,4,0,68.38,1,40.79,79.91,90.48
2026-03-04T00:00:00+00:00,synthetic,earthquake,3,18,5.8,28.96,27.68,15.39,27.57,18.38,39.64,0.06,0.14,2631.89,1,0.59,62.24,0,6.14,34.56,2,44.79,81.89,97.79
2026-03-05T00:00:00+00:00,synthetic,other,4,101,4.15,9.43,18.9,18.0,28.89,28.48,67.43,1.44,0.25,1404.02,1,2.12,64.53,13,0.37,36.22,3,44.4,89.81,97.44
2026-03-06T00:00:00+00:00,synthetic,cyclone,3,97,61.59,209.19,80.65,63.26,80.36,22.03,75.47,7.12,0.37,1182.36,210.2,1.62,72.93,0,0,94.54,2,59.98,79.18,97.51
2026-03-07T00:00:00+00:00,synthetic,earthquake,3,45,4.4,36.85,20.39,0,4.58,28.35,52.4,0.99,0.17,694.96,105.54,9.53,57.33,4,4.49,40.08,2,45.13,94.59,94.64
2026-03-08T00:00:00+00:00,synthetic,earthquake,2,55,4.23,28.68,30.26,0,10.59,38.67,76.78,0.67,0.23,771.54,218.92,3.41,51.42,0,5.19,39.81,1,35.32,91.5,90.6
2026-03-09T00:00:00+00:00,synthetic,extreme_rain,2,10,27.16,0,19.31,20.95,33.48,34.8,72.73,3.31,0.37,1257.18,100.03,0.71,61.86,4,0,30.46,1,18.52,92.48,65.39
2026-03-10T00:00:00+00:00,synthetic,other,2,13,10.94,79.57,32.57,2.92,16.61,28.44,85.33,1.14,0.0,843.88,76.34,3.36,95.07,1,1.04,41.79,1,29.01,99.53,72.61
2026-03-11T00:00:00+00:00,synthetic,fire,2,58,3.38,3.71,21.23,35.74,51.11,26.4,73.73,0.4,0.0,1273.28,32.86,27.89,10.63,3,0,39.83,1,18.03,97.11,64.25
2026-03-12T00:00:00+00:00,synthetic,extreme_rain,4,29,0.91,204.21,83.29,9.71,24.24,36.56,81.69,3.78,0.16,1880.11,148.54,4.4,78.8,0,0,42.06,3,56.89,97.16,93.36
2026-03-13T00:00:00+00:00,synthetic,cyclone,3,232,1.72,0,25.91,66.12,86.33,26.45,93.35,4.79,1.04,496.43,210.3,1.98,65.97,1,0,54.93,2,31.9,90.1,92.51
2026-03-14T00:00:00+00:00,synthetic,cyclone,4,10,71.43,3.97,16.16,92.86,153.51,29.37,57.86,4.36,0.99,1449.74,207.01,2.13,94.68,4,0,50.72,3,41.74,92.86,96.49
2026-03-15T00:00:00+00:00,synthetic,fire,2,6,0.95,9.14,10.84,27.57,48.36,21.9,73.88,0.62,0.02,1920.66,258.64,2.32,49.97,2,0,49.98,1,19.78,92.17,54.47
2026-03-16T00:00:00+00:00,synthetic,fire,2,152,2.6,7.07,32.61,15.28,26.74,23.21,74.22,0.39,-0.03,589.38,1,4.01,71.35,0,0,37.09,1,15.38,83.55,68.17
2026-03-17T00:00:00+00:00,synthetic,extreme_rain,1,29,23.96,34.38,31.33,28.08,44.33,27.24,52.76,4.66,0.47,2854.7,85.64,1.42,76.38,5,0,47.08,0,18.96,73.86,54.6
2026-03-18T00:00:00+00:00,synthetic,extreme_rain,3,66,15.85,42.61,21.06,32.27,50.9,22.06,65.73,5.9,0.48,3249.02,35.73,3.65,94.07,1,0,13.71,2,26.8,73.36,71.33
2026-03-19T00:00:00+00:00,synthetic,cyclone,4,5,52.95,289.37,95.86,52.78,95.71,29.5,80.61,2.53,1.41,3371.6,174.41,2.72,42.34,1,0,78.16,3,80.64,79.07,99.4
2026-03-20T00:00:00+00:00,synthetic,other,1,8,16.75,0,28.38,23.53,28.56,21.68,51.26,0.93,0.03,1062.41,54.27,7.27,69.53,1,0.23,83.43,0,16.66,79.2,60.57
2026-03-21T00:00:00+00:00,synthetic,flood,2,7,45.18,206.3,71.46,13.12,24.19,31.16,60.65,5.57,-0.14,564.72,175.02,5.42,66.04,1,0,67.15,1,44.96,85.78,86.19
2026-03-22T00:00:00+00:00,synthetic,extreme_rain,2,31,0,147.61,42.36,5.03,21.44,25.66,61.17,4.69,1.04,1829.2,113.36,7.19,100,2,0,21.13,1,36.32,79.81,70.03
2026-03-23T00:00:00+00:00,synthetic,earthquake,3,5,6.01,39.55,31.85,17.25,21.29,24.67,93.47,0.5,0.18,4954.24,1,12.5,58.16,8,3.51,30.83,2,44.12,73.13,92.97
2026-03-24T00:00:00+00:00,synthetic,fire,2,49,1.07,8.19,13.79,41.27,45.33,21.8,44.83,0.65,0.03,830.53,11.0,7.26,58.79,4,0,32.31,1,18.16,89.5,69.39
2026-03-25T00:00:00+00:00,synthetic,earthquake,1,12,3.16,58.78,41.8,6.42,11.89,19.6,67.35,0.38,-0.0,339.33,1,3.3,81.11,0,6.05,79.78,0,39.57,82.58,89.54
2026-03-26T00:00:00+00:00,synthetic,cyclone,1,5,0,414.79,100,114.32,148.07,30.91,92.36,3.2,0.88,427.21,1,0.43,47.95,3,0,28.67,0,61.74,73.41,95.35
2026-03-27T00:00:00+00:00,synthetic,extreme_rain,2,37,19.84,41.13,21.88,15.48,25.84,25.34,50.43,2.52,0.33,8173.46,66.27,5.9,65.8,1,0,44.66,1,23.43,75.6,85.55
2026-03-28T00:00:00+00:00,synthetic,other,2,17,0,81.08,39.34,6.85,11.46,22.39,63.82,1.29,-0.03,1497.02,1,16.04,79.02,0,0.68,66.13,1,31.54,74.98,72.71
2026-03-29T00:00:00+00:00,synthetic,cyclone,3,28,0,16.45,4.37,67.85,114.38,23.7,66.67,5.57,1.66,1203.27,1,0.6,77.73,2,0,0,2,27.87,96.26,90.4
2026-03-30T00:00:00+00:00,synthetic,flood,1,14,21.84,169.43,54.29,32.01,54.78,26.45,73.4,4.49,0.54,500.08,327.13,0.32,65.01,0,0,68.74,0,35.39,86.47,68.77
2026-03-31T00:00:00+00:00,synthetic,fire,3,18,2.89,15.41,34.96,17.53,23.41,31.36,87.24,0.52,0.07,1032.72,139.3,7.52,64.5,0,0,42.09,2,25.78,92.74,68.39
2026-04-01T00:00:00+00:00,synthetic,earthquake,3,59,5.85,10.71,28.62,18.46,31.98,31.84,45.61,1.11,0.37,981.91,167.88,4.29,92.93,5,2.89,38.45,2,38.72,98.48,83.36
2026-04-02T00:00:00+00:00,synthetic,other,3,4,8.88,93.98,39.67,2.41,24.03,33.87,67.05,0.56,0.1,2516.48,140.27,3.49,73.3,2,0.07,84.6,2,44.79,73.42,89.05
2026-04-03T00:00:00+00:00,synthetic,earthquake,2,13,8.87,20.21,42.44,16.06,18.73,25.97,65.87,0.74,-0.26,4137.97,160.25,2.08,63.78,2,3.8,25.78,1,26.78,81.23,90.63
2026-04-04T00:00:00+00:00,synthetic,fire,2,76,2.18,12.33,40.55,39.83,39.83,32.62,59.72,0.85,-0.09,912.25,1,7.61,65.18,0,0,56.1,1,19.14,89.07,75.87
2026-04-05T00:00:00+00:00,synthetic,earthquake,2,20,6.62,7.29,33.04,2.45,15.27,29.9,37.25,1.43,-0.12,2513.79,122.63,3.17,49.39,2,7.83,24.57,1,37.77,96.84,96.29
2026-04-06T00:00:00+00:00,synthetic,fire,1,69,1.03,7.25,14.8,18.38,22.84,21.81,90.19,0.18,-0.01,651.76,102.73,3.67,66.51,0,0,21.66,0,4.7,88.32,39.97
2026-04-07T00:00:00+00:00,synthetic,extreme_rain,3,5,18.15,129.06,42.16,25.99,45.42,33.48,36.6,2.51,0.04,2550.26,62.32,10.66,57.71,1,0,32.64,2,38.35,93.98,81.42
2026-04-08T00:00:00+00:00,synthetic,other,2,14,0.73,40.35,34.73,13.79,25.17,32.81,79.48,0.05,0.02,695.83,116.66,3.12,59.86,0,0.44,33.8,1,20.33,75.38,75.61
2026-04-09T00:00:00+00:00,synthetic,landslide,3,25,25.17,242.41,81.91,19.42,30.26,23.3,41.69,1.67,0.36,520.24,1,10.62,71.5,1,0.02,45.77,2,56.02,75.98,88.12
2026-04-10T00:00:00+00:00,synthetic,fire,1,38,0.27,0,8.15,16.8,31.71,30.33,60.18,0.61,0.12,1119.87,1,15.88,59.23,0,0,26.56,0,5.36,97.79,34.2
2026-04-11T00:00:00+00:00,synthetic,other,4,21,7.44,73.93,35.93,26.61,31.56,21.08,60.58,1.24,0.08,461.38,1,9.77,89.73,0,0,63.85,3,44.75,92.22,91.91
2026-04-12T00:00:00+00:00,synthetic,landslide,2,83,18.17,270.96,79.93,17.97,22.63,29.3,44.14,1.46,0.62,328.71,140.36,13.35,76.69,1,1.16,55.99,1,57.96,95.74,88.62
2026-04-13T00:00:00+00:00,synthetic,extreme_rain,4,122,12.05,48.58,24.12,27.95,34.24,27.55,35.93,8.95,0.83,2368.95,6.26,1.6,62.05,2,0,47.65,3,44.17,92.07,93.5
2026-04-14T00:00:00+00:00,synthetic,landslide,2,90,34.41,207.21,89.79,21.2,33.67,23.12,74.58,2.4,0.2,1002.2,1.66,0.47,47.39,30,0.62,49.49,1,68.62,91.05,93.3
2026-04-15T00:00:00+00:00,synthetic,other,3,341,3.79,147.26,63.08,0,7.6,28.07,45.94,1.04,0.19,1487.23,131.28,3.55,47.34,2,0.29,38.64,2,44.07,85.37,88.99
2026-04-16T00:00:00+00:00,synthetic,earthquake,3,25,0,24.27,31.74,8.36,15.3,20.77,41.99,1.29,-0.18,4929.58,170.67,2.72,100,3,3.91,37.93,2,38.95,76.69,96.69
2026-04-17T00:00:00+00:00,synthetic,fire,2,27,0,0,20.9,30.83,37.39,20.18,58.62,0.52,0.01,5856.69,137.56,0.57,54.58,1,0,44.89,1,16.94,77.18,68.11
2026-04-18T00:00:00+00:00,synthetic,flood,3,46,27.08,247.41,87.63,17.91,32.12,17.82,75.63,0.65,0.29,3517.27,314.51,2.23,66.89,2,0,51.37,2,58.0,96.67,88.78
2026-04-19T00:00:00+00:00,synthetic,cyclone,2,205,72.91,124.33,51.16,39.96,61.75,28.47,79.48,3.81,1.4,508.7,81.24,25.68,79.13,0,0,64.92,1,41.63,86.25,79.28
2026-04-20T00:00:00+00:00,synthetic,extreme_rain,2,17,29.73,89.65,45.94,24.87,44.41,34.1,38.54,4.59,1.1,1248.28,54.54,3.08,83.37,2,0,62.26,1,37.08,85.28,82.9
2026-04-21T00:00:00+00:00,synthetic,extreme_rain,3,22,8.63,257.63,71.59,23.28,35.62,27.8,57.8,2.72,0.37,580.26,23.93,6.73,44.51,0,0,12.56,2,51.01,97.94,89.11
2026-04-22T00:00:00+00:00,synthetic,extreme_rain,2,21,25.4,3.27,0.98,15.44,23.43,34.03,56.87,5.99,0.83,453.57,274.45,23.48,85.29,1,0,78.34,1,27.44,75.86,40.64
2026-04-23T00:00:00+00:00,synthetic,earthquake,2,2,10.47,13.59,32.92,4.92,8.22,24.4,53.85,0.19,0.09,1890.53,1,8.52,54.17,2,3.45,42.72,1,29.7,76.58,86.0
2026-04-24T00:00:00+00:00,synthetic,earthquake,4,173,0,54.94,42.31,29.52,34.32,25.47,81.91,0.34,-0.03,1008.25,55.0,21.55,79.25,1,5.45,43.74,3,55.47,90.75,98.21
2026-04-25T00:00:00+00:00,synthetic,extreme_rain,2,5,0,0,11.05,17.9,40.8,16.98,74.15,4.34,0.17,1402.55,3.74,0.2,94.12,0,0,39.67,1,16.01,78.49,71.12
2026-04-26T00:00:00+00:00,synthetic,fire,1,29,2.3,13.85,22.83,16.46,32.08,24.61,39.03,0.5,0.12,1213.64,1,0.65,52.49,3,0,43.62,0,12.52,92.08,53.13
2026-04-27T00:00:00+00:00,synthetic,earthquake,1,28,0,45.59,22.51,10.01,16.66,26.44,59.08,1.36,-0.14,1361.98,174.43,22.56,49.42,3,3.73,45.79,0,26.58,75.87,81.65
2026-04-28T00:00:00+00:00,synthetic,other,4,14,8.18,96.84,34.41,5.73,21.8,23.2,89.04,0.58,0.13,1644.92,1,1.64,64.54,0,0,50.65,3,45.37,77.89,93.45
2026-04-29T00:00:00+00:00,synthetic,cyclone,1,28,62.7,256.51,65.19,170.1,199.1,25.78,80.34,4.95,0.33,259.15,1,8.63,35.71,0,0,46.93,0,40.86,74.56,97.05
2026-04-30T00:00:00+00:00,synthetic,flood,2,12,2.38,43.91,28.77,28.61,43.51,16.12,44.72,5.65,0.59,1166.53,257.41,0.84,68.56,0,0,46.61,1,24.6,96.1,76.79
2026-05-01T00:00:00+00:00,synthetic,cyclone,1,12,0,109.93,39.06,140.66,156.85,24.06,46.64,8.02,0.69,628.89,15.57,16.37,94.59,2,0,37.28,0,24.94,81.72,82.87
2026-05-02T00:00:00+00:00,synthetic,cyclone,3,10,81.27,190.4,81.58,76.87,97.55,24.29,91.38,6.9,1.47,871.27,9.43,6.44,92.21,0,0,55.82,2,56.26,88.47,94.93
2026-05-03T00:00:00+00:00,synthetic,cyclone,4,28,13.94,385.99,100,93.84,120.92,21.06,71.32,1.95,-0.21,2221.91,1,12.01,100,7,0,36.61,3,81.45,81.74,99.23
2026-05-04T00:00:00+00:00,synthetic,cyclone,2,3,18.61,178.35,64.09,72.34,113.46,31.74,85.31,6.85,0.59,2149.8,3.71,5.6,98.85,0,0,43.53,1,40.19,94.71,89.43
2026-05-05T00:00:00+00:00,synthetic,cyclone,2,12,55.68,87.5,41.29,116.98,168.04,24.79,38.29,7.97,0.58,2734.14,216.41,5.98,61.63,0,0,57.39,1,31.71,89.2,94.07
2026-05-06T00:00:00+00:00,synthetic,landslide,2,7,8.02,177.69,64.19,22.46,27.99,30.12,56.98,4.18,0.21,952.14,1,4.77,45.88,6,0,23.6,1,39.4,84.01,75.57
2026-05-07T00:00:00+00:00,synthetic,fire,1,72,1.14,0.31,12.64,22.13,37.08,30.54,45.78,0.54,-0.02,200.31,164.48,2.99,81.11,1,0,70.04,0,13.35,98.05,60.06
2026-05-08T00:00:00+00:00,synthetic,earthquake,2,21,8.44,32.91,50.98,5.72,15.39,23.61,57.3,0.85,0.15,636.77,86.74,16.63,39.57,9,4.11,68.05,1,44.49,82.85,93.25
2026-05-09T00:00:00+00:00,synthetic,earthquake,3,5,8.29,29.35,21.86,7.84,22.13,38.35,55.88,0,-0.16,2327.36,1,17.98,74.4,1,4.29,39.41,2,39.48,85.09,88.65
2026-05-10T00:00:00+00:00,synthetic,flood,3,45,65.73,115.47,43.61,43.05,49.53,28.95,80.11,5.12,0.33,694.45,80.34,12.8,61.07,0,0,18.68,2,34.88,73.07,72.97
2026-05-11T00:00:00+00:00,synthetic,landslide,1,20,28.09,188.78,85.63,7.26,21.73,25.65,43.47,1.11,0.47,7759.51,11.08,11.89,65.83,3,1.55,41.41,0,39.53,84.78,91.44
2026-05-12T00:00:00+00:00,synthetic,landslide,3,4,2.54,350.79,100,5.59,17.38,29.98,89.41,2.63,0.11,755.39,89.44,11.46,46.25,1,0.4,26.25,2,65.39,78.8,95.1
2026-05-13T00:00:00+00:00,synthetic,cyclone,4,40,14.88,77.95,38.19,51.57,68.91,33.27,82.51,3.05,0.07,187.15,125.15,7.39,65.87,0,0,54.49,3,43.51,83.73,93.51
2026-05-14T00:00:00+00:00,synthetic,other,3,38,9.76,53.14,45.74,9.15,19.58,23.28,75.88,1.11,0.13,2301.97,259.28,9.74,70.49,2,1.34,15.08,2,31.39,78.08,74.83
2026-05-15T00:00:00+00:00,synthetic,flood,4,10,27.76,54.43,37.99,23.75,54.74,28.26,62.91,0.54,0.44,1115.84,201.75,5.52,81.56,6,0,31.72,3,43.22,79.73,92.35
2026-05-16T00:00:00+00:00,synthetic,flood,2,465,13.77,48.67,20.5,7.74,15.28,32.5,86.43,1.88,1.03,1306.61,369.46,8.01,39.56,0,0,32.25,1,24.8,75.16,76.28
2026-05-17T00:00:00+00:00,synthetic,cyclone,2,122,30.29,517.74,100,66.58,120.53,19.29,59.49,6.08,1.63,460.05,194.01,6.76,76.97,0,0,62.69,1,89.57,90.18,97.97
2026-05-18T00:00:00+00:00,synthetic,earthquake,2,183,0.51,17.65,25.73,15.67,29.35,26.73,47.26,1.85,0.02,2430.6,88.92,6.18,74.12,1,5.35,18.93,1,30.49,80.38,90.28
2026-05-19T00:00:00+00:00,synthetic,extreme_rain,3,46,31.98,100.75,50.46,19.89,21.14,28.97,90.28,2.87,-0.05,366.11,65.66,6.96,51.48,2,0,11.51,2,31.52,98.09,82.29
2026-05-20T00:00:00+00:00,synthetic,landslide,2,52,0,208.01,58.71,18.85,29.64,20.27,47.09,2.75,0.3,1066.85,8.64,9.58,62.05,1,0.64,56.11,1,47.28,98.43,90.73
2026-05-21T00:00:00+00:00,synthetic,landslide,2,12,11.42,0,32.9,22.14,33.77,31.24,77.12,2.59,0.19,1294.66,291.88,5.78,58.08,1,0.35,52.79,1,20.31,80.22,74.29
2026-05-22T00:00:00+00:00,synthetic,cyclone,2,6,0,198.19,85.54,41.49,62.53,26.6,45.75,4.81,0.84,365.93,74.94,7.89,71.2,10,0,50.16,1,53.01,91.22,80.63
2026-05-23T00:00:00+00:00,synthetic,extreme_rain,1,650,0,205.78,72.71,27.24,47.38,29.83,67.39,4.77,0.41,1062.27,161.45,3.21,67.37,0,0,57.08,0,37.01,98.35,82.79
2026-05-24T00:00:00+00:00,synthetic,other,3,45,6.19,43.31,27.42,3.88,4.62,30.84,73.16,1.07,0.13,356.85,217.95,15.36,88.54,1,0.73,38.83,2,31.81,86.25,67.8
2026-05-25T00:00:00+00:00,synthetic,extreme_rain,3,33,54.88,109.83,44.39,26.66,48.28,36.24,76.5,3.59,0.36,1463.37,1,8.95,91.04,0,0,35.84,2,37.43,92.91,82.85
2026-05-26T00:00:00+00:00,synthetic,earthquake,3,1,0,32.32,25.78,23.87,39.02,23.81,67.23,0.87,0.07,740.3,161.83,8.28,59.9,0,2.95,58.04,2,39.55,85.32,93.1
2026-05-27T00:00:00+00:00,synthetic,extreme_rain,1,17,43.6,167.05,57.72,19.69,28.33,23.11,48.78,2.39,0.37,2521.35,47.98,0.56,77.58,3,0,41.61,0,31.8,76.44,60.99
2026-05-28T00:00:00+00:00,synthetic,fire,2,11,1.01,0,16.47,0,10.05,30.36,43.66,0.52,-0.0,558.27,1,10.06,78.11,4,0,14.54,1,13.81,76.89,37.58
2026-05-29T00:00:00+00:00,synthetic,other,2,13,7.85,87.67,26.46,17.04,30.26,25.7,95.23,0,0.13,373.15,165.52,18.1,90.55,2,0.64,14.86,1,25.37,74.78,57.43
2026-05-30T00:00:00+00:00,synthetic,flood,3,59,0,92.64,22.71,7.93,30.99,20.69,56.84,5.07,0.86,943.23,219.01,2.31,62.86,11,0,49.09,2,49.08,85.22,87.2
2026-05-31T00:00:00+00:00,synthetic,extreme_rain,4,40,9.9,17.09,13.12,21.29,37.84,15.23,56.38,3.78,0.25,1600.73,193.91,3.71,89.36,0,0,30.45,3,32.78,94.32,79.0
2026-06-01T00:00:00+00:00,synthetic,landslide,4,290,21.88,322.85,100,12.55,20.78,22.38,95.84,1.56,0.28,660.37,83.05,10.45,92.55,4,0.92,0,3,70.13,83.79,95.58
2026-06-02T00:00:00+00:00,synthetic,flood,3,56,0,84.54,55.63,24.92,32.52,29.91,86.1,4.99,0.33,556.92,1,12.78,66.61,0,0,0,2,27.81,98.27,83.6
2026-06-03T00:00:00+00:00,synthetic,fire,3,54,2.52,19.25,12.1,29.14,57.26,29.46,92.08,0.05,0.04,576.19,312.93,7.38,24.81,1,0,100,2,37.31,76.32,90.27
2026-06-04T00:00:00+00:00,synthetic,flood,4,32,22.66,269.98,80.52,18.58,38.97,24.84,96.92,2.96,-0.06,2094.61,156.08,3.46,96.71,0,0,71.88,3,69.05,70.58,97.69
2026-06-05T00:00:00+00:00,synthetic,fire,4,3,1.12,11.32,27.02,45.39,58.22,28.17,88.76,0.02,-0.06,1129.87,287.94,1.8,80.72,0,0,48.66,3,33.83,99.16,83.95
2026-06-06T00:00:00+00:00,synthetic,earthquake,4,47,6.45,34.04,20.37,6.5,26.4,24.36,97.74,0.72,-0.15,885.89,112.58,10.67,70.76,2,5.05,1.49,3,44.36,87.27,95.47
2026-06-07T00:00:00+00:00,synthetic,earthquake,1,39,2.36,71.2,37.54,12.41,12.41,25.1,47.85,0,0.23,668.28,83.04,12.93,74.44,1,3.51,62.5,0,32.27,74.78,61.89
2026-06-08T00:00:00+00:00,synthetic,earthquake,2,8,11.41,9.76,34.98,22.29,36.85,28.31,72.63,1.3,-0.22,1009.25,211.83,2.86,14.8,0,7.18,65.02,1,41.32,82.8,97.69
2026-06-09T00:00:00+00:00,synthetic,landslide,4,5,0,301.74,88.75,16.43,28.91,31.93,58.34,1.05,0.2,1131.05,1,20.37,87.27,0,1.67,53.89,3,75.92,97.81,97.17
2026-06-10T00:00:00+00:00,synthetic,flood,1,6,2.95,161.88,51.4,15.21,31.53,26.05,57.19,1.17,0.69,2258.0,1,8.52,50.41,1,0,57.71,0,34.06,85.08,71.83
2026-06-11T00:00:00+00:00,synthetic,landslide,3,81,0,85.33,45.35,9.5,20.14,27.72,51.12,2.39,0.07,5291.83,55.23,10.25,65.02,0,0,35.93,2,33.05,99.39,81.7
2026-06-12T00:00:00+00:00,synthetic,extreme_rain,2,58,11.67,133.13,33.03,3.83,16.22,24.27,41.77,2.41,-0.34,1633.72,1,3.62,65.79,1,0,24.26,1,27.44,98.63,69.68
2026-06-13T00:00:00+00:00,synthetic,cyclone,3,40,72.1,90.49,28.79,78.53,111.54,17.28,75.36,7.24,-0.01,1033.45,27.43,14.67,73.17,3,0,41.18,2,36.63,75.72,92.87
2026-06-14T00:00:00+00:00,synthetic,flood,1,59,25.34,6.49,37.46,5.75,30.69,32.39,96.1,1.81,0.43,388.66,175.17,3.66,76.19,3,0,84.1,0,20.49,78.67,64.73
2026-06-15T00:00:00+00:00,synthetic,extreme_rain,2,183,35.79,180.95,80.9,4.75,27.79,27.97,68.33,1.67,1.16,776.36,120.5,1.47,73.93,0,0,45.31,1,43.69,82.36,88.85
2026-06-16T00:00:00+00:00,synthetic,fire,1,20,0,2.57,21.67,0,14.82,22.4,62.88,0,0.01,519.22,130.1,18.27,83.55,0,0,65.1,0,12.08,78.76,24.97
2026-06-17T00:00:00+00:00,synthetic,flood,3,5,1.38,71.54,40.88,7.7,30.43,24.98,92.91,5.29,0.49,1208.9,343.54,10.81,70.8,4,0,67.76,2,42.45,92.51,80.58
2026-06-18T00:00:00+00:00,synthetic,landslide,3,33,12.47,107.82,33.49,29.49,29.49,34.82,37.5,0.51,0.54,891.71,93.99,2.19,68.44,1,1.0,43.93,2,43.34,99.42,91.39
2026-06-19T00:00:00+00:00,synthetic,earthquake,1,13,0,23.86,25.54,0,12.33,28.15,38.96,0.81,0.09,463.92,118.13,17.43,30.72,6,4.45,25.26,0,26.02,96.23,67.11
2026-06-20T00:00:00+00:00,synthetic,flood,2,5,25.06,92.66,47.97,21.07,24.6,24.76,96.17,2.18,1.01,2217.12,146.9,11.25,82.43,2,0,74.3,1,39.13,70.06,79.94
2026-06-21T00:00:00+00:00,synthetic,landslide,2,14,2.42,483.22,100,20.48,45.64,27.85,49.81,1.68,0.14,1092.75,133.67,8.12,70.43,0,0.85,46.3,1,77.56,93.34,96.46
2026-06-22T00:00:00+00:00,synthetic,fire,1,88,0.25,0,21.9,12.97,19.85,31.47,89.62,0.58,0.01,1094.76,313.35,0.45,100,2,0,24.67,0,6.1,92.73,48.14
2026-06-23T00:00:00+00:00,synthetic,fire,4,11,0.2,8.22,26.31,4.43,12.97,23.08,54.2,0.66,-0.08,589.46,1,2.47,86.04,0,0,44.74,3,32.63,82.21,80.84
2026-06-24T00:00:00+00:00,synthetic,fire,2,8,0.98,0,35.99,48.04,57.77,29.93,61.85,0.57,0.0,1493.52,36.7,1.34,86.91,0,0,32.9,1,13.94,79.61,62.87
2026-06-25T00:00:00+00:00,synthetic,other,2,24,0,34.92,33.7,27.89,36.89,29.94,88.62,0.02,0.19,1805.51,152.45,8.91,97.0,0,0,58.66,1,23.69,98.95,60.45
2026-06-26T00:00:00+00:00,synthetic,earthquake,4,52,0,64.41,35.08,17.54,25.1,23.2,58.22,0.16,-0.06,798.02,67.29,1.24,90.51,2,5.69,70.04,3,62.68,88.14,98.43
2026-06-27T00:00:00+00:00,synthetic,extreme_rain,1,7,33.55,146.74,78.82,11.12,22.0,28.77,39.98,4.17,0.46,1346.93,1,6.62,91.76,1,0,27.48,0,25.64,92.46,53.05
2026-06-28T00:00:00+00:00,synthetic,cyclone,3,5,24.61,334.29,97.26,100.9,131.4,19.36,82.45,6.23,0.81,648.18,175.81,0.46,77.24,5,0,70.86,2,76.91,92.79,98.92
2026-06-29T00:00:00+00:00,synthetic,flood,1,36,29.06,213.31,82.05,23.65,34.35,22.61,87.56,2.61,1.2,1020.58,61.57,9.7,62.82,2,0,28.76,0,38.39,85.78,76.5
2026-06-30T00:00:00+00:00,synthetic,fire,3,10,0,13.63,19.41,10.19,17.84,34.56,95.78,0,0.06,2049.5,122.74,1.82,40.45,5,0,22.16,2,25.94,82.96,78.62
2026-07-01T00:00:00+00:00,synthetic,earthquake,4,17,8.92,39.41,24.66,0.54,11.59,25.32,54.72,1.37,0.06,7547.79,46.18,0.46,33.85,1,2.35,42.24,3,44.48,79.32,96.43
2026-07-02T00:00:00+00:00,synthetic,flood,4,6,8.92,210.84,63.36,20.1,27.65,26.14,85.25,2.52,0.44,2032.86,133.82,11.88,83.07,1,0,0.99,3,52.49,80.2,85.92
2026-07-03T00:00:00+00:00,synthetic,extreme_rain,3,38,9.88,310.44,87.01,22.85,37.37,23.65,93.81,5.06,0.32,982.18,64.73,9.4,82.1,2,0,41.14,2,63.88,99.29,91.52
2026-07-04T00:00:00+00:00,synthetic,fire,3,40,0,0.55,31.39,34.67,34.67,29.62,77.1,0.48,0.06,792.41,116.48,7.53,85.3,5,0,24.06,2,24.71,76.55,57.5
2026-07-05T00:00:00+00:00,synthetic,landslide,3,7,17.84,115.77,43.2,13.97,24.07,24.63,71.49,0.97,0.55,1054.67,132.71,3.18,73.31,0,0.76,55.44,2,44.91,79.34,87.53
2026-07-06T00:00:00+00:00,synthetic,cyclone,4,85,58.36,31.14,39.62,124.5,158.89,28.21,52.68,5.07,1.75,346.96,372.54,5.41,77.7,1,0,0,3,37.28,90.2,97.23
2026-07-07T00:00:00+00:00,synthetic,landslide,3,76,30.37,258.44,99.02,15.84,23.16,25.5,72.17,1.16,0.25,2065.07,185.64,4.6,92.75,0,0.47,50.08,2,58.7,95.84,93.21
2026-07-08T00:00:00+00:00,synthetic,extreme_rain,1,58,22.59,129.86,45.85,36.49,61.79,33.34,40.49,1.94,0.72,2457.62,1,2.41,100,1,0,51.39,0,29.25,81.45,85.14
2026-07-09T00:00:00+00:00,synthetic,extreme_rain,2,15,13.85,47.22,19.2,17.95,27.81,24.93,76.53,5.19,0.35,4341.29,80.15,1.3,51.54,2,0,43.37,1,24.83,82.83,81.01
2026-07-10T00:00:00+00:00,synthetic,earthquake,1,59,1.85,37.91,19.84,11.43,15.0,21.48,92.98,2.05,-0.17,144.9,1,0.21,55.41,1,1.96,48.71,0,19.13,73.63,58.31
2026-07-11T00:00:00+00:00,synthetic,earthquake,1,3,5.41,59.87,49.12,0,12.77,28.36,58.92,0.23,-0.0,2164.69,135.28,8.56,33.19,0,3.28,28.86,0,22.21,96.24,63.88
2026-07-12T00:00:00+00:00,synthetic,fire,2,6,1.96,5.99,25.01,0,17.65,29.48,88.39,0.63,-0.03,1480.96,1,1.12,68.33,0,0,67.94,1,20.82,76.28,64.5
2026-07-13T00:00:00+00:00,synthetic,fire,3,9,1.1,2.18,20.67,24.89,34.43,24.55,91.81,0.38,0.02,1161.73,119.14,10.35,93.07,0,0,52.46,2,25.82,84.65,69.58
2026-07-14T00:00:00+00:00,synthetic,fire,3,26,0,1.46,22.25,22.15,25.18,29.56,41.13,0.02,-0.02,1117.96,122.57,0.78,100,2,0,18.04,2,20.92,85.74,74.26
2026-07-15T00:00:00+00:00,synthetic,flood,2,14,1.34,162.52,59.81,0,12.51,26.29,97.18,3.78,0.42,1622.45,189.9,0.63,87.81,0,0,30.82,1,35.16,82.11,54.46
2026-07-16T00:00:00+00:00,synthetic,fire,3,34,0,13.11,14.29,30.42,43.79,18.73,61.65,0.05,0.0,477.29,117.19,21.0,49.9,4,0,48.83,2,29.59,81.1,62.16
2026-07-17T00:00:00+00:00,synthetic,flood,1,15,41.79,0,29.03,2.69,23.04,25.61,49.76,2.57,0.93,664.12,8.71,1.51,89.53,0,0,72.31,0,17.66,80.01,59.49
2026-07-18T00:00:00+00:00,synthetic,landslide,2,45,18.85,296.17,100,3.09,6.71,34.29,41.66,1.8,0.04,1626.84,48.76,2.04,83.55,5,1.43,63.78,1,63.52,73.81,93.0
2026-07-19T00:00:00+00:00,synthetic,earthquake,3,20,3.29,49.8,17.11,4.51,12.19,23.73,65.89,0.53,0.35,1966.48,256.77,3.76,79.34,2,4.89,12.19,2,42.21,77.99,91.81
2026-07-20T00:00:00+00:00,synthetic,fire,2,43,1.45,4.66,17.58,25.38,27.37,30.52,44.89,0.34,0.03,785.99,211.71,9.04,55.12,9,0,64.66,1,27.54,91.39,62.04
2026-07-21T00:00:00+00:00,synthetic,flood,4,20,41.74,0,33.27,23.67,34.01,22.2,83.0,1.28,-0.12,1000.86,277.69,15.84,90.14,2,0,44.68,3,33.05,85.59,84.94
2026-07-22T00:00:00+00:00,synthetic,extreme_rain,2,55,20.66,145.85,55.63,33.92,50.78,27.35,60.04,1.89,-0.28,1580.2,139.07,9.16,61.97,0,0,51.39,1,33.33,78.44,83.63
2026-07-23T00:00:00+00:00,synthetic,fire,2,249,0.8,3.85,6.96,5.04,18.99,28.43,40.37,1.06,-0.04,1179.67,1,6.88,100,3,0,14.88,1,13.35,78.77,42.97
2026-07-24T00:00:00+00:00,synthetic,cyclone,1,12,92.32,393.41,100,154.22,196.55,29.56,66.07,3.66,0.45,1708.76,65.02,13.78,72.92,8,0,39.43,0,62.96,85.5,97.1
2026-07-25T00:00:00+00:00,synthetic,fire,1,9,0,12.16,29.05,14.51,21.21,9.66,58.56,0,-0.02,501.85,179.69,1.05,74.83,0,0,43.28,0,9.15,72.86,39.86
2026-07-26T00:00:00+00:00,synthetic,other,3,17,5.92,71.29,27.41,8.24,20.06,25.21,78.77,1.3,-0.02,1473.26,442.26,8.87,54.91,0,0.41,47.35,2,34.22,87.03,78.18
2026-07-27T00:00:00+00:00,synthetic,fire,2,66,1.2,3.13,24.46,17.17,31.14,34.56,37.01,0.41,0.11,240.0,175.61,7.17,89.18,1,0,21.66,1,13.64,92.98,51.38
2026-07-28T00:00:00+00:00,synthetic,cyclone,3,6,0,334.65,100,88.52,121.7,18.64,71.06,4.19,0.82,4801.47,130.17,1.72,79.35,0,0,80.38,2,74.73,84.47,99.25
2026-07-29T00:00:00+00:00,synthetic,other,3,42,8.99,0,18.43,0,0,27.39,49.86,1.84,0.06,1172.02,14.6,16.33,33.2,3,0.59,77.31,2,34.39,76.75,74.82
2026-07-30T00:00:00+00:00,synthetic,earthquake,4,11,1.74,2.77,12.78,9.48,19.06,21.56,45.26,0.92,-0.12,824.37,1,2.26,16.16,0,6.26,50.94,3,51.68,93.1,97.97
2026-07-31T00:00:00+00:00,synthetic,other,2,6,7.9,49.35,21.12,5.73,22.27,19.79,65.84,1.82,0.01,1237.18,1,10.85,35.75,1,0.99,40.91,1,25.13,70.34,68.46
2026-08-01T00:00:00+00:00,synthetic,landslide,3,35,22.16,293.48,78.31,15.42,20.31,34.23,69.05,3.12,-0.08,2003.72,210.04,10.7,61.17,1,1.04,86.6,2,70.33,86.28,95.47
2026-08-02T00:00:00+00:00,synthetic,extreme_rain,3,9,33.98,181.84,81.54,8.61,20.9,22.22,89.09,2.48,0.16,2501.81,267.14,4.45,62.68,1,0,34.07,2,45.58,79.83,85.33
2026-08-03T00:00:00+00:00,synthetic,extreme_rain,2,21,18.96,102.3,53.7,18.82,41.07,30.99,81.56,2.15,0.39,464.7,235.95,2.56,72.32,3,0,80.66,1,39.12,89.33,82.01
2026-08-04T00:00:00+00:00,synthetic,landslide,3,29,5.43,347.94,100,32.3,39.33,34.87,80.11,2.99,0.62,436.28,186.93,0.43,25.85,8,0.89,55.37,2,79.86,90.31,97.55
2026-08-05T00:00:00+00:00,synthetic,fire,2,139,0.7,12.97,11.71,16.49,24.3,34.73,60.11,0.28,-0.03,2715.94,121.39,9.02,90.44,1,0,55.67,1,20.22,87.43,69.5
2026-08-06T00:00:00+00:00,synthetic,cyclone,2,110,56.21,365.28,97.91,115.64,134.02,28.71,49.67,6.33,0.61,657.85,10.8,12.32,88.17,2,0,38.26,1,63.39,88.95,91.64
2026-08-07T00:00:00+00:00,synthetic,landslide,4,47,30.42,287.2,94.7,15.37,38.68,22.45,96.8,4.36,0.34,924.3,181.05,8.9,48.68,0,0,60.39,3,71.05,94.2,97.53
2026-08-08T00:00:00+00:00,synthetic,cyclone,4,51,53.78,451.85,100,67.83,93.07,32.07,96.4,0.93,0.53,3365.33,51.68,10.84,80.21,0,0,36.17,3,87.37,74.21,99.44
2026-08-09T00:00:00+00:00,synthetic,flood,2,5,23.04,215.77,72.12,41.4,52.11,27.35,64.77,4.5,0.98,1689.46,1,5.38,54.87,0,0,55.84,1,48.86,77.93,89.12
2026-08-10T00:00:00+00:00,synthetic,fire,2,5,2.42,9.92,2.41,42.67,58.33,33.57,86.14,0.07,-0.05,1372.09,1,2.49,73.81,2,0,73.6,1,23.79,97.39,77.24
2026-08-11T00:00:00+00:00,synthetic,fire,3,30,1.1,0,6.59,19.24,29.44,30.75,59.68,0.58,-0.01,281.64,1,4.68,65.02,7,0,82.65,2,36.43,91.47,94.04
2026-08-12T00:00:00+00:00,synthetic,fire,3,49,0,0,33.68,18.01,32.6,27.67,78.71,0.4,-0.04,1006.5,135.41,0.43,89.77,4,0,13.45,2,21.41,77.3,71.82
2026-08-13T00:00:00+00:00,synthetic,cyclone,3,38,0,105.76,43.41,110.74,150.79,23.45,93.42,1.02,1.07,417.9,1,0.2,94.45,3,0,49.36,2,45.31,97.84,96.35
2026-08-14T00:00:00+00:00,synthetic,landslide,4,20,30.05,349.96,100,19.71,29.44,24.89,40.38,0.43,0.33,525.91,424.32,2.59,61.01,3,1.31,58.34,3,84.47,83.42,97.67
2026-08-15T00:00:00+00:00,synthetic,cyclone,3,126,18.37,159.85,51.69,71.11,119.24,28.07,88.65,7.4,0.9,952.72,290.56,12.09,83.71,0,0,68.83,2,52.08,78.74,96.05
2026-08-16T00:00:00+00:00,synthetic,extreme_rain,3,98,27.11,0,12.09,33.14,45.72,25.93,71.31,7.45,0.66,560.1,167.18,49.74,84.34,1,0,23.92,2,24.39,98.18,35.86
2026-08-17T00:00:00+00:00,synthetic,flood,2,153,20.23,70.52,32.89,26.41,43.83,26.08,51.6,3.57,0.72,680.84,223.74,0.38,84.84,3,0,13.36,1,24.88,98.07,61.97
2026-08-18T00:00:00+00:00,synthetic,flood,3,19,4.31,114.01,59.11,19.23,52.4,31.19,49.18,6.61,0.29,5157.82,251.01,3.26,60.24,1,0,37.2,2,38.61,95.74,89.78
2026-08-19T00:00:00+00:00,synthetic,extreme_rain,2,6,34.59,171.04,64.43,25.97,39.94,26.66,58.47,6.65,0.39,832.93,199.92,12.4,40.16,0,0,42.61,1,38.15,83.73,71.38
2026-08-20T00:00:00+00:00,synthetic,earthquake,2,12,0,34.04,32.37,0,1.06,19.29,66.32,1.29,0.26,6513.81,1,9.22,99.73,0,1.73,29.88,1,23.97,97.28,74.63
2026-08-21T00:00:00+00:00,synthetic,other,3,6,9.89,55.39,38.3,9.22,18.94,24.03,73.56,0.67,0.02,771.92,92.71,33.83,89.59,6,0.5,55.89,2,39.08,99.48,63.81
2026-08-22T00:00:00+00:00,synthetic,landslide,2,31,24.22,234.04,78.68,2.63,10.45,24.55,69.89,2.75,0.22,518.85,88.45,2.7,100,1,1.3,35.33,1,48.26,70.94,82.34
2026-08-23T00:00:00+00:00,synthetic,extreme_rain,1,27,4.39,50.42,28.06,0,12.26,18.61,63.61,5.96,-0.03,2129.63,1,8.08,99.72,8,0,42.4,0,19.92,99.0,45.8
2026-08-24T00:00:00+00:00,synthetic,extreme_rain,2,75,0,187.43,78.11,13.31,25.35,23.83,63.61,1.36,0.37,2886.74,224.58,10.83,81.34,1,0,55.99,1,43.23,71.07,84.23
2026-08-25T00:00:00+00:00,synthetic,other,3,4,2.45,80.15,40.29,17.53,21.34,20.6,73.95,0,0.0,1479.8,207.97,1.74,50.51,6,0.72,23.68,2,36.86,71.37,74.28
2026-08-26T00:00:00+00:00,synthetic,extreme_rain,3,10,19.96,228.65,96.46,28.09,35.75,25.9,48.73,4.16,0.22,4123.19,16.6,5.23,94.14,1,0,29.14,2,50.56,80.05,88.86
2026-08-27T00:00:00+00:00,synthetic,flood,3,10,1.77,0,4.57,23.81,40.44,29.78,49.28,4.89,0.89,2103.01,1,2.47,69.13,1,0,62.07,2,32.42,88.62,78.28
2026-08-28T00:00:00+00:00,synthetic,other,2,17,4.88,0,9.7,24.06,31.17,32.4,73.44,0.3,0.14,291.64,142.0,2.64,61.21,0,0.56,23.74,1,14.68,74.54,66.25
2026-08-29T00:00:00+00:00,synthetic,extreme_rain,3,18,21.41,0,19.42,25.49,29.12,16.5,42.94,5.6,0.22,667.57,94.6,1.13,85.18,2,0,61.72,2,29.79,73.13,84.65
2026-08-30T00:00:00+00:00,synthetic,landslide,3,42,0,52.85,33.16,21.64,37.41,24.63,36.26,1.91,0.18,4317.1,76.82,2.54,100,0,1.0,68.29,2,38.53,94.57,95.53
2026-08-31T00:00:00+00:00,synthetic,fire,1,79,0.09,3.38,25.91,21.98,28.57,29.91,65.68,0.53,-0.01,791.31,65.66,6.76,69.76,0,0,65.94,0,12.23,87.22,64.96
2026-09-01T00:00:00+00:00,synthetic,fire,2,226,0,0.3,15.61,21.73,39.84,31.97,88.23,0.32,0.04,381.85,1,3.39,60.6,0,0,53.6,1,17.9,85.52,67.71
2026-09-02T00:00:00+00:00,synthetic,cyclone,1,27,32.1,538.0,100,104.18,122.75,34.35,58.79,4.25,0.68,3362.53,58.33,2.62,70.93,6,0,42.09,0,80.33,70.08,97.86
2026-09-03T00:00:00+00:00,synthetic,earthquake,1,46,3.53,19.97,31.84,20.3,31.92,25.25,48.08,0.83,-0.03,1543.47,119.22,47.13,74.98,1,4.56,57.44,0,27.05,97.5,47.2
2026-09-04T00:00:00+00:00,synthetic,fire,1,11,2.04,9.47,28.75,29.99,38.12,23.82,54.23,0.23,0.05,2350.08,163.76,1.61,100,1,0,37.04,0,8.87,81.07,65.46
2026-09-05T00:00:00+00:00,synthetic,landslide,2,45,16.06,131.0,65.64,10.37,21.65,35.56,73.3,1.17,0.05,582.13,183.98,2.09,71.09,3,0.89,74.44,1,42.45,95.64,83.78
2026-09-06T00:00:00+00:00,synthetic,extreme_rain,3,20,23.31,240.1,71.26,7.29,10.81,25.42,93.2,3.76,0.5,1972.63,152.3,1.59,88.94,4,0,23.59,2,54.78,79.02,81.88
2026-09-07T00:00:00+00:00,synthetic,cyclone,3,46,19.0,185.23,60.23,110.73,130.93,29.44,61.97,7.11,0.92,894.29,201.41,11.64,99.67,2,0,31.72,2,50.16,82.24,91.26
2026-09-08T00:00:00+00:00,synthetic,earthquake,4,183,4.2,23.14,7.18,17.56,32.89,23.15,82.74,1.05,0.01,3273.02,252.4,7.98,69.48,0,4.56,52.8,3,49.99,92.64,97.93
2026-09-09T00:00:00+00:00,synthetic,fire,2,54,2.93,4.58,29.43,17.55,21.99,31.54,65.88,0.75,-0.01,856.77,146.08,0.26,96.48,2,0,8.1,1,11.56,90.41,48.3
2026-09-10T00:00:00+00:00,synthetic,earthquake,3,46,3.18,35.16,24.62,0,1.25,31.17,86.61,0.29,0.21,755.0,1,3.76,94.37,0,5.21,16.64,2,39.89,74.87,95.56
2026-09-11T00:00:00+00:00,synthetic,flood,2,30,15.36,66.28,23.8,26.57,54.88,36.82,43.04,3.0,0.68,524.36,74.5,0.95,84.0,0,0,56.79,1,29.59,78.85,57.07
2026-09-12T00:00:00+00:00,synthetic,earthquake,2,50,5.32,51.71,41.42,5.38,23.62,25.64,56.27,0.9,0.03,2165.13,173.77,10.04,79.12,1,3.13,52.4,1,34.0,93.79,92.03
2026-09-13T00:00:00+00:00,synthetic,fire,1,23,0,4.9,44.39,37.1,48.14,26.31,84.03,0.34,0.02,710.82,1,5.56,60.01,0,0,59.5,0,11.38,88.9,56.04
2026-09-14T00:00:00+00:00,synthetic,flood,1,53,0,304.24,74.32,25.17,49.72,33.48,73.22,1.18,0.26,869.63,67.49,0.57,69.54,2,0,41.88,0,46.96,76.52,89.27
2026-09-15T00:00:00+00:00,synthetic,cyclone,3,215,32.85,737.34,100,89.8,135.13,25.41,88.43,2.79,0.96,770.24,1,1.87,56.9,2,0,22.23,2,100,79.81,99.53
2026-09-16T00:00:00+00:00,synthetic,other,4,4,7.24,20.48,21.34,10.35,16.67,23.58,39.38,1.3,0.15,3271.38,1,3.97,80.46,5,0.69,9.14,3,34.91,81.56,87.61
2026-09-17T00:00:00+00:00,synthetic,flood,3,70,43.0,199.8,79.03,18.24,25.42,27.62,47.91,0.7,0.79,1423.76,1,9.68,94.05,0,0,33.49,2,49.96,71.65,88.25
2026-09-18T00:00:00+00:00,synthetic,extreme_rain,3,17,20.82,18.94,31.95,29.03,38.23,31.44,81.73,3.48,0.35,1009.99,8.43,1.6,89.03,5,0,50.89,2,33.21,75.06,82.03
2026-09-19T00:00:00+00:00,synthetic,extreme_rain,3,8,46.63,0,38.14,7.43,10.86,22.85,57.57,2.08,0.55,5732.09,44.37,6.75,41.44,0,0,81.67,2,33.45,71.79,88.02
2026-09-20T00:00:00+00:00,synthetic,earthquake,4,63,5.62,30.73,30.2,3.28,4.38,29.68,48.35,1.03,0.12,2089.35,45.99,3.72,54.89,0,6.6,50.2,3,57.11,97.85,99.3
2026-09-21T00:00:00+00:00,synthetic,fire,3,3,0.07,10.12,4.58,40.89,57.83,29.25,75.79,0.42,-0.0,740.27,129.13,9.75,82.56,7,0,77.67,2,36.79,73.06,86.13
2026-09-22T00:00:00+00:00,synthetic,landslide,3,79,14.87,63.42,23.0,18.73,28.51,29.07,48.43,4.61,0.15,2252.69,28.13,17.16,54.95,4,1.11,34.12,2,37.06,73.52,88.98
2026-09-23T00:00:00+00:00,synthetic,flood,2,10,40.96,299.73,97.75,17.52,31.25,22.95,50.13,5.17,0.24,1007.28,4.63,10.25,86.5,0,0,54.34,1,54.96,70.74,84.46
2026-09-24T00:00:00+00:00,synthetic,landslide,1,89,23.15,144.99,56.3,18.27,23.8,29.82,62.24,3.25,0.15,2703.99,1,6.32,45.3,10,0.83,44.46,0,36.65,72.61,70.0
2026-09-25T00:00:00+00:00,synthetic,earthquake,3,12,7.45,32.8,29.98,4.46,21.06,30.04,92.14,0.91,0.15,639.39,1,13.71,81.21,3,4.46,37.19,2,43.17,75.87,88.87
2026-09-26T00:00:00+00:00,synthetic,flood,4,264,17.7,46.84,39.17,13.56,23.32,23.19,62.6,5.18,0.77,1122.46,153.52,4.14,96.38,2,0,48.66,3,43.82,79.46,91.41
2026-09-27T00:00:00+00:00,synthetic,landslide,2,10,25.31,179.21,76.54,0,10.4,39.08,91.07,2.66,0.58,3772.21,88.91,7.16,67.68,0,0.64,50.18,1,43.37,70.44,82.57
2026-09-28T00:00:00+00:00,synthetic,fire,1,6,1.19,7.92,16.37,27.02,38.6,36.83,60.59,0.73,0.03,723.64,138.89,3.54,78.04,0,0,26.37,0,5.86,98.4,41.43
2026-09-29T00:00:00+00:00,synthetic,extreme_rain,3,20,35.79,105.11,63.88,24.76,30.58,25.77,43.35,5.51,0.12,729.21,1,18.32,53.66,3,0,60.73,2,42.56,88.45,84.43
2026-09-30T00:00:00+00:00,synthetic,cyclone,1,27,16.0,189.82,63.49,84.16,127.79,24.73,61.2,0.21,0.44,875.89,153.75,6.47,44.59,1,0,17.44,0,28.94,71.25,89.32
2026-10-01T00:00:00+00:00,synthetic,landslide,2,14,17.84,27.48,22.95,26.88,27.97,31.98,73.75,1.63,0.07,1102.65,68.69,10.56,63.27,3,1.47,27.07,1,23.35,88.62,82.66
2026-10-02T00:00:00+00:00,synthetic,landslide,2,171,21.93,271.19,93.55,25.65,37.8,29.25,87.38,3.16,0.15,340.47,294.84,4.61,85.11,3,0,17.38,1,46.84,89.5,83.26
2026-10-03T00:00:00+00:00,synthetic,landslide,3,46,22.4,297.6,90.58,13.14,27.76,30.19,95.31,1.0,0.6,152.24,89.2,1.14,99.34,0,0,15.97,2,57.56,88.79,93.75
2026-10-04T00:00:00+00:00,synthetic,cyclone,3,20,0,93.78,38.01,40.2,64.56,20.03,60.71,1.5,0.87,1157.96,1,8.77,86.1,0,0,28.61,2,36.75,73.12,90.4
2026-10-05T00:00:00+00:00,synthetic,earthquake,2,9,1.22,0,17.02,17.5,37.65,30.31,38.97,0.44,0.12,4016.89,101.54,11.61,63.05,1,4.67,38.24,1,30.28,70.3,90.39
2026-10-06T00:00:00+00:00,synthetic,flood,3,44,0,59.47,11.23,7.43,38.53,22.9,89.68,3.84,0.12,949.33,79.48,15.63,86.19,0,0,47.4,2,32.27,78.49,81.37
2026-10-07T00:00:00+00:00,synthetic,other,4,6,2.63,66.41,27.23,4.31,4.31,35.5,67.74,0.46,0.11,1644.15,90.85,3.32,62.52,0,0,36.73,3,39.14,85.79,89.9
2026-10-08T00:00:00+00:00,synthetic,earthquake,4,73,5.96,28.87,25.47,12.65,25.07,30.2,57.69,1.79,-0.14,1400.8,164.5,1.95,61.03,1,5.79,51.24,3,54.17,96.31,97.99
2026-10-09T00:00:00+00:00,synthetic,cyclone,3,13,53.52,254.34,94.1,65.8,89.96,37.05,83.89,6.8,0.82,640.38,82.04,12.1,66.82,4,0,67.56,2,65.97,96.62,97.93
2026-10-10T00:00:00+00:00,synthetic,other,2,22,9.66,27.17,16.81,28.15,42.8,28.8,72.31,0.8,-0.04,443.6,218.44,3.24,92.58,5,0.05,27.14,1,20.11,72.92,56.16
2026-10-11T00:00:00+00:00,synthetic,earthquake,2,5,8.83,24.1,9.18,9.02,20.71,30.16,69.35,1.63,-0.19,781.44,148.81,4.35,88.19,0,5.93,29.55,1,33.05,95.61,90.1
2026-10-12T00:00:00+00:00,synthetic,landslide,4,56,0,262.13,89.52,27.14,35.42,26.7,90.82,0.98,0.12,1312.81,151.96,0.69,69.85,0,0.77,59.81,3,69.14,72.77,97.37
2026-10-13T00:00:00+00:00,synthetic,extreme_rain,3,4,13.87,216.26,80.02,9.77,29.81,25.69,49.24,3.75,0.69,1224.56,1,0.2,53.57,0,0,63.4,2,56.81,78.3,90.2
2026-10-14T00:00:00+00:00,synthetic,flood,1,46,25.82,159.33,55.03,18.96,35.23,26.03,72.76,2.05,0.79,1677.69,55.92,2.61,34.82,2,0,40.06,0,31.89,84.66,76.24
2026-10-15T00:00:00+00:00,synthetic,cyclone,2,15,21.66,389.96,100,117.38,156.56,28.77,95.8,5.38,0.53,716.95,140.99,9.88,57.51,0,0,53.85,1,67.16,74.58,97.58
2026-10-16T00:00:00+00:00,synthetic,extreme_rain,2,12,24.97,132.43,48.22,15.88,41.79,18.59,84.56,6.94,0.42,830.1,1,5.24,100,1,0,49.43,1,35.71,87.28,72.63
2026-10-17T00:00:00+00:00,synthetic,other,4,18,0,108.55,43.46,5.85,6.34,22.74,56.12,0.77,-0.17,2136.96,112.03,22.78,40.73,0,0.35,74.0,3,50.53,93.19,88.29
2026-10-18T00:00:00+00:00,synthetic,flood,3,82,30.71,341.08,100,36.16,59.82,30.29,56.36,3.33,0.92,1728.7,96.42,3.2,47.51,4,0,58.18,2,75.22,80.36,96.12
2026-10-19T00:00:00+00:00,synthetic,fire,4,52,3.19,7.06,14.85,3.41,18.64,26.8,35.63,0.43,-0.02,1686.22,26.05,12.85,51.47,2,0,56.7,3,36.54,77.59,83.64
2026-10-20T00:00:00+00:00,synthetic,earthquake,1,313,1.4,41.36,33.75,4.87,7.07,22.18,69.91,0.88,-0.18,434.98,2.98,5.83,64.98,0,4.53,67.19,0,29.77,95.01,88.57
2026-10-21T00:00:00+00:00,synthetic,extreme_rain,3,10,0,54.69,38.92,25.56,33.56,28.65,35.44,5.34,0.58,1174.75,65.56,0.33,37.73,0,0,73.41,2,38.7,81.73,86.29
2026-10-22T00:00:00+00:00,synthetic,fire,3,24,0.55,4.85,11.77,41.62,61.3,31.41,90.78,0.08,-0.04,1684.86,186.94,20.8,87.76,0,0,38.92,2,23.4,83.66,50.77
2026-10-23T00:00:00+00:00,synthetic,extreme_rain,3,10,6.88,158.5,74.87,10.38,21.49,36.44,85.08,0.16,0.82,2378.57,1,9.14,75.29,2,0,42.16,2,48.31,92.57,86.15
2026-10-24T00:00:00+00:00,synthetic,fire,2,11,1.41,6.31,16.06,20.29,37.7,25.07,89.43,0,-0.03,5733.53,75.02,5.39,41.24,2,0,63.56,1,21.66,73.04,88.36
2026-10-25T00:00:00+00:00,synthetic,cyclone,1,73,64.86,348.16,100,148.7,165.07,23.95,57.54,4.29,0.67,1431.98,308.0,0.2,87.47,1,0,35.63,0,52.35,83.2,95.2
2026-10-26T00:00:00+00:00,synthetic,other,2,15,7.45,73.02,40.99,16.16,30.02,30.8,95.37,1.81,0.24,1096.72,41.74,2.0,72.41,9,0.06,7.12,1,26.63,81.61,65.38
2026-10-27T00:00:00+00:00,synthetic,fire,4,35,0.33,10.46,4.71,18.41,31.98,30.63,63.09,0.6,-0.01,3587.59,1,7.17,95.74,4,0,39.83,3,35.59,72.04,88.56
2026-10-28T00:00:00+00:00,synthetic,flood,3,8,11.55,52.85,44.06,19.56,31.93,32.76,79.29,2.9,0.48,943.32,1,27.14,66.4,0,0,18.41,2,28.07,81.21,63.08
2026-10-29T00:00:00+00:00,synthetic,flood,3,43,5.8,202.48,76.27,21.74,21.96,23.96,93.03,0.79,0.36,3229.7,182.94,3.98,82.53,0,0,3.88,2,42.79,76.36,89.07
2026-10-30T00:00:00+00:00,synthetic,extreme_rain,3,27,15.14,211.54,82.04,21.02,27.13,31.44,58.04,4.18,0.97,1881.97,1,9.21,45.55,4,0,41.67,2,56.93,84.75,94.57
2026-10-31T00:00:00+00:00,synthetic,cyclone,1,85,13.27,531.95,100,118.44,151.15,34.91,62.54,2.85,0.22,285.35,153.91,5.77,47.27,0,0,43.68,0,72.8,80.34,98.08
2026-11-01T00:00:00+00:00,synthetic,earthquake,3,13,0,20.45,32.75,22.72,23.77,32.84,65.9,0.33,-0.19,616.19,1,6.72,38.28,2,6.3,31.84,2,43.72,96.55,97.8
2026-11-02T00:00:00+00:00,synthetic,earthquake,2,28,7.94,45.87,12.42,11.32,27.74,39.41,46.28,0.31,0.02,1538.83,232.02,0.56,73.39,0,4.23,44.26,1,34.26,84.59,89.33
2026-11-03T00:00:00+00:00,synthetic,cyclone,2,137,34.01,594.58,100,53.25,65.04,26.11,86.84,3.34,1.22,1608.72,74.95,0.2,68.25,4,0,40.43,1,95.95,82.16,98.64
2026-11-04T00:00:00+00:00,synthetic,earthquake,2,10,6.38,32.43,11.88,10.41,17.19,22.53,84.63,0.38,-0.15,1530.14,1,4.64,52.85,0,5.12,44.74,1,34.57,97.62,91.17
2026-11-05T00:00:00+00:00,synthetic,earthquake,3,27,0.21,37.96,13.3,0,8.4,23.12,93.92,2.17,0.09,285.34,1,1.42,59.46,0,4.36,75.57,2,47.68,88.03,97.7
2026-11-06T00:00:00+00:00,synthetic,extreme_rain,3,27,41.67,19.74,40.06,0,17.46,30.78,96.35,4.19,0.62,715.86,51.32,0.36,88.56,2,0,70.95,2,35.85,79.45,85.11
2026-11-07T00:00:00+00:00,synthetic,other,2,3,4.29,21.06,38.57,15.66,21.92,22.28,59.57,1.66,-0.03,1967.74,1,34.18,90.93,2,0.17,45.17,1,20.62,85.48,30.68
2026-11-08T00:00:00+00:00,synthetic,other,1,51,1.73,40.33,16.75,12.12,23.78,28.75,60.15,1.76,0.04,1382.83,137.11,2.49,82.84,1,0.26,25.19,0,11.13,94.4,45.19
2026-11-09T00:00:00+00:00,synthetic,cyclone,2,57,36.94,166.86,65.78,79.38,126.82,25.95,85.19,7.33,1.61,1404.71,264.76,29.86,68.29,5,0,61.8,1,51.19,90.62,86.99
2026-11-10T00:00:00+00:00,synthetic,flood,2,45,0,80.47,36.88,25.05,36.86,28.84,35.49,3.41,0.31,1109.46,65.22,3.38,67.12,4,0,62.43,1,33.64,92.99,72.24
2026-11-11T00:00:00+00:00,synthetic,other,1,3,8.74,74.14,45.95,23.96,31.98,25.49,38.9,0.54,-0.05,903.56,88.07,21.73,88.93,5,0.06,39.17,0,19.9,94.16,31.75
2026-11-12T00:00:00+00:00,synthetic,landslide,4,3,43.34,447.13,100,12.25,25.92,24.38,47.98,0.58,0.15,1264.65,122.21,0.56,43.72,3,0,60.38,3,91.66,97.35,98.4
2026-11-13T00:00:00+00:00,synthetic,extreme_rain,2,52,15.23,117.22,34.86,40.09,62.91,25.35,66.39,3.3,-0.21,506.86,29.56,0.89,100,3,0,74.11,1,36.78,88.59,87.68
2026-11-14T00:00:00+00:00,synthetic,extreme_rain,3,9,19.91,118.56,37.87,12.14,29.48,35.97,87.53,0.83,0.49,2738.58,3.07,6.46,62.23,4,0,48.54,2,44.62,76.33,92.15
2026-11-15T00:00:00+00:00,synthetic,extreme_rain,4,36,16.98,229.49,97.01,23.45,25.87,22.67,79.86,4.43,0.18,953.71,1,5.04,61.63,4,0,9.91,3,57.41,74.06,94.58
2026-11-16T00:00:00+00:00,synthetic,landslide,3,22,9.03,102.58,42.09,16.35,29.61,27.38,61.09,0.6,0.18,1649.25,1,1.24,64.04,4,1.62,69.15,2,49.73,92.12,92.79
2026-11-17T00:00:00+00:00,synthetic,other,3,45,3.85,10.75,19.55,5.02,5.52,19.31,45.85,1.2,0.04,4064.73,1,11.9,74.87,3,0,73.96,2,33.22,96.69,84.04
2026-11-18T00:00:00+00:00,synthetic,other,2,13,0,99.21,67.37,14.95,23.39,28.98,36.91,2.12,0.04,493.21,79.96,6.18,64.69,2,0.41,7.97,1,24.37,82.74,73.66
2026-11-19T00:00:00+00:00,synthetic,flood,2,227,23.23,95.56,40.78,13.52,43.08,32.96,84.07,6.33,-0.17,1052.59,111.5,0.42,51.86,1,0,13.35,1,21.83,75.48,72.68
2026-11-20T00:00:00+00:00,synthetic,landslide,3,19,16.32,196.59,63.16,19.88,34.1,27.86,62.17,2.44,0.05,1450.54,64.52,16.67,92.78,7,0.79,30.01,2,53.18,78.99,84.21
2026-11-21T00:00:00+00:00,synthetic,cyclone,3,99,0,74.84,51.74,9.63,38.33,30.8,63.18,6.13,0.87,1674.31,1,0.2,100,4,0,29.81,2,37.89,78.14,89.79
2026-11-22T00:00:00+00:00,synthetic,extreme_rain,2,110,14.78,291.5,100,36.24,52.08,26.28,37.8,5.94,0.44,1181.47,150.47,4.59,77.39,2,0,2.53,1,47.23,80.27,93.85
2026-11-23T00:00:00+00:00,synthetic,flood,1,40,4.0,29.82,26.11,26.98,49.56,27.09,74.41,4.37,-0.89,4118.95,78.94,13.4,97.56,0,0,74.71,0,12.6,76.18,50.0
2026-11-24T00:00:00+00:00,synthetic,earthquake,2,87,0,3.77,9.93,16.09,32.55,31.44,41.91,0.95,-0.02,794.59,1,4.9,65.82,1,4.13,48.11,1,30.22,97.87,93.9
2026-11-25T00:00:00+00:00,synthetic,landslide,4,20,12.14,28.66,34.75,10.96,14.54,24.51,45.13,3.07,0.14,443.99,197.53,1.96,34.13,2,0.59,89.15,3,47.56,82.09,92.46
2026-11-26T00:00:00+00:00,synthetic,earthquake,2,111,9.16,51.95,45.0,18.39,41.2,27.66,44.82,0.96,0.27,797.91,1,12.25,96.19,1,3.6,55.6,1,37.2,81.64,89.69
2026-11-27T00:00:00+00:00,synthetic,extreme_rain,3,13,5.91,40.95,38.55,16.06,19.26,24.82,43.17,0.99,0.7,1423.33,1,3.61,59.11,4,0,73.14,2,40.76,72.61,81.65
2026-11-28T00:00:00+00:00,synthetic,flood,3,47,33.55,132.22,62.13,11.19,22.95,28.57,54.98,2.72,0.5,1480.58,1,3.63,59.69,2,0,36.49,2,42.55,78.25,86.1
2026-11-29T00:00:00+00:00,synthetic,cyclone,3,182,103.12,131.16,40.67,152.68,187.57,28.27,97.11,4.4,0.44,1155.03,294.72,3.01,72.2,0,0,37.6,2,40.68,77.37,96.93
2026-11-30T00:00:00+00:00,synthetic,extreme_rain,2,38,15.99,188.11,62.43,0,12.29,24.82,94.15,4.35,0.32,2352.92,100.63,4.81,55.47,4,0,35.95,1,41.86,72.67,86.36
2026-12-01T00:00:00+00:00,synthetic,extreme_rain,1,110,0,178.52,64.45,23.24,41.14,27.32,36.78,1.04,0.43,1092.45,84.03,4.49,55.99,2,0,16.46,0,28.13,70.46,81.35
2026-12-02T00:00:00+00:00,synthetic,other,2,69,8.74,53.89,43.07,17.2,27.38,21.31,44.28,1.53,-0.08,3303.53,1,1.23,54.28,4,0.7,67.45,1,31.5,78.66,84.04
2026-12-03T00:00:00+00:00,synthetic,extreme_rain,4,12,22.43,31.11,20.65,27.44,27.44,27.28,90.69,4.67,0.32,2573.32,50.07,8.16,37.56,0,0,34.44,3,35.52,97.91,91.65
2026-12-04T00:00:00+00:00,synthetic,extreme_rain,3,37,2.54,190.21,56.14,16.42,26.26,18.2,71.58,3.78,-0.17,1117.99,1,20.07,96.4,1,0,20.11,2,42.38,86.3,80.76
2026-12-05T00:00:00+00:00,synthetic,flood,3,86,10.98,213.58,69.82,5.96,8.35,18.49,63.34,5.53,0.21,1106.4,233.42,8.34,55.8,5,0,60.42,2,57.57,89.91,93.34
2026-12-06T00:00:00+00:00,synthetic,earthquake,3,7,7.51,0,27.29,12.55,16.75,27.82,40.88,0.09,-0.17,953.23,29.36,4.51,58.72,4,2.18,47.41,2,33.42,89.93,84.14
2026-12-07T00:00:00+00:00,synthetic,landslide,2,63,0,242.16,72.78,21.69,33.14,21.06,45.55,1.25,0.38,378.49,1,14.72,71.66,0,1.34,52.2,1,52.36,88.86,85.52
2026-12-08T00:00:00+00:00,synthetic,cyclone,3,7,49.43,545.51,100,83.62,132.31,21.62,39.31,1.28,1.56,2259.81,23.41,9.89,90.59,0,0,53.26,2,98.85,90.85,99.11
2026-12-09T00:00:00+00:00,synthetic,cyclone,2,64,12.02,224.5,72.02,128.18,150.0,24.57,44.98,4.72,1.23,193.15,1,0.2,33.77,1,0,33.04,1,47.83,88.29,97.51
2026-12-10T00:00:00+00:00,synthetic,extreme_rain,3,96,0,81.0,45.78,24.7,28.83,30.17,38.9,6.43,0.42,1306.9,230.61,7.65,100,0,0,59.69,2,38.54,90.31,77.73
2026-12-11T00:00:00+00:00,synthetic,cyclone,3,59,9.87,368.72,100,90.93,126.27,25.74,54.68,6.04,0.64,1350.5,1,0.2,76.28,12,0,58.17,2,83.52,73.27,98.97
2026-12-12T00:00:00+00:00,synthetic,extreme_rain,1,1,28.8,208.5,81.6,32.66,51.63,34.92,82.57,4.79,1.21,831.16,25.25,11.5,75.52,0,0,58.77,0,41.65,92.38,69.76
2026-12-13T00:00:00+00:00,synthetic,flood,2,15,32.52,74.12,38.84,32.35,42.06,29.13,58.05,5.67,0.59,332.83,139.05,2.44,72.9,4,0,57.16,1,33.32,81.93,76.19
2026-12-14T00:00:00+00:00,synthetic,fire,2,30,0.93,10.96,12.56,31.02,47.36,27.24,86.69,0.44,-0.05,2092.03,1,2.59,62.12,4,0,58.4,1,22.78,76.48,77.78
2026-12-15T00:00:00+00:00,synthetic,flood,2,124,11.47,0,24.61,26.78,41.43,25.47,53.85,2.72,0.51,683.83,1,8.69,58.06,0,0,29.57,1,15.86,89.66,65.18
2026-12-16T00:00:00+00:00,synthetic,flood,4,12,19.57,217.38,59.46,11.77,23.24,29.17,94.87,2.42,1.13,1505.14,277.02,18.6,84.63,0,0,56.06,3,65.81,81.73,88.71
2026-12-17T00:00:00+00:00,synthetic,earthquake,1,11,6.44,17.75,25.46,5.87,5.87,33.15,67.28,0.76,0.11,1228.69,1,10.38,67.97,0,4.66,57.16,0,26.95,97.34,78.86
2026-12-18T00:00:00+00:00,synthetic,extreme_rain,1,63,7.79,79.46,63.94,27.26,45.92,20.83,50.68,5.74,0.67,1031.07,134.67,20.81,75.56,5,0,48.9,0,25.7,76.29,47.38
2026-12-19T00:00:00+00:00,synthetic,landslide,4,87,27.45,237.37,83.32,16.44,16.44,34.98,69.69,1.64,0.37,4123.43,1,41.47,61.62,0,0.49,20.57,3,59.51,85.96,83.29
2026-12-20T00:00:00+00:00,synthetic,cyclone,4,21,65.41,161.47,53.46,66.5,89.79,28.61,45.23,4.81,0.46,1362.21,126.64,2.35,100,5,0,7.17,3,50.96,97.19,93.12
2026-12-21T00:00:00+00:00,synthetic,landslide,2,8,56.25,176.73,73.25,38.04,44.12,27.18,52.83,3.97,0.47,479.94,175.41,4.65,86.52,4,0.53,41.53,1,43.85,72.71,84.42
2026-12-22T00:00:00+00:00,synthetic,fire,1,47,0.54,9.69,20.72,10.74,17.38,24.51,94.88,0.64,0.02,853.75,81.29,2.49,79.43,0,0,30.87,0,6.83,81.07,41.88
2026-12-23T00:00:00+00:00,synthetic,flood,1,33,18.57,0,26.41,24.91,35.96,28.02,47.3,2.17,0.16,703.5,187.02,2.98,60.04,3,0,61.84,0,14.31,94.98,57.05
2026-12-24T00:00:00+00:00,synthetic,fire,2,150,2.16,5.73,1.79,16.35,29.21,26.43,46.06,0.65,-0.05,5529.38,74.37,9.75,68.25,1,0,39.57,1,16.37,91.74,70.81
2026-12-25T00:00:00+00:00,synthetic,extreme_rain,3,14,16.33,139.86,70.67,19.29,35.19,27.55,43.23,0,0.39,1902.19,117.08,2.1,85.61,2,0,52.73,2,45.84,95.38,81.71
2026-12-26T00:00:00+00:00,synthetic,cyclone,3,17,61.04,229.2,74.66,108.26,133.54,23.48,87.97,8.53,0.83,1137.03,1,11.6,91.49,2,0,55.95,2,59.31,78.99,97.02
2026-12-27T00:00:00+00:00,synthetic,cyclone,1,9,78.38,226.05,71.47,96.43,152.08,24.33,77.5,4.5,0.72,3596.0,150.05,4.94,84.16,5,0,20.45,0,38.41,86.24,90.69
2026-12-28T00:00:00+00:00,synthetic,flood,4,46,25.12,124.66,49.38,0,12.86,32.28,66.55,5.12,0.87,2031.36,128.69,4.08,65.88,1,0,38.77,3,51.06,84.65,87.57
2026-12-29T00:00:00+00:00,synthetic,fire,2,40,1.97,9.26,10.78,31.62,44.06,21.05,39.69,0.19,-0.07,1137.33,91.76,29.79,42.18,6,0,35.48,1,19.97,79.37,46.86
2026-12-30T00:00:00+00:00,synthetic,extreme_rain,3,15,38.95,0,29.64,18.72,25.46,19.2,93.03,3.71,-0.05,1930.59,1,0.37,46.87,1,0,76.09,2,30.25,76.97,88.11
2026-12-31T00:00:00+00:00,synthetic,landslide,4,51,19.7,396.18,100,30.02,49.21,30.53,44.18,3.15,0.05,972.05,165.22,18.55,95.91,2,0.94,41.99,3,83.75,97.05,97.47
2027-01-01T00:00:00+00:00,synthetic,flood,3,237,28.51,319.54,93.95,16.38,34.17,23.15,40.56,6.79,-0.01,1814.79,1,7.79,59.5,0,0,64.51,2,65.92,93.67,95.79
2027-01-02T00:00:00+00:00,synthetic,earthquake,3,5,3.03,63.65,33.11,12.01,12.01,24.96,67.37,1.17,0.07,1203.0,126.03,3.4,58.77,3,3.65,70.32,2,49.97,88.76,94.72
2027-01-03T00:00:00+00:00,synthetic,cyclone,2,10,63.69,355.58,100,98.1,123.84,25.58,36.8,2.05,0.7,467.36,108.4,7.18,67.03,0,0,23.76,1,58.43,99.86,92.64
2027-01-04T00:00:00+00:00,synthetic,cyclone,2,38,29.78,401.03,100,124.94,150.69,30.16,36.08,4.41,0.58,1167.52,420.84,1.48,47.66,1,0,16.44,1,62.79,97.47,96.9
2027-01-05T00:00:00+00:00,synthetic,extreme_rain,3,26,18.44,174.47,74.05,23.41,28.01,26.69,87.27,2.96,0.66,470.89,200.83,4.08,85.04,1,0,74.51,2,54.45,70.76,93.53
2027-01-06T00:00:00+00:00,synthetic,fire,2,8,0,13.08,21.96,19.09,20.79,39.23,67.58,0.34,0.04,628.74,74.08,1.97,93.2,6,0,54.1,1,24.3,85.42,74.87
2027-01-07T00:00:00+00:00,synthetic,flood,3,45,43.28,147.02,68.02,40.1,40.1,36.35,45.89,4.96,-0.15,374.75,21.7,4.72,60.9,3,0,68.79,2,47.67,80.06,95.78
2027-01-08T00:00:00+00:00,synthetic,cyclone,2,7,22.85,202.65,77.52,77.66,100.35,14.33,38.85,4.78,-0.25,3167.83,1,2.17,76.6,0,0,28.62,1,36.24,96.09,89.22
2027-01-09T00:00:00+00:00,synthetic,landslide,3,85,18.94,75.97,19.13,10.9,20.98,35.6,79.33,1.03,0.34,3369.88,324.28,0.64,59.32,4,0.64,54.7,2,41.78,70.84,83.87
